match_id,season,match_date,kickoff_time,division,home_team_id,away_team_id,home_team_name,away_team_name,home_goals,away_goals,result,ht_home_goals,ht_away_goals,ht_result,referee,home_shots,away_shots,home_shots_on_target,away_shots_on_target,home_fouls,away_fouls,home_corners,away_corners,home_yellows,away_yellows,home_reds,away_reds
1,2018/19,2018-08-10,,E0,21,17,Man United,Leicester,2,1,H,1,0,H,A Marriner,8,13,6,4,11,8,2,5,2,1,0,0
2,2018/19,2018-08-11,,E0,3,7,Bournemouth,Cardiff,2,0,H,1,0,H,K Friend,12,10,4,1,11,9,7,4,1,1,0,0
3,2018/19,2018-08-11,,E0,12,10,Fulham,Crystal Palace,0,2,A,0,1,A,M Dean,15,10,6,9,9,11,5,5,1,2,0,0
4,2018/19,2018-08-11,,E0,13,8,Huddersfield,Chelsea,0,3,A,0,2,A,C Kavanagh,6,13,1,4,9,8,2,5,2,1,0,0
5,2018/19,2018-08-11,,E0,22,27,Newcastle,Tottenham,1,2,A,1,2,A,M Atkinson,15,15,2,5,11,12,3,5,2,2,0,0
6,2018/19,2018-08-11,,E0,29,5,Watford,Brighton,2,0,H,1,0,H,J Moss,19,6,5,0,10,16,8,2,2,2,0,0
7,2018/19,2018-08-11,,E0,32,11,Wolves,Everton,2,2,D,1,1,D,C Pawson,11,6,4,5,8,7,3,6,0,1,0,1
8,2018/19,2018-08-12,,E0,1,20,Arsenal,Man City,0,2,A,0,1,A,M Oliver,9,17,3,8,11,14,2,9,2,2,0,0
9,2018/19,2018-08-12,,E0,18,31,Liverpool,West Ham,4,0,H,2,0,H,A Taylor,18,5,8,2,14,9,5,4,1,2,0,0
10,2018/19,2018-08-12,,E0,26,6,Southampton,Burnley,0,0,D,0,0,D,G Scott,18,16,3,6,10,9,8,5,0,1,0,0
11,2018/19,2018-08-18,,E0,7,22,Cardiff,Newcastle,0,0,D,0,0,D,C Pawson,12,12,1,6,14,16,5,5,2,2,0,1
12,2018/19,2018-08-18,,E0,8,1,Chelsea,Arsenal,3,2,H,2,2,D,M Atkinson,24,15,11,6,12,9,5,1,0,2,0,0
13,2018/19,2018-08-18,,E0,11,26,Everton,Southampton,2,1,H,2,0,H,L Mason,13,15,7,4,8,20,2,5,0,5,0,0
14,2018/19,2018-08-18,,E0,17,32,Leicester,Wolves,2,0,H,2,0,H,M Dean,6,11,2,3,10,8,1,9,2,1,1,0
15,2018/19,2018-08-18,,E0,27,12,Tottenham,Fulham,3,1,H,1,0,H,A Taylor,25,10,11,3,9,5,5,2,0,0,0,0
16,2018/19,2018-08-18,,E0,31,3,West Ham,Bournemouth,1,2,A,1,0,H,S Attwell,11,12,5,5,14,10,6,4,6,2,0,0
17,2018/19,2018-08-19,,E0,5,21,Brighton,Man United,3,2,H,3,1,H,K Friend,6,9,3,3,16,13,3,5,1,1,0,0
18,2018/19,2018-08-19,,E0,6,29,Burnley,Watford,1,3,A,1,1,D,P Tierney,8,9,3,6,8,19,5,2,1,2,0,0
19,2018/19,2018-08-19,,E0,20,13,Man City,Huddersfield,6,1,H,3,1,H,A Marriner,32,5,14,1,9,4,10,3,0,2,0,0
20,2018/19,2018-08-20,,E0,10,18,Crystal Palace,Liverpool,0,2,A,0,1,A,M Oliver,8,16,2,6,6,13,6,7,1,1,1,0
21,2018/19,2018-08-25,,E0,1,31,Arsenal,West Ham,3,1,H,1,1,D,G Scott,17,13,10,5,16,13,10,2,1,3,0,0
22,2018/19,2018-08-25,,E0,3,11,Bournemouth,Everton,2,2,D,0,0,D,L Probert,17,11,5,3,12,10,6,2,0,3,1,1
23,2018/19,2018-08-25,,E0,13,7,Huddersfield,Cardiff,0,0,D,0,0,D,M Oliver,5,14,1,4,8,10,7,7,0,1,1,0
24,2018/19,2018-08-25,,E0,18,5,Liverpool,Brighton,1,0,H,1,0,H,C Kavanagh,22,6,8,2,8,14,8,5,1,1,0,0
25,2018/19,2018-08-25,,E0,26,17,Southampton,Leicester,1,2,A,0,0,D,J Moss,11,8,5,5,13,11,10,3,1,1,1,0
26,2018/19,2018-08-25,,E0,32,20,Wolves,Man City,1,1,D,0,0,D,M Atkinson,11,18,2,6,13,8,5,9,1,2,0,0
27,2018/19,2018-08-26,,E0,12,6,Fulham,Burnley,4,2,H,3,2,H,D Coote,25,12,12,2,11,8,6,4,2,1,0,0
28,2018/19,2018-08-26,,E0,22,8,Newcastle,Chelsea,1,2,A,0,0,D,P Tierney,6,15,2,3,16,8,4,5,3,1,0,0
29,2018/19,2018-08-26,,E0,29,10,Watford,Crystal Palace,2,1,H,0,0,D,A Taylor,13,9,5,3,14,11,6,3,4,2,0,0
30,2018/19,2018-08-27,,E0,21,27,Man United,Tottenham,0,3,A,0,0,D,C Pawson,23,9,5,5,11,16,5,2,2,4,0,0
31,2018/19,2018-09-01,,E0,5,12,Brighton,Fulham,2,2,D,0,1,A,L Probert,15,10,5,5,12,14,7,1,3,3,0,0
32,2018/19,2018-09-01,,E0,8,3,Chelsea,Bournemouth,2,0,H,0,0,D,L Mason,24,8,6,1,10,7,7,6,2,2,0,0
33,2018/19,2018-09-01,,E0,10,26,Crystal Palace,Southampton,0,2,A,0,0,D,M Atkinson,20,19,6,6,11,12,7,4,1,1,0,0
34,2018/19,2018-09-01,,E0,11,13,Everton,Huddersfield,1,1,D,1,1,D,S Attwell,11,9,1,6,13,14,4,3,3,3,0,0
35,2018/19,2018-09-01,,E0,17,18,Leicester,Liverpool,1,2,A,0,2,A,P Tierney,12,10,5,4,9,12,4,4,3,2,0,0
36,2018/19,2018-09-01,,E0,20,22,Man City,Newcastle,2,1,H,1,1,D,K Friend,24,3,8,2,5,13,4,0,0,0,0,0
37,2018/19,2018-09-01,,E0,31,32,West Ham,Wolves,0,1,A,0,0,D,C Kavanagh,13,15,3,6,10,11,4,4,2,1,0,0
38,2018/19,2018-09-02,,E0,6,21,Burnley,Man United,0,2,A,0,2,A,J Moss,9,21,2,9,7,13,2,5,2,3,0,1
39,2018/19,2018-09-02,,E0,7,1,Cardiff,Arsenal,2,3,A,1,1,D,A Taylor,14,17,3,11,12,14,3,9,3,4,0,0
40,2018/19,2018-09-02,,E0,29,27,Watford,Tottenham,2,1,H,0,0,D,A Marriner,7,11,3,2,9,8,3,10,2,1,0,0
41,2018/19,2018-09-15,,E0,3,17,Bournemouth,Leicester,4,2,H,3,0,H,C Pawson,10,14,5,8,13,15,4,6,3,2,0,1
42,2018/19,2018-09-15,,E0,8,7,Chelsea,Cardiff,4,1,H,2,1,H,J Moss,18,6,7,2,8,10,5,4,0,0,0,0
43,2018/19,2018-09-15,,E0,13,10,Huddersfield,Crystal Palace,0,1,A,0,1,A,L Mason,15,7,2,2,11,17,5,3,1,2,0,0
44,2018/19,2018-09-15,,E0,20,12,Man City,Fulham,3,0,H,2,0,H,S Attwell,28,9,9,3,7,7,10,4,0,0,0,0
45,2018/19,2018-09-15,,E0,22,1,Newcastle,Arsenal,1,2,A,0,0,D,L Probert,4,12,2,2,13,11,10,4,0,0,0,0
46,2018/19,2018-09-15,,E0,27,18,Tottenham,Liverpool,1,2,A,0,1,A,M Oliver,11,17,3,10,17,16,5,4,0,0,0,0
47,2018/19,2018-09-15,,E0,29,21,Watford,Man United,1,2,A,0,2,A,M Dean,14,9,5,6,9,11,6,8,2,1,0,1
48,2018/19,2018-09-16,,E0,11,31,Everton,West Ham,1,3,A,1,2,A,M Atkinson,16,9,4,4,15,12,4,2,2,5,0,0
49,2018/19,2018-09-16,,E0,32,6,Wolves,Burnley,1,0,H,0,0,D,A Marriner,30,7,7,2,10,9,8,2,2,4,0,0
50,2018/19,2018-09-17,,E0,26,5,Southampton,Brighton,2,2,D,1,0,H,A Taylor,14,12,5,4,10,13,1,4,2,3,0,0
51,2018/19,2018-09-22,,E0,5,27,Brighton,Tottenham,1,2,A,0,1,A,C Kavanagh,8,16,4,7,15,9,5,7,2,1,0,0
52,2018/19,2018-09-22,,E0,6,3,Burnley,Bournemouth,4,0,H,2,0,H,A Taylor,12,19,5,5,17,6,3,8,2,0,0,0
53,2018/19,2018-09-22,,E0,7,20,Cardiff,Man City,0,5,A,0,3,A,M Oliver,2,21,2,10,6,4,1,9,1,1,0,0
54,2018/19,2018-09-22,,E0,10,22,Crystal Palace,Newcastle,0,0,D,0,0,D,A Marriner,16,6,4,3,8,11,9,5,1,1,0,0
55,2018/19,2018-09-22,,E0,12,29,Fulham,Watford,1,1,D,0,1,A,M Atkinson,15,11,3,6,11,9,8,8,2,1,0,0
56,2018/19,2018-09-22,,E0,17,13,Leicester,Huddersfield,3,1,H,1,1,D,D Coote,18,9,8,2,10,16,3,1,2,1,0,0
57,2018/19,2018-09-22,,E0,18,26,Liverpool,Southampton,3,0,H,3,0,H,P Tierney,12,7,4,1,7,10,5,4,0,2,0,0
58,2018/19,2018-09-22,,E0,21,32,Man United,Wolves,1,1,D,1,0,H,K Friend,15,11,6,8,5,17,5,4,1,1,0,0
59,2018/19,2018-09-23,,E0,1,11,Arsenal,Everton,2,0,H,0,0,D,J Moss,9,9,5,6,17,12,5,9,2,1,0,0
60,2018/19,2018-09-23,,E0,31,8,West Ham,Chelsea,0,0,D,0,0,D,M Dean,6,17,1,6,11,9,1,8,2,1,0,0
61,2018/19,2018-09-29,,E0,1,29,Arsenal,Watford,2,0,H,0,0,D,A Taylor,9,13,2,4,11,17,6,6,2,2,0,0
62,2018/19,2018-09-29,,E0,8,18,Chelsea,Liverpool,1,1,D,1,0,H,A Marriner,10,13,4,6,7,9,4,4,0,2,0,0
63,2018/19,2018-09-29,,E0,11,12,Everton,Fulham,3,0,H,0,0,D,R East,19,6,6,0,13,13,12,1,0,3,0,0
64,2018/19,2018-09-29,,E0,13,27,Huddersfield,Tottenham,0,2,A,0,2,A,C Pawson,9,10,5,6,17,16,3,0,2,2,0,0
65,2018/19,2018-09-29,,E0,20,5,Man City,Brighton,2,0,H,1,0,H,L Mason,28,4,8,1,4,10,10,3,0,3,0,0
66,2018/19,2018-09-29,,E0,22,17,Newcastle,Leicester,0,2,A,0,1,A,S Hooper,6,12,1,5,11,5,5,9,0,0,0,0
67,2018/19,2018-09-29,,E0,31,21,West Ham,Man United,3,1,H,2,0,H,M Oliver,8,9,3,4,12,12,4,9,0,1,0,0
68,2018/19,2018-09-29,,E0,32,26,Wolves,Southampton,2,0,H,0,0,D,S Attwell,14,17,6,6,11,7,8,6,3,1,0,0
69,2018/19,2018-09-30,,E0,7,6,Cardiff,Burnley,1,2,A,0,0,D,M Atkinson,19,3,5,2,11,15,10,2,1,3,0,0
70,2018/19,2018-10-01,,E0,3,10,Bournemouth,Crystal Palace,2,1,H,1,0,H,M Dean,11,10,5,2,9,12,3,3,3,4,0,0
71,2018/19,2018-10-05,,E0,5,31,Brighton,West Ham,1,0,H,1,0,H,K Friend,9,17,4,4,12,8,2,9,3,2,0,0
72,2018/19,2018-10-06,,E0,6,13,Burnley,Huddersfield,1,1,D,1,0,H,C Kavanagh,6,19,3,2,8,11,1,10,2,2,0,0
73,2018/19,2018-10-06,,E0,10,32,Crystal Palace,Wolves,0,1,A,0,0,D,M Oliver,11,7,4,2,11,13,6,3,3,4,0,0
74,2018/19,2018-10-06,,E0,17,11,Leicester,Everton,1,2,A,1,1,D,A Marriner,8,17,2,8,10,11,2,10,2,1,1,0
75,2018/19,2018-10-06,,E0,21,22,Man United,Newcastle,3,2,H,0,2,A,A Taylor,18,13,10,8,16,8,10,6,2,2,0,0
76,2018/19,2018-10-06,,E0,27,7,Tottenham,Cardiff,1,0,H,1,0,H,M Dean,19,8,7,6,7,11,6,2,2,1,0,1
77,2018/19,2018-10-06,,E0,29,3,Watford,Bournemouth,0,4,A,0,3,A,J Moss,14,10,2,7,11,9,10,7,3,1,1,0
78,2018/19,2018-10-07,,E0,12,1,Fulham,Arsenal,1,5,A,1,1,D,P Tierney,21,9,4,7,11,12,4,2,2,0,0,0
79,2018/19,2018-10-07,,E0,18,20,Liverpool,Man City,0,0,D,0,0,D,M Atkinson,7,6,2,2,10,10,2,6,1,3,0,0
80,2018/19,2018-10-07,,E0,26,8,Southampton,Chelsea,0,3,A,0,1,A,C Pawson,15,21,6,6,13,11,4,12,6,0,0,0
81,2018/19,2018-10-20,,E0,3,26,Bournemouth,Southampton,0,0,D,0,0,D,L Probert,10,8,2,4,10,14,6,4,1,2,0,0
82,2018/19,2018-10-20,,E0,7,12,Cardiff,Fulham,4,2,H,2,2,D,K Friend,22,9,5,4,15,16,4,4,3,3,0,0
83,2018/19,2018-10-20,,E0,8,21,Chelsea,Man United,2,2,D,1,0,H,M Dean,21,7,6,4,9,17,5,3,2,5,0,0
84,2018/19,2018-10-20,,E0,13,18,Huddersfield,Liverpool,0,1,A,0,1,A,M Oliver,13,11,1,2,9,6,2,4,0,2,0,0
85,2018/19,2018-10-20,,E0,20,6,Man City,Burnley,5,0,H,1,0,H,J Moss,24,5,10,0,11,5,10,1,2,2,0,0
86,2018/19,2018-10-20,,E0,22,5,Newcastle,Brighton,0,1,A,0,1,A,A Marriner,27,8,6,2,13,17,10,2,0,2,0,0
87,2018/19,2018-10-20,,E0,31,27,West Ham,Tottenham,0,1,A,0,1,A,M Atkinson,13,10,4,2,8,10,10,6,3,0,0,0
88,2018/19,2018-10-20,,E0,32,29,Wolves,Watford,0,2,A,0,2,A,L Mason,10,9,1,3,23,13,8,2,3,1,0,0
89,2018/19,2018-10-21,,E0,11,10,Everton,Crystal Palace,2,0,H,0,0,D,A Taylor,20,7,4,3,13,17,10,5,2,1,0,0
90,2018/19,2018-10-22,,E0,1,17,Arsenal,Leicester,3,1,H,1,1,D,C Kavanagh,19,8,6,2,10,10,6,4,2,2,0,0
91,2018/19,2018-10-27,,E0,5,32,Brighton,Wolves,1,0,H,0,0,D,A Taylor,2,25,1,7,11,8,1,10,3,0,0,0
92,2018/19,2018-10-27,,E0,12,3,Fulham,Bournemouth,0,3,A,0,1,A,A Marriner,11,12,1,5,16,3,5,5,2,1,1,0
93,2018/19,2018-10-27,,E0,17,31,Leicester,West Ham,1,1,D,0,1,A,M Oliver,21,11,7,3,17,5,8,0,1,1,0,1
94,2018/19,2018-10-27,,E0,18,7,Liverpool,Cardiff,4,1,H,1,0,H,S Attwell,19,2,7,1,6,4,8,0,0,0,0,0
95,2018/19,2018-10-27,,E0,26,22,Southampton,Newcastle,0,0,D,0,0,D,C Kavanagh,22,6,4,0,9,12,7,2,0,1,0,0
96,2018/19,2018-10-27,,E0,29,13,Watford,Huddersfield,3,0,H,2,0,H,M Dean,12,13,6,7,9,13,3,3,1,2,0,0
97,2018/19,2018-10-28,,E0,6,8,Burnley,Chelsea,0,4,A,0,1,A,C Pawson,7,24,1,8,14,10,4,4,4,2,0,0
98,2018/19,2018-10-28,,E0,10,1,Crystal Palace,Arsenal,2,2,D,1,0,H,M Atkinson,16,7,3,2,10,16,6,4,1,2,0,0
99,2018/19,2018-10-28,,E0,21,11,Man United,Everton,2,1,H,1,0,H,J Moss,14,14,10,6,15,12,8,4,2,1,0,0
100,2018/19,2018-10-29,,E0,27,20,Tottenham,Man City,0,1,A,0,1,A,K Friend,4,13,1,6,13,13,3,6,2,2,0,0
101,2018/19,2018-11-03,,E0,1,18,Arsenal,Liverpool,1,1,D,0,0,D,A Marriner,12,13,4,4,7,7,5,8,1,1,0,0
102,2018/19,2018-11-03,,E0,3,21,Bournemouth,Man United,1,2,A,1,1,D,P Tierney,18,18,7,8,12,12,9,5,4,3,0,0
103,2018/19,2018-11-03,,E0,7,17,Cardiff,Leicester,0,1,A,0,0,D,L Probert,11,13,2,5,13,12,6,12,2,2,0,0
104,2018/19,2018-11-03,,E0,11,5,Everton,Brighton,3,1,H,1,1,D,D Coote,14,5,3,3,9,17,6,4,0,1,0,0
105,2018/19,2018-11-03,,E0,22,29,Newcastle,Watford,1,0,H,0,0,D,C Pawson,10,16,2,1,12,11,8,9,1,5,0,0
106,2018/19,2018-11-03,,E0,31,6,West Ham,Burnley,4,2,H,1,1,D,R East,22,6,10,3,7,9,10,4,1,4,0,0
107,2018/19,2018-11-03,,E0,32,27,Wolves,Tottenham,2,3,A,0,2,A,M Dean,16,10,7,8,11,8,5,1,1,2,0,0
108,2018/19,2018-11-04,,E0,8,10,Chelsea,Crystal Palace,3,1,H,1,0,H,M Oliver,15,7,6,2,6,13,4,2,0,1,0,0
109,2018/19,2018-11-04,,E0,20,26,Man City,Southampton,6,1,H,4,1,H,L Mason,18,12,8,6,14,9,4,4,1,1,0,0
110,2018/19,2018-11-05,,E0,13,12,Huddersfield,Fulham,1,0,H,1,0,H,A Taylor,10,7,2,1,11,8,5,4,1,2,0,0
111,2018/19,2018-11-10,,E0,7,5,Cardiff,Brighton,2,1,H,1,1,D,M Atkinson,20,7,6,3,7,21,4,1,2,1,0,1
112,2018/19,2018-11-10,,E0,10,27,Crystal Palace,Tottenham,0,1,A,0,0,D,J Moss,11,11,4,2,12,9,10,6,1,1,0,0
113,2018/19,2018-11-10,,E0,13,31,Huddersfield,West Ham,1,1,D,1,0,H,C Kavanagh,15,12,7,5,9,8,5,6,1,1,0,0
114,2018/19,2018-11-10,,E0,17,6,Leicester,Burnley,0,0,D,0,0,D,M Dean,22,6,5,1,13,10,12,1,2,0,0,0
115,2018/19,2018-11-10,,E0,22,3,Newcastle,Bournemouth,2,1,H,2,1,H,L Probert,18,14,6,4,9,11,7,10,2,1,0,0
116,2018/19,2018-11-10,,E0,26,29,Southampton,Watford,1,1,D,1,0,H,S Hooper,14,12,4,6,13,13,7,6,3,2,0,0
117,2018/19,2018-11-11,,E0,1,32,Arsenal,Wolves,1,1,D,0,1,A,S Attwell,10,12,3,5,9,16,11,2,2,2,0,0
118,2018/19,2018-11-11,,E0,8,11,Chelsea,Everton,0,0,D,0,0,D,K Friend,15,6,4,1,7,11,5,5,4,3,0,0
119,2018/19,2018-11-11,,E0,18,12,Liverpool,Fulham,2,0,H,1,0,H,P Tierney,20,8,7,3,11,9,6,3,1,1,0,0
120,2018/19,2018-11-11,,E0,20,21,Man City,Man United,3,1,H,1,0,H,A Taylor,17,6,5,1,12,12,5,1,1,1,0,0
121,2018/19,2018-11-24,,E0,5,17,Brighton,Leicester,1,1,D,1,0,H,C Kavanagh,14,8,3,3,10,7,6,1,3,1,0,1
122,2018/19,2018-11-24,,E0,11,7,Everton,Cardiff,1,0,H,0,0,D,P Tierney,16,7,8,1,12,13,7,3,0,3,0,0
123,2018/19,2018-11-24,,E0,12,26,Fulham,Southampton,3,2,H,2,1,H,M Oliver,10,19,5,8,10,6,2,5,2,3,0,0
124,2018/19,2018-11-24,,E0,21,10,Man United,Crystal Palace,0,0,D,0,0,D,L Mason,12,13,5,2,13,12,10,3,1,2,0,0
125,2018/19,2018-11-24,,E0,27,8,Tottenham,Chelsea,3,1,H,2,0,H,M Atkinson,18,13,9,2,19,12,4,4,0,3,0,0
126,2018/19,2018-11-24,,E0,29,18,Watford,Liverpool,0,3,A,0,0,D,J Moss,5,10,1,7,12,13,5,5,0,0,0,1
127,2018/19,2018-11-24,,E0,31,20,West Ham,Man City,0,4,A,0,3,A,A Marriner,9,9,1,6,6,3,8,1,0,0,0,0
128,2018/19,2018-11-25,,E0,3,1,Bournemouth,Arsenal,1,2,A,1,1,D,C Pawson,11,20,5,4,6,9,5,8,2,1,0,0
129,2018/19,2018-11-25,,E0,32,13,Wolves,Huddersfield,0,2,A,0,1,A,K Friend,12,14,3,6,9,8,3,5,1,2,0,0
130,2018/19,2018-11-26,,E0,6,22,Burnley,Newcastle,1,2,A,1,2,A,A Taylor,14,17,4,3,6,11,5,5,0,1,0,0
131,2018/19,2018-11-30,,E0,7,32,Cardiff,Wolves,2,1,H,0,1,A,A Marriner,17,15,3,4,3,12,7,6,1,2,0,0
132,2018/19,2018-12-01,,E0,10,6,Crystal Palace,Burnley,2,0,H,1,0,H,L Probert,29,4,9,0,9,10,10,2,1,1,0,0
133,2018/19,2018-12-01,,E0,13,5,Huddersfield,Brighton,1,2,A,1,1,D,M Oliver,7,14,2,6,10,12,2,6,0,2,1,0
134,2018/19,2018-12-01,,E0,17,29,Leicester,Watford,2,0,H,2,0,H,G Scott,7,8,3,0,7,6,4,8,2,1,0,1
135,2018/19,2018-12-01,,E0,20,3,Man City,Bournemouth,3,1,H,1,1,D,S Attwell,16,4,6,1,9,3,8,4,0,0,0,0
136,2018/19,2018-12-01,,E0,22,31,Newcastle,West Ham,0,3,A,0,1,A,P Tierney,16,7,4,4,10,10,7,3,3,3,0,0
137,2018/19,2018-12-01,,E0,26,21,Southampton,Man United,2,2,D,2,2,D,K Friend,16,11,6,5,12,13,3,5,4,4,0,0
138,2018/19,2018-12-02,,E0,1,27,Arsenal,Tottenham,4,2,H,1,2,A,M Dean,22,11,7,6,15,17,8,5,3,3,0,1
139,2018/19,2018-12-02,,E0,8,12,Chelsea,Fulham,2,0,H,1,0,H,C Pawson,16,9,9,4,8,17,4,6,2,1,0,0
140,2018/19,2018-12-02,,E0,18,11,Liverpool,Everton,1,0,H,0,0,D,C Kavanagh,16,9,3,3,12,7,8,1,3,2,0,0
141,2018/19,2018-12-04,,E0,3,13,Bournemouth,Huddersfield,2,1,H,2,1,H,R East,6,23,2,6,14,11,4,8,4,2,0,0
142,2018/19,2018-12-04,,E0,5,10,Brighton,Crystal Palace,3,1,H,3,0,H,K Friend,9,18,3,5,14,12,4,5,2,3,1,0
143,2018/19,2018-12-04,,E0,29,20,Watford,Man City,1,2,A,0,1,A,P Tierney,11,15,7,7,4,8,3,11,0,1,0,0
144,2018/19,2018-12-04,,E0,31,7,West Ham,Cardiff,3,1,H,0,0,D,G Scott,17,9,11,5,10,10,10,4,1,2,0,0
145,2018/19,2018-12-05,,E0,6,18,Burnley,Liverpool,1,3,A,0,0,D,S Attwell,10,18,6,12,10,3,5,9,1,0,0,0
146,2018/19,2018-12-05,,E0,11,22,Everton,Newcastle,1,1,D,1,1,D,L Mason,19,8,3,5,7,18,14,2,0,5,0,0
147,2018/19,2018-12-05,,E0,12,17,Fulham,Leicester,1,1,D,1,0,H,D Coote,25,13,7,5,12,7,10,8,0,0,0,0
148,2018/19,2018-12-05,,E0,21,1,Man United,Arsenal,2,2,D,1,1,D,A Marriner,10,9,7,4,13,10,4,4,3,3,0,0
149,2018/19,2018-12-05,,E0,27,26,Tottenham,Southampton,3,1,H,1,0,H,A Taylor,13,18,8,5,7,5,8,6,0,0,0,0
150,2018/19,2018-12-05,,E0,32,8,Wolves,Chelsea,2,1,H,0,1,A,J Moss,6,17,2,3,18,10,1,5,4,4,0,0
151,2018/19,2018-12-08,,E0,1,13,Arsenal,Huddersfield,1,0,H,0,0,D,P Tierney,14,6,2,0,13,20,7,1,5,4,0,0
152,2018/19,2018-12-08,,E0,3,18,Bournemouth,Liverpool,0,4,A,0,1,A,L Mason,8,10,2,4,9,11,6,6,2,1,0,0
153,2018/19,2018-12-08,,E0,6,5,Burnley,Brighton,1,0,H,1,0,H,M Atkinson,14,14,4,1,11,11,2,7,2,0,0,0
154,2018/19,2018-12-08,,E0,7,26,Cardiff,Southampton,1,0,H,0,0,D,J Moss,13,12,4,1,9,10,7,7,2,2,0,0
155,2018/19,2018-12-08,,E0,8,20,Chelsea,Man City,2,0,H,1,0,H,M Oliver,8,14,5,4,12,11,1,13,2,0,0,0
156,2018/19,2018-12-08,,E0,17,27,Leicester,Tottenham,0,2,A,0,1,A,C Pawson,11,7,3,2,12,7,6,5,3,1,0,0
157,2018/19,2018-12-08,,E0,21,12,Man United,Fulham,4,1,H,3,0,H,L Probert,20,10,11,4,11,15,10,3,1,1,0,1
158,2018/19,2018-12-08,,E0,31,10,West Ham,Crystal Palace,3,2,H,0,1,A,A Taylor,13,8,6,4,10,8,5,3,1,2,0,0
159,2018/19,2018-12-09,,E0,22,32,Newcastle,Wolves,1,2,A,1,1,D,M Dean,12,13,4,6,10,17,4,6,2,5,1,0
160,2018/19,2018-12-10,,E0,11,29,Everton,Watford,2,2,D,1,0,H,K Friend,12,15,5,3,13,13,6,6,1,1,0,0
161,2018/19,2018-12-15,,E0,10,17,Crystal Palace,Leicester,1,0,H,1,0,H,M Oliver,8,12,1,2,10,8,4,4,2,1,0,0
162,2018/19,2018-12-15,,E0,12,31,Fulham,West Ham,0,2,A,0,2,A,M Dean,16,6,4,3,14,10,6,4,2,1,0,0
163,2018/19,2018-12-15,,E0,13,22,Huddersfield,Newcastle,0,1,A,0,0,D,A Taylor,15,8,5,5,5,13,10,1,1,1,0,0
164,2018/19,2018-12-15,,E0,20,11,Man City,Everton,3,1,H,1,0,H,C Pawson,13,9,5,2,7,9,6,2,1,2,0,0
165,2018/19,2018-12-15,,E0,27,6,Tottenham,Burnley,1,0,H,0,0,D,G Scott,15,4,3,0,7,8,8,3,0,2,0,0
166,2018/19,2018-12-15,,E0,29,7,Watford,Cardiff,3,2,H,1,0,H,A Madley,17,10,8,3,7,5,5,0,0,0,0,0
167,2018/19,2018-12-15,,E0,32,3,Wolves,Bournemouth,2,0,H,1,0,H,S Hooper,9,13,3,3,15,7,5,3,1,2,0,0
168,2018/19,2018-12-16,,E0,5,8,Brighton,Chelsea,1,2,A,0,2,A,S Attwell,6,10,2,3,14,6,4,1,2,2,0,0
169,2018/19,2018-12-16,,E0,18,21,Liverpool,Man United,3,1,H,1,1,D,M Atkinson,36,6,11,2,6,14,13,2,0,2,0,0
170,2018/19,2018-12-16,,E0,26,1,Southampton,Arsenal,3,2,H,2,1,H,C Kavanagh,12,13,7,4,12,10,4,5,3,1,0,0
171,2018/19,2018-12-21,,E0,32,18,Wolves,Liverpool,0,2,A,0,1,A,C Pawson,11,15,5,6,7,3,1,10,0,0,0,0
172,2018/19,2018-12-22,,E0,1,6,Arsenal,Burnley,3,1,H,1,0,H,K Friend,10,7,6,2,10,14,1,3,2,5,0,0
173,2018/19,2018-12-22,,E0,3,5,Bournemouth,Brighton,2,0,H,1,0,H,M Dean,14,10,3,5,8,18,6,5,2,0,0,1
174,2018/19,2018-12-22,,E0,7,21,Cardiff,Man United,1,5,A,1,3,A,M Oliver,9,17,3,9,13,13,4,7,2,1,0,0
175,2018/19,2018-12-22,,E0,8,17,Chelsea,Leicester,0,1,A,0,0,D,L Probert,17,8,5,3,10,9,9,5,0,2,0,0
176,2018/19,2018-12-22,,E0,13,26,Huddersfield,Southampton,1,3,A,0,2,A,S Attwell,16,13,5,6,12,9,8,2,2,3,0,0
177,2018/19,2018-12-22,,E0,20,10,Man City,Crystal Palace,2,3,A,1,2,A,A Marriner,19,5,5,3,7,6,13,0,0,4,0,0
178,2018/19,2018-12-22,,E0,22,12,Newcastle,Fulham,0,0,D,0,0,D,M Atkinson,9,4,0,2,9,12,6,0,1,2,0,0
179,2018/19,2018-12-22,,E0,31,29,West Ham,Watford,0,2,A,0,1,A,L Mason,18,11,7,5,9,11,10,4,3,2,0,0
180,2018/19,2018-12-23,,E0,11,27,Everton,Tottenham,2,6,A,1,3,A,P Tierney,10,17,3,8,13,9,2,1,0,2,0,0
181,2018/19,2018-12-26,,E0,5,1,Brighton,Arsenal,1,1,D,1,1,D,A Taylor,12,7,3,4,10,4,4,9,2,1,0,0
182,2018/19,2018-12-26,,E0,6,11,Burnley,Everton,1,5,A,1,3,A,M Oliver,11,13,4,6,11,19,5,7,2,4,0,0
183,2018/19,2018-12-26,,E0,10,7,Crystal Palace,Cardiff,0,0,D,0,0,D,L Probert,31,9,5,4,9,11,12,1,0,3,0,0
184,2018/19,2018-12-26,,E0,12,32,Fulham,Wolves,1,1,D,0,0,D,A Marriner,11,14,9,5,9,6,2,0,2,1,0,0
185,2018/19,2018-12-26,,E0,17,20,Leicester,Man City,2,1,H,1,1,D,M Dean,10,11,5,4,5,8,3,7,2,2,0,1
186,2018/19,2018-12-26,,E0,18,22,Liverpool,Newcastle,4,0,H,1,0,H,G Scott,16,6,8,2,7,9,10,2,0,0,0,0
187,2018/19,2018-12-26,,E0,21,13,Man United,Huddersfield,3,1,H,1,0,H,J Moss,16,10,10,2,9,13,5,3,1,1,0,0
188,2018/19,2018-12-26,,E0,27,3,Tottenham,Bournemouth,5,0,H,3,0,H,C Kavanagh,10,14,7,4,4,8,3,4,2,1,0,0
189,2018/19,2018-12-26,,E0,29,8,Watford,Chelsea,1,2,A,1,1,D,M Atkinson,10,10,2,4,15,5,3,4,1,0,0,0
190,2018/19,2018-12-27,,E0,26,31,Southampton,West Ham,1,2,A,0,0,D,C Pawson,11,16,5,5,10,3,4,5,2,0,0,0
191,2018/19,2018-12-29,,E0,5,11,Brighton,Everton,1,0,H,0,0,D,A Madley,11,13,3,4,10,11,6,6,0,2,0,0
192,2018/19,2018-12-29,,E0,12,13,Fulham,Huddersfield,1,0,H,0,0,D,K Friend,14,9,5,5,12,10,4,3,3,1,0,0
193,2018/19,2018-12-29,,E0,17,7,Leicester,Cardiff,0,1,A,0,0,D,S Hooper,16,12,7,3,14,16,10,4,0,2,0,0
194,2018/19,2018-12-29,,E0,18,1,Liverpool,Arsenal,5,1,H,4,1,H,M Oliver,15,8,10,2,8,13,5,3,1,2,0,0
195,2018/19,2018-12-29,,E0,27,32,Tottenham,Wolves,1,3,A,1,0,H,S Attwell,10,11,3,4,7,7,6,7,3,2,0,0
196,2018/19,2018-12-29,,E0,29,22,Watford,Newcastle,1,1,D,0,1,A,R East,12,8,5,2,17,16,3,6,1,2,0,0
197,2018/19,2018-12-30,,E0,6,31,Burnley,West Ham,2,0,H,2,0,H,D Coote,17,11,5,4,15,11,5,5,1,4,0,0
198,2018/19,2018-12-30,,E0,10,8,Crystal Palace,Chelsea,0,1,A,0,0,D,C Pawson,4,12,0,4,11,8,3,4,0,1,0,0
199,2018/19,2018-12-30,,E0,21,3,Man United,Bournemouth,4,1,H,3,1,H,L Mason,11,7,8,3,10,7,4,5,2,0,1,0
200,2018/19,2018-12-30,,E0,26,20,Southampton,Man City,1,3,A,1,3,A,P Tierney,5,14,4,6,11,10,3,8,2,3,1,0
201,2018/19,2019-01-01,,E0,1,12,Arsenal,Fulham,4,1,H,1,0,H,G Scott,16,9,9,4,7,12,8,3,0,1,0,0
202,2018/19,2019-01-01,,E0,7,27,Cardiff,Tottenham,0,3,A,0,3,A,K Friend,6,13,3,4,6,6,5,3,1,0,0,0
203,2018/19,2019-01-01,,E0,11,17,Everton,Leicester,0,1,A,0,0,D,M Atkinson,17,8,2,4,5,8,6,5,3,1,0,0
204,2018/19,2019-01-02,,E0,3,29,Bournemouth,Watford,3,3,D,3,3,D,D Coote,25,11,12,3,9,15,4,2,1,4,0,0
205,2018/19,2019-01-02,,E0,8,26,Chelsea,Southampton,0,0,D,0,0,D,J Moss,17,6,6,2,8,11,7,2,1,2,0,0
206,2018/19,2019-01-02,,E0,13,6,Huddersfield,Burnley,1,2,A,1,1,D,M Dean,9,16,2,8,11,9,5,2,0,4,1,1
207,2018/19,2019-01-02,,E0,22,21,Newcastle,Man United,0,2,A,0,0,D,A Marriner,14,16,3,7,10,9,1,2,1,2,0,0
208,2018/19,2019-01-02,,E0,31,5,West Ham,Brighton,2,2,D,0,0,D,C Kavanagh,13,13,6,6,9,11,1,5,0,1,0,0
209,2018/19,2019-01-02,,E0,32,10,Wolves,Crystal Palace,0,2,A,0,0,D,R East,9,17,1,4,9,7,3,10,4,1,0,0
210,2018/19,2019-01-03,,E0,20,18,Man City,Liverpool,2,1,H,1,0,H,A Taylor,9,7,4,5,12,7,2,1,4,2,0,0
211,2018/19,2019-01-12,,E0,5,18,Brighton,Liverpool,0,1,A,0,0,D,K Friend,7,10,0,3,15,5,2,7,0,0,0,0
212,2018/19,2019-01-12,,E0,6,12,Burnley,Fulham,2,1,H,2,1,H,M Atkinson,11,12,0,4,5,9,2,6,1,2,0,0
213,2018/19,2019-01-12,,E0,7,13,Cardiff,Huddersfield,0,0,D,0,0,D,L Mason,3,14,0,2,12,14,3,10,3,1,0,0
214,2018/19,2019-01-12,,E0,8,22,Chelsea,Newcastle,2,1,H,1,1,D,C Kavanagh,10,9,6,2,6,13,8,5,1,1,0,0
215,2018/19,2019-01-12,,E0,10,29,Crystal Palace,Watford,1,2,A,1,0,H,P Tierney,15,16,6,2,11,11,7,7,1,4,0,0
216,2018/19,2019-01-12,,E0,17,26,Leicester,Southampton,1,2,A,0,2,A,M Oliver,23,8,6,3,7,9,10,3,2,1,0,1
217,2018/19,2019-01-12,,E0,31,1,West Ham,Arsenal,1,0,H,0,0,D,J Moss,11,11,3,2,7,10,7,3,0,2,0,0
218,2018/19,2019-01-13,,E0,11,3,Everton,Bournemouth,2,0,H,0,0,D,A Taylor,15,16,3,7,17,8,5,9,5,0,0,0
219,2018/19,2019-01-13,,E0,27,21,Tottenham,Man United,0,1,A,0,1,A,M Dean,21,13,11,8,8,8,7,4,1,2,0,0
220,2018/19,2019-01-14,,E0,20,32,Man City,Wolves,3,0,H,2,0,H,C Pawson,24,3,9,0,6,3,12,1,1,0,0,1
221,2018/19,2019-01-19,,E0,1,8,Arsenal,Chelsea,2,0,H,2,0,H,A Taylor,13,13,5,1,13,15,5,6,0,2,0,0
222,2018/19,2019-01-19,,E0,3,31,Bournemouth,West Ham,2,0,H,0,0,D,S Hooper,10,9,4,1,6,10,2,3,0,1,0,0
223,2018/19,2019-01-19,,E0,18,10,Liverpool,Crystal Palace,4,3,H,0,1,A,J Moss,19,9,9,3,6,8,8,3,0,1,1,0
224,2018/19,2019-01-19,,E0,21,5,Man United,Brighton,2,1,H,2,0,H,P Tierney,20,7,5,3,11,11,6,5,1,0,0,0
225,2018/19,2019-01-19,,E0,22,7,Newcastle,Cardiff,3,0,H,1,0,H,S Attwell,16,9,6,1,11,6,7,10,0,1,0,0
226,2018/19,2019-01-19,,E0,26,11,Southampton,Everton,2,1,H,0,0,D,G Scott,11,7,4,2,12,11,7,6,2,1,0,0
227,2018/19,2019-01-19,,E0,29,6,Watford,Burnley,0,0,D,0,0,D,M Oliver,9,11,4,3,14,9,1,7,1,2,0,0
228,2018/19,2019-01-19,,E0,32,17,Wolves,Leicester,4,3,H,2,0,H,C Kavanagh,12,16,7,6,11,10,5,9,3,3,0,0
229,2018/19,2019-01-20,,E0,12,27,Fulham,Tottenham,1,2,A,1,0,H,C Pawson,12,14,4,5,10,8,7,10,2,3,0,0
230,2018/19,2019-01-20,,E0,13,20,Huddersfield,Man City,0,3,A,0,1,A,A Marriner,5,12,2,4,10,9,1,4,2,2,0,0
231,2018/19,2019-01-29,,E0,1,7,Arsenal,Cardiff,2,1,H,0,0,D,M Dean,15,19,4,2,14,12,4,7,3,3,0,0
232,2018/19,2019-01-29,,E0,12,5,Fulham,Brighton,4,2,H,0,2,A,L Probert,24,15,7,6,10,5,10,1,2,3,0,0
233,2018/19,2019-01-29,,E0,13,11,Huddersfield,Everton,0,1,A,0,1,A,S Attwell,10,10,2,5,13,10,3,4,1,4,0,1
234,2018/19,2019-01-29,,E0,21,6,Man United,Burnley,2,2,D,0,0,D,J Moss,28,6,9,4,10,9,11,3,1,3,0,0
235,2018/19,2019-01-29,,E0,22,20,Newcastle,Man City,2,1,H,0,1,A,P Tierney,6,12,2,4,9,7,1,8,2,3,0,0
236,2018/19,2019-01-29,,E0,32,31,Wolves,West Ham,3,0,H,0,0,D,D Coote,20,4,9,0,8,10,5,1,4,1,0,0
237,2018/19,2019-01-30,,E0,3,8,Bournemouth,Chelsea,4,0,H,0,0,D,R East,12,11,7,7,8,6,3,7,1,0,0,0
238,2018/19,2019-01-30,,E0,18,17,Liverpool,Leicester,1,1,D,1,1,D,M Atkinson,10,5,3,2,13,6,7,1,1,3,0,0
239,2018/19,2019-01-30,,E0,26,10,Southampton,Crystal Palace,1,1,D,0,1,A,A Marriner,13,15,4,3,11,8,3,8,2,2,0,1
240,2018/19,2019-01-30,,E0,27,29,Tottenham,Watford,2,1,H,0,1,A,G Scott,17,9,3,1,6,9,9,5,0,4,0,0
241,2018/19,2019-02-02,,E0,5,29,Brighton,Watford,0,0,D,0,0,D,S Hooper,21,5,4,0,15,10,7,0,1,0,0,0
242,2018/19,2019-02-02,,E0,6,26,Burnley,Southampton,1,1,D,0,0,D,A Taylor,15,10,6,4,10,9,4,2,3,1,0,0
243,2018/19,2019-02-02,,E0,7,3,Cardiff,Bournemouth,2,0,H,1,0,H,J Moss,12,9,5,2,17,14,6,7,1,2,0,0
244,2018/19,2019-02-02,,E0,8,13,Chelsea,Huddersfield,5,0,H,2,0,H,P Tierney,23,5,7,2,8,5,11,2,0,0,0,0
245,2018/19,2019-02-02,,E0,10,12,Crystal Palace,Fulham,2,0,H,1,0,H,M Oliver,17,8,6,0,9,12,11,1,2,3,0,0
246,2018/19,2019-02-02,,E0,11,32,Everton,Wolves,1,3,A,1,2,A,L Mason,13,8,4,4,12,14,3,1,3,1,0,0
247,2018/19,2019-02-02,,E0,27,22,Tottenham,Newcastle,1,0,H,0,0,D,A Marriner,21,8,4,2,6,6,6,3,0,1,0,0
248,2018/19,2019-02-03,,E0,17,21,Leicester,Man United,0,1,A,0,1,A,M Dean,17,10,6,6,14,9,7,2,4,4,0,0
249,2018/19,2019-02-03,,E0,20,1,Man City,Arsenal,3,1,H,2,1,H,M Atkinson,19,4,12,2,11,8,4,2,1,1,0,0
250,2018/19,2019-02-04,,E0,31,18,West Ham,Liverpool,1,1,D,1,1,D,K Friend,13,11,2,6,9,11,2,5,1,1,0,0
251,2018/19,2019-02-06,,E0,11,20,Everton,Man City,0,2,A,0,1,A,C Pawson,4,15,1,4,12,6,5,6,1,1,0,0
252,2018/19,2019-02-09,,E0,5,6,Brighton,Burnley,1,3,A,0,1,A,S Attwell,16,9,6,5,8,7,9,3,1,1,0,0
253,2018/19,2019-02-09,,E0,10,31,Crystal Palace,West Ham,1,1,D,0,1,A,C Pawson,25,6,5,4,12,9,10,4,3,0,0,0
254,2018/19,2019-02-09,,E0,12,21,Fulham,Man United,0,3,A,0,2,A,P Tierney,15,15,3,7,14,9,5,4,3,2,0,0
255,2018/19,2019-02-09,,E0,13,1,Huddersfield,Arsenal,1,2,A,0,2,A,J Moss,15,9,6,4,17,12,5,0,3,2,0,0
256,2018/19,2019-02-09,,E0,18,3,Liverpool,Bournemouth,3,0,H,2,0,H,A Taylor,20,12,9,2,14,6,8,5,2,2,0,0
257,2018/19,2019-02-09,,E0,26,7,Southampton,Cardiff,1,2,A,0,0,D,M Atkinson,14,6,7,3,15,12,8,2,3,3,0,0
258,2018/19,2019-02-09,,E0,29,11,Watford,Everton,1,0,H,0,0,D,L Probert,7,9,2,4,21,10,8,2,2,0,0,1
259,2018/19,2019-02-10,,E0,20,8,Man City,Chelsea,6,0,H,4,0,H,M Dean,15,12,9,4,9,13,2,2,1,2,0,0
260,2018/19,2019-02-10,,E0,27,17,Tottenham,Leicester,3,1,H,1,0,H,M Oliver,12,20,5,9,11,4,2,9,3,1,0,0
261,2018/19,2019-02-11,,E0,32,22,Wolves,Newcastle,1,1,D,0,0,D,G Scott,22,9,6,3,7,9,13,1,1,3,0,0
262,2018/19,2019-02-22,,E0,7,29,Cardiff,Watford,1,5,A,0,1,A,S Hooper,15,12,6,7,10,11,3,3,1,2,0,0
263,2018/19,2019-02-22,,E0,31,12,West Ham,Fulham,3,1,H,2,1,H,L Mason,21,8,7,5,11,11,12,0,1,1,0,0
264,2018/19,2019-02-23,,E0,3,32,Bournemouth,Wolves,1,1,D,1,0,H,R East,10,10,3,2,10,15,9,8,4,5,0,0
265,2018/19,2019-02-23,,E0,6,27,Burnley,Tottenham,2,1,H,0,0,D,M Dean,10,17,4,6,9,12,7,6,1,3,0,0
266,2018/19,2019-02-23,,E0,17,10,Leicester,Crystal Palace,1,4,A,0,1,A,A Taylor,27,7,5,5,7,14,8,3,2,1,0,0
267,2018/19,2019-02-23,,E0,22,13,Newcastle,Huddersfield,2,0,H,0,0,D,K Friend,29,3,12,1,11,7,12,0,2,0,0,1
268,2018/19,2019-02-24,,E0,1,26,Arsenal,Southampton,2,0,H,2,0,H,G Scott,12,10,4,4,7,14,6,4,0,0,0,0
269,2018/19,2019-02-24,,E0,21,18,Man United,Liverpool,0,0,D,0,0,D,M Oliver,6,7,3,1,15,17,3,7,1,3,0,0
270,2018/19,2019-02-26,,E0,7,11,Cardiff,Everton,0,3,A,0,1,A,K Friend,6,12,0,4,12,12,3,4,3,1,0,0
271,2018/19,2019-02-26,,E0,13,32,Huddersfield,Wolves,1,0,H,0,0,D,D Coote,15,7,3,0,10,10,3,5,2,2,0,0
272,2018/19,2019-02-26,,E0,17,5,Leicester,Brighton,2,1,H,1,0,H,L Probert,19,15,3,3,6,4,4,8,1,1,0,0
273,2018/19,2019-02-26,,E0,22,6,Newcastle,Burnley,2,0,H,2,0,H,C Pawson,12,12,3,2,8,8,4,7,1,3,0,0
274,2018/19,2019-02-27,,E0,1,3,Arsenal,Bournemouth,5,1,H,2,1,H,C Kavanagh,16,13,6,5,11,9,9,4,2,2,0,0
275,2018/19,2019-02-27,,E0,8,27,Chelsea,Tottenham,2,0,H,0,0,D,A Marriner,11,9,1,0,7,14,2,2,1,1,0,0
276,2018/19,2019-02-27,,E0,10,21,Crystal Palace,Man United,1,3,A,0,1,A,M Atkinson,17,13,2,4,8,9,5,6,2,3,0,0
277,2018/19,2019-02-27,,E0,18,29,Liverpool,Watford,5,0,H,2,0,H,G Scott,19,5,10,3,5,7,6,4,0,2,0,0
278,2018/19,2019-02-27,,E0,20,31,Man City,West Ham,1,0,H,0,0,D,S Attwell,20,2,7,1,2,6,12,2,0,2,0,0
279,2018/19,2019-02-27,,E0,26,12,Southampton,Fulham,2,0,H,2,0,H,A Taylor,14,14,4,4,15,13,7,4,0,1,0,0
280,2018/19,2019-03-02,,E0,3,20,Bournemouth,Man City,0,1,A,0,0,D,K Friend,0,23,0,7,7,7,0,14,1,2,0,0
281,2018/19,2019-03-02,,E0,5,13,Brighton,Huddersfield,1,0,H,0,0,D,M Dean,13,6,4,4,11,6,6,3,2,2,0,0
282,2018/19,2019-03-02,,E0,6,10,Burnley,Crystal Palace,1,3,A,0,1,A,L Probert,18,10,4,4,9,9,8,5,1,2,0,0
283,2018/19,2019-03-02,,E0,21,26,Man United,Southampton,3,2,H,0,1,A,S Attwell,16,6,6,3,7,10,9,7,2,1,0,0
284,2018/19,2019-03-02,,E0,27,1,Tottenham,Arsenal,1,1,D,0,1,A,A Taylor,10,9,3,4,15,14,3,4,3,2,0,1
285,2018/19,2019-03-02,,E0,31,22,West Ham,Newcastle,2,0,H,2,0,H,C Kavanagh,10,17,4,2,8,14,1,6,3,4,0,0
286,2018/19,2019-03-02,,E0,32,7,Wolves,Cardiff,2,0,H,2,0,H,A Marriner,13,12,6,4,11,6,7,8,1,2,0,0
287,2018/19,2019-03-03,,E0,11,18,Everton,Liverpool,0,0,D,0,0,D,M Atkinson,7,10,3,3,12,10,3,7,1,2,0,0
288,2018/19,2019-03-03,,E0,12,8,Fulham,Chelsea,1,2,A,1,2,A,G Scott,12,20,5,7,11,10,5,4,2,1,0,0
289,2018/19,2019-03-03,,E0,29,17,Watford,Leicester,2,1,H,1,0,H,J Moss,6,14,5,2,15,12,1,5,5,1,0,0
290,2018/19,2019-03-09,,E0,7,31,Cardiff,West Ham,2,0,H,1,0,H,G Scott,16,9,7,2,7,12,7,5,2,1,0,0
291,2018/19,2019-03-09,,E0,10,5,Crystal Palace,Brighton,1,2,A,0,1,A,C Pawson,15,4,3,3,8,18,8,0,1,5,0,0
292,2018/19,2019-03-09,,E0,13,3,Huddersfield,Bournemouth,0,2,A,0,1,A,A Taylor,8,8,1,5,14,9,6,5,3,1,0,0
293,2018/19,2019-03-09,,E0,17,12,Leicester,Fulham,3,1,H,1,0,H,D Coote,18,6,8,3,9,13,6,5,0,2,0,0
294,2018/19,2019-03-09,,E0,20,29,Man City,Watford,3,1,H,0,0,D,P Tierney,19,2,9,1,11,7,9,1,1,1,0,0
295,2018/19,2019-03-09,,E0,22,11,Newcastle,Everton,3,2,H,0,2,A,L Mason,19,7,7,3,13,10,8,2,3,1,0,0
296,2018/19,2019-03-09,,E0,26,27,Southampton,Tottenham,2,1,H,0,1,A,K Friend,12,16,4,5,16,9,1,10,4,2,0,0
297,2018/19,2019-03-10,,E0,1,21,Arsenal,Man United,2,0,H,1,0,H,J Moss,14,14,3,4,12,18,5,2,2,2,0,0
298,2018/19,2019-03-10,,E0,8,32,Chelsea,Wolves,1,1,D,0,0,D,M Oliver,22,2,6,1,8,14,13,0,1,4,0,0
299,2018/19,2019-03-10,,E0,18,6,Liverpool,Burnley,4,2,H,2,1,H,A Marriner,23,3,5,2,4,7,7,3,2,0,0,0
300,2018/19,2019-03-16,,E0,3,22,Bournemouth,Newcastle,2,2,D,0,1,A,M Dean,10,12,3,4,9,12,6,6,3,2,0,0
301,2018/19,2019-03-16,,E0,6,17,Burnley,Leicester,1,2,A,1,1,D,M Oliver,13,9,2,4,9,10,9,3,1,1,0,1
302,2018/19,2019-03-16,,E0,31,13,West Ham,Huddersfield,4,3,H,1,2,A,J Moss,16,15,5,5,7,15,5,8,0,2,0,0
303,2018/19,2019-03-17,,E0,11,8,Everton,Chelsea,2,0,H,0,0,D,A Taylor,15,16,8,5,17,9,3,4,1,2,0,0
304,2018/19,2019-03-17,,E0,12,18,Fulham,Liverpool,1,2,A,0,1,A,C Pawson,7,16,2,6,11,7,1,10,2,1,0,0
305,2018/19,2019-03-30,,E0,5,26,Brighton,Southampton,0,1,A,0,0,D,M Oliver,14,8,1,2,8,10,6,5,1,2,0,0
306,2018/19,2019-03-30,,E0,6,32,Burnley,Wolves,2,0,H,1,0,H,C Kavanagh,5,8,1,1,12,10,1,5,1,1,0,0
307,2018/19,2019-03-30,,E0,10,13,Crystal Palace,Huddersfield,2,0,H,0,0,D,L Probert,19,15,5,5,10,7,5,5,0,0,0,0
308,2018/19,2019-03-30,,E0,12,20,Fulham,Man City,0,2,A,0,2,A,K Friend,5,24,0,7,4,12,0,11,2,0,0,0
309,2018/19,2019-03-30,,E0,17,3,Leicester,Bournemouth,2,0,H,1,0,H,L Mason,18,8,4,2,6,12,6,1,0,2,0,0
310,2018/19,2019-03-30,,E0,21,29,Man United,Watford,2,1,H,1,0,H,S Attwell,8,20,5,8,14,9,3,5,1,2,0,0
311,2018/19,2019-03-30,,E0,31,11,West Ham,Everton,0,2,A,0,2,A,P Tierney,3,17,1,9,7,14,4,9,1,1,0,0
312,2018/19,2019-03-31,,E0,7,8,Cardiff,Chelsea,1,2,A,0,0,D,C Pawson,8,21,3,3,8,14,2,7,2,3,0,0
313,2018/19,2019-03-31,,E0,18,27,Liverpool,Tottenham,2,1,H,1,0,H,M Atkinson,14,11,3,2,5,8,10,3,0,1,0,0
314,2018/19,2019-04-01,,E0,1,22,Arsenal,Newcastle,2,0,H,1,0,H,A Taylor,7,3,4,1,11,10,6,2,2,0,0,0
315,2018/19,2019-04-02,,E0,29,12,Watford,Fulham,4,1,H,1,1,D,R East,15,17,7,7,12,5,6,4,3,2,0,0
316,2018/19,2019-04-02,,E0,32,21,Wolves,Man United,2,1,H,1,1,D,M Dean,9,18,2,4,5,11,3,5,1,2,0,1
317,2018/19,2019-04-03,,E0,8,5,Chelsea,Brighton,3,0,H,1,0,H,G Scott,17,3,4,1,5,9,7,1,0,0,0,0
318,2018/19,2019-04-03,,E0,20,7,Man City,Cardiff,2,0,H,2,0,H,J Moss,27,4,11,1,3,17,7,4,0,3,0,0
319,2018/19,2019-04-03,,E0,27,10,Tottenham,Crystal Palace,2,0,H,0,0,D,A Marriner,26,5,10,1,8,5,8,2,1,0,0,0
320,2018/19,2019-04-05,,E0,26,18,Southampton,Liverpool,1,3,A,1,1,D,P Tierney,11,17,1,5,8,7,7,5,2,4,0,0
321,2018/19,2019-04-06,,E0,3,6,Bournemouth,Burnley,1,3,A,1,2,A,M Atkinson,10,11,2,3,12,16,3,6,2,3,0,0
322,2018/19,2019-04-06,,E0,13,17,Huddersfield,Leicester,1,4,A,0,1,A,D Coote,10,18,4,9,13,11,8,5,3,0,0,0
323,2018/19,2019-04-06,,E0,22,10,Newcastle,Crystal Palace,0,1,A,0,0,D,S Attwell,18,3,5,1,12,13,9,4,1,2,0,0
324,2018/19,2019-04-07,,E0,11,1,Everton,Arsenal,1,0,H,1,0,H,K Friend,23,7,6,2,8,9,9,6,1,4,0,0
325,2018/19,2019-04-08,,E0,8,31,Chelsea,West Ham,2,0,H,1,0,H,C Kavanagh,16,9,7,2,8,7,7,4,2,1,0,0
326,2018/19,2019-04-12,,E0,17,22,Leicester,Newcastle,0,1,A,0,1,A,C Kavanagh,12,11,5,5,6,10,2,3,2,3,0,0
327,2018/19,2019-04-13,,E0,5,3,Brighton,Bournemouth,0,5,A,0,1,A,K Friend,8,14,1,7,10,6,4,1,2,4,1,0
328,2018/19,2019-04-13,,E0,6,7,Burnley,Cardiff,2,0,H,1,0,H,M Dean,14,14,7,2,7,10,8,4,2,3,0,0
329,2018/19,2019-04-13,,E0,12,11,Fulham,Everton,2,0,H,0,0,D,L Probert,12,8,5,1,8,10,7,3,2,1,0,0
330,2018/19,2019-04-13,,E0,21,31,Man United,West Ham,2,1,H,1,0,H,G Scott,14,18,4,4,14,5,3,11,1,1,0,0
331,2018/19,2019-04-13,,E0,26,32,Southampton,Wolves,3,1,H,2,1,H,J Moss,13,17,6,2,13,8,4,9,1,3,0,0
332,2018/19,2019-04-13,,E0,27,13,Tottenham,Huddersfield,4,0,H,2,0,H,L Mason,22,7,5,1,10,12,4,2,2,2,0,0
333,2018/19,2019-04-14,,E0,10,20,Crystal Palace,Man City,1,3,A,0,1,A,M Atkinson,7,20,3,6,5,11,2,9,0,0,0,0
334,2018/19,2019-04-14,,E0,18,8,Liverpool,Chelsea,2,0,H,0,0,D,M Oliver,15,6,7,3,5,9,9,2,0,1,0,0
335,2018/19,2019-04-15,,E0,29,1,Watford,Arsenal,0,1,A,0,1,A,C Pawson,11,19,3,6,12,8,6,4,2,0,1,0
336,2018/19,2019-04-16,,E0,5,7,Brighton,Cardiff,0,2,A,0,1,A,A Marriner,14,10,2,3,11,13,5,4,0,1,0,0
337,2018/19,2019-04-20,,E0,3,12,Bournemouth,Fulham,0,1,A,0,0,D,D Coote,15,17,5,5,11,18,3,7,1,3,0,0
338,2018/19,2019-04-20,,E0,13,29,Huddersfield,Watford,1,2,A,0,1,A,R East,13,11,3,6,15,9,2,2,2,2,0,0
339,2018/19,2019-04-20,,E0,20,27,Man City,Tottenham,1,0,H,1,0,H,M Oliver,15,10,4,4,11,11,4,4,1,2,0,0
340,2018/19,2019-04-20,,E0,22,26,Newcastle,Southampton,3,1,H,2,0,H,A Taylor,15,15,6,3,5,11,4,11,0,2,0,0
341,2018/19,2019-04-20,,E0,31,17,West Ham,Leicester,2,2,D,1,0,H,L Probert,11,11,3,5,8,9,6,8,2,0,0,0
342,2018/19,2019-04-20,,E0,32,5,Wolves,Brighton,0,0,D,0,0,D,C Pawson,22,5,5,0,0,8,14,1,0,1,0,0
343,2018/19,2019-04-21,,E0,1,10,Arsenal,Crystal Palace,2,3,A,0,1,A,J Moss,12,16,5,7,15,12,8,3,4,1,0,0
344,2018/19,2019-04-21,,E0,7,18,Cardiff,Liverpool,0,2,A,0,0,D,M Atkinson,7,17,2,6,6,5,5,10,1,1,0,0
345,2018/19,2019-04-21,,E0,11,21,Everton,Man United,4,0,H,2,0,H,P Tierney,15,7,8,1,11,7,10,2,1,1,0,0
346,2018/19,2019-04-22,,E0,8,6,Chelsea,Burnley,2,2,D,2,2,D,K Friend,22,6,9,3,9,4,10,1,2,1,0,0
347,2018/19,2019-04-23,,E0,27,5,Tottenham,Brighton,1,0,H,0,0,D,C Kavanagh,29,6,5,1,7,13,6,3,1,2,0,0
348,2018/19,2019-04-23,,E0,29,26,Watford,Southampton,1,1,D,0,1,A,M Dean,15,8,4,4,10,14,3,4,5,2,0,0
349,2018/19,2019-04-24,,E0,21,20,Man United,Man City,0,2,A,0,0,D,A Marriner,12,8,1,5,10,10,1,1,2,2,0,0
350,2018/19,2019-04-24,,E0,32,1,Wolves,Arsenal,3,1,H,3,0,H,S Attwell,11,11,3,1,12,9,5,5,2,3,0,0
351,2018/19,2019-04-26,,E0,18,13,Liverpool,Huddersfield,5,0,H,3,0,H,K Friend,21,5,7,1,5,14,4,4,0,0,0,0
352,2018/19,2019-04-27,,E0,5,22,Brighton,Newcastle,1,1,D,0,1,A,M Dean,9,9,2,1,7,10,7,4,2,3,0,0
353,2018/19,2019-04-27,,E0,10,11,Crystal Palace,Everton,0,0,D,0,0,D,L Mason,8,22,0,3,9,15,5,10,2,0,0,0
354,2018/19,2019-04-27,,E0,12,7,Fulham,Cardiff,1,0,H,0,0,D,C Kavanagh,8,13,2,8,10,8,10,3,0,0,0,0
355,2018/19,2019-04-27,,E0,26,3,Southampton,Bournemouth,3,3,D,1,2,A,G Scott,22,9,7,5,8,9,9,3,2,1,0,0
356,2018/19,2019-04-27,,E0,27,31,Tottenham,West Ham,0,1,A,0,0,D,A Taylor,14,16,4,7,3,8,2,7,0,2,0,0
357,2018/19,2019-04-27,,E0,29,32,Watford,Wolves,1,2,A,0,1,A,S Hooper,10,11,1,4,10,11,4,5,3,2,0,0
358,2018/19,2019-04-28,,E0,6,20,Burnley,Man City,0,1,A,0,0,D,P Tierney,2,25,0,7,5,7,0,6,1,1,0,0
359,2018/19,2019-04-28,,E0,17,1,Leicester,Arsenal,3,0,H,0,0,D,M Oliver,24,6,12,1,13,13,8,6,3,1,0,1
360,2018/19,2019-04-28,,E0,21,8,Man United,Chelsea,1,1,D,1,1,D,M Atkinson,7,16,5,3,9,14,6,6,3,2,0,0
361,2018/19,2019-05-03,,E0,11,6,Everton,Burnley,2,0,H,2,0,H,C Kavanagh,20,5,6,1,8,9,8,1,0,2,0,0
362,2018/19,2019-05-04,,E0,3,27,Bournemouth,Tottenham,1,0,H,0,0,D,C Pawson,20,11,6,5,11,12,10,6,1,5,0,2
363,2018/19,2019-05-04,,E0,7,10,Cardiff,Crystal Palace,2,3,A,1,2,A,M Oliver,18,21,8,7,14,11,10,5,0,0,0,0
364,2018/19,2019-05-04,,E0,22,18,Newcastle,Liverpool,2,3,A,1,2,A,A Marriner,14,11,7,4,10,4,2,3,1,1,0,0
365,2018/19,2019-05-04,,E0,31,26,West Ham,Southampton,3,0,H,1,0,H,S Attwell,17,11,6,1,2,11,2,7,1,1,0,0
366,2018/19,2019-05-04,,E0,32,12,Wolves,Fulham,1,0,H,0,0,D,J Moss,19,6,6,2,10,15,7,1,1,3,0,0
367,2018/19,2019-05-05,,E0,1,5,Arsenal,Brighton,1,1,D,1,0,H,A Taylor,20,11,8,5,9,14,16,3,5,2,0,0
368,2018/19,2019-05-05,,E0,8,29,Chelsea,Watford,3,0,H,0,0,D,P Tierney,19,15,9,3,6,12,6,6,0,1,0,0
369,2018/19,2019-05-05,,E0,13,21,Huddersfield,Man United,1,1,D,0,1,A,L Mason,7,23,3,7,10,10,3,7,1,1,0,0
370,2018/19,2019-05-06,,E0,20,17,Man City,Leicester,1,0,H,0,0,D,M Dean,19,7,5,2,12,5,11,0,3,2,0,0
371,2018/19,2019-05-12,,E0,5,20,Brighton,Man City,1,4,A,1,2,A,M Oliver,6,20,2,9,12,8,2,6,0,0,0,0
372,2018/19,2019-05-12,,E0,6,1,Burnley,Arsenal,1,3,A,0,0,D,M Dean,14,17,5,6,11,3,4,5,5,1,0,0
373,2018/19,2019-05-12,,E0,10,3,Crystal Palace,Bournemouth,5,3,H,3,1,H,R East,17,16,8,8,11,8,4,4,3,0,0,0
374,2018/19,2019-05-12,,E0,12,22,Fulham,Newcastle,0,4,A,0,2,A,K Friend,16,13,2,6,6,8,5,5,1,0,0,0
375,2018/19,2019-05-12,,E0,17,8,Leicester,Chelsea,0,0,D,0,0,D,A Taylor,9,14,3,4,9,8,4,5,0,1,0,0
376,2018/19,2019-05-12,,E0,18,32,Liverpool,Wolves,2,0,H,1,0,H,M Atkinson,13,7,5,2,3,11,4,1,0,2,0,0
377,2018/19,2019-05-12,,E0,21,7,Man United,Cardiff,0,2,A,0,1,A,J Moss,26,13,10,4,9,6,11,2,3,3,0,0
378,2018/19,2019-05-12,,E0,26,13,Southampton,Huddersfield,1,1,D,1,0,H,L Probert,10,10,3,3,8,6,4,3,0,1,0,0
379,2018/19,2019-05-12,,E0,27,11,Tottenham,Everton,2,2,D,1,0,H,A Marriner,11,17,3,9,10,13,7,4,0,2,0,0
380,2018/19,2019-05-12,,E0,29,31,Watford,West Ham,1,4,A,0,2,A,C Kavanagh,17,16,8,9,10,10,7,2,1,0,1,0
381,2019/20,2019-08-09,20:00,E0,18,23,Liverpool,Norwich,4,1,H,4,0,H,M Oliver,15,12,7,5,9,9,11,2,0,2,0,0
382,2019/20,2019-08-10,12:30,E0,31,20,West Ham,Man City,0,5,A,0,1,A,M Dean,5,14,3,9,6,13,1,1,2,2,0,0
383,2019/20,2019-08-10,15:00,E0,3,25,Bournemouth,Sheffield United,1,1,D,0,0,D,K Friend,13,8,3,3,10,19,3,4,2,1,0,0
384,2019/20,2019-08-10,15:00,E0,6,26,Burnley,Southampton,3,0,H,0,0,D,G Scott,10,11,4,3,6,12,2,7,0,0,0,0
385,2019/20,2019-08-10,15:00,E0,10,11,Crystal Palace,Everton,0,0,D,0,0,D,J Moss,6,10,2,3,16,14,6,2,2,1,0,1
386,2019/20,2019-08-10,15:00,E0,29,5,Watford,Brighton,0,3,A,0,1,A,C Pawson,11,5,3,3,15,11,5,2,0,1,0,0
387,2019/20,2019-08-10,17:30,E0,27,2,Tottenham,Aston Villa,3,1,H,0,1,A,C Kavanagh,31,7,7,4,13,9,14,0,1,0,0,0
388,2019/20,2019-08-11,14:00,E0,17,32,Leicester,Wolves,0,0,D,0,0,D,A Marriner,15,8,1,2,3,13,12,3,0,2,0,0
389,2019/20,2019-08-11,14:00,E0,22,1,Newcastle,Arsenal,0,1,A,0,0,D,M Atkinson,9,8,2,2,12,7,5,3,1,3,0,0
390,2019/20,2019-08-11,16:30,E0,21,8,Man United,Chelsea,4,0,H,1,0,H,A Taylor,11,18,5,7,15,13,3,5,3,4,0,0
391,2019/20,2019-08-17,12:30,E0,1,6,Arsenal,Burnley,2,1,H,1,1,D,M Dean,16,18,9,5,13,11,10,7,2,1,0,0
392,2019/20,2019-08-17,15:00,E0,2,3,Aston Villa,Bournemouth,1,2,A,0,2,A,M Atkinson,22,12,7,4,10,13,10,5,0,2,0,0
393,2019/20,2019-08-17,15:00,E0,5,31,Brighton,West Ham,1,1,D,0,0,D,A Taylor,16,8,4,3,11,10,8,6,0,2,0,0
394,2019/20,2019-08-17,15:00,E0,11,29,Everton,Watford,1,0,H,1,0,H,L Mason,12,8,2,2,11,11,4,7,2,3,0,0
395,2019/20,2019-08-17,15:00,E0,23,22,Norwich,Newcastle,3,1,H,1,0,H,S Attwell,15,10,8,3,9,11,7,5,1,3,0,0
396,2019/20,2019-08-17,15:00,E0,26,18,Southampton,Liverpool,1,2,A,0,1,A,A Marriner,14,15,3,6,10,6,5,9,2,1,0,0
397,2019/20,2019-08-17,17:30,E0,20,27,Man City,Tottenham,2,2,D,2,1,H,M Oliver,30,3,10,2,14,4,13,2,1,0,0,0
398,2019/20,2019-08-18,14:00,E0,25,10,Sheffield United,Crystal Palace,1,0,H,0,0,D,D Coote,15,6,3,4,16,11,8,4,3,1,0,0
399,2019/20,2019-08-18,16:30,E0,8,17,Chelsea,Leicester,1,1,D,1,0,H,O Langford,14,12,5,3,9,14,4,5,1,0,0,0
400,2019/20,2019-08-19,20:00,E0,32,21,Wolves,Man United,1,1,D,0,1,A,J Moss,6,9,2,2,17,8,4,6,2,2,0,0
401,2019/20,2019-08-23,20:00,E0,2,11,Aston Villa,Everton,2,0,H,1,0,H,M Oliver,7,12,3,1,10,18,0,6,2,3,0,0
402,2019/20,2019-08-24,12:30,E0,23,8,Norwich,Chelsea,2,3,A,2,2,D,M Atkinson,6,23,5,8,9,9,1,8,1,1,0,0
403,2019/20,2019-08-24,15:00,E0,5,26,Brighton,Southampton,0,2,A,0,0,D,K Friend,12,12,3,4,9,10,8,5,1,3,1,0
404,2019/20,2019-08-24,15:00,E0,21,10,Man United,Crystal Palace,1,2,A,0,1,A,P Tierney,22,5,3,3,8,18,8,1,2,4,0,0
405,2019/20,2019-08-24,15:00,E0,25,17,Sheffield United,Leicester,1,2,A,0,1,A,A Madley,8,10,3,2,11,6,7,4,1,0,0,0
406,2019/20,2019-08-24,15:00,E0,29,31,Watford,West Ham,1,3,A,1,1,D,C Kavanagh,23,16,3,10,12,11,8,7,1,1,0,0
407,2019/20,2019-08-24,17:30,E0,18,1,Liverpool,Arsenal,3,1,H,1,0,H,A Taylor,25,9,5,3,8,5,6,4,1,1,0,0
408,2019/20,2019-08-25,14:00,E0,3,20,Bournemouth,Man City,1,3,A,1,2,A,A Marriner,10,19,7,5,7,13,4,5,1,3,0,0
409,2019/20,2019-08-25,16:30,E0,27,22,Tottenham,Newcastle,0,1,A,0,1,A,M Dean,17,8,2,3,10,5,6,6,2,2,0,0
410,2019/20,2019-08-25,16:30,E0,32,6,Wolves,Burnley,1,1,D,0,1,A,C Pawson,17,13,2,4,9,11,4,3,0,2,0,0
411,2019/20,2019-08-31,12:30,E0,26,21,Southampton,Man United,1,1,D,0,1,A,M Dean,10,21,2,8,17,7,2,3,1,2,1,0
412,2019/20,2019-08-31,15:00,E0,8,25,Chelsea,Sheffield United,2,2,D,2,0,H,S Attwell,13,8,5,2,6,11,3,4,0,1,0,0
413,2019/20,2019-08-31,15:00,E0,10,2,Crystal Palace,Aston Villa,1,0,H,0,0,D,K Friend,22,10,5,2,15,16,13,2,2,4,0,1
414,2019/20,2019-08-31,15:00,E0,17,3,Leicester,Bournemouth,3,1,H,2,1,H,P Bankes,13,8,5,2,9,11,4,5,1,3,0,0
415,2019/20,2019-08-31,15:00,E0,20,5,Man City,Brighton,4,0,H,2,0,H,J Moss,15,6,6,2,10,6,8,1,1,1,0,0
416,2019/20,2019-08-31,15:00,E0,22,29,Newcastle,Watford,1,1,D,1,1,D,G Scott,13,13,5,3,5,11,6,5,2,3,0,0
417,2019/20,2019-08-31,15:00,E0,31,23,West Ham,Norwich,2,0,H,1,0,H,P Tierney,18,8,8,3,16,10,8,2,2,1,0,0
418,2019/20,2019-08-31,17:30,E0,6,18,Burnley,Liverpool,0,3,A,0,2,A,C Kavanagh,7,15,2,7,10,16,6,4,0,0,0,0
419,2019/20,2019-09-01,14:00,E0,11,32,Everton,Wolves,3,2,H,2,1,H,A Taylor,15,8,6,5,12,12,7,7,1,4,0,1
420,2019/20,2019-09-01,16:30,E0,1,27,Arsenal,Tottenham,2,2,D,1,2,A,M Atkinson,26,13,8,9,13,19,11,6,3,5,0,0
421,2019/20,2019-09-14,12:30,E0,18,22,Liverpool,Newcastle,3,1,H,2,1,H,A Marriner,21,8,9,1,5,4,10,1,0,0,0,0
422,2019/20,2019-09-14,15:00,E0,5,6,Brighton,Burnley,1,1,D,0,0,D,M Oliver,14,7,5,1,13,7,3,6,0,2,0,0
423,2019/20,2019-09-14,15:00,E0,21,17,Man United,Leicester,1,0,H,1,0,H,M Atkinson,10,9,5,3,14,14,3,9,1,2,0,0
424,2019/20,2019-09-14,15:00,E0,25,26,Sheffield United,Southampton,0,1,A,0,0,D,L Mason,17,11,4,7,10,7,12,6,1,1,1,0
425,2019/20,2019-09-14,15:00,E0,27,10,Tottenham,Crystal Palace,4,0,H,4,0,H,C Pawson,13,11,5,6,19,11,4,3,4,2,0,0
426,2019/20,2019-09-14,15:00,E0,32,8,Wolves,Chelsea,2,5,A,0,3,A,G Scott,11,15,4,6,8,11,7,5,1,2,0,0
427,2019/20,2019-09-14,17:30,E0,23,20,Norwich,Man City,3,2,H,2,1,H,K Friend,7,25,3,8,8,7,3,16,3,1,0,0
428,2019/20,2019-09-15,14:00,E0,3,11,Bournemouth,Everton,3,1,H,1,1,D,P Tierney,13,14,6,5,5,14,7,7,0,4,0,0
429,2019/20,2019-09-15,16:30,E0,29,1,Watford,Arsenal,2,2,D,0,2,A,A Taylor,31,10,7,4,14,4,7,1,3,3,0,0
430,2019/20,2019-09-16,20:00,E0,2,31,Aston Villa,West Ham,0,0,D,0,0,D,M Dean,10,13,5,1,13,12,2,4,2,1,0,1
431,2019/20,2019-09-20,20:00,E0,26,3,Southampton,Bournemouth,1,3,A,0,2,A,C Kavanagh,25,6,6,3,8,9,4,5,1,3,0,0
432,2019/20,2019-09-21,12:30,E0,17,27,Leicester,Tottenham,2,1,H,0,1,A,P Tierney,16,11,7,4,16,13,8,2,1,2,0,0
433,2019/20,2019-09-21,15:00,E0,6,23,Burnley,Norwich,2,0,H,2,0,H,D Coote,13,11,6,2,11,10,7,3,0,1,0,0
434,2019/20,2019-09-21,15:00,E0,11,25,Everton,Sheffield United,0,2,A,0,1,A,S Hooper,16,2,3,1,9,9,12,3,1,3,0,0
435,2019/20,2019-09-21,15:00,E0,20,29,Man City,Watford,8,0,H,5,0,H,M Dean,28,5,11,4,5,9,5,4,2,2,0,0
436,2019/20,2019-09-21,17:30,E0,22,5,Newcastle,Brighton,0,0,D,0,0,D,M Atkinson,11,16,4,3,12,8,5,3,2,1,0,0
437,2019/20,2019-09-22,14:00,E0,10,32,Crystal Palace,Wolves,1,1,D,0,0,D,S Attwell,13,14,4,4,7,10,6,7,2,1,0,1
438,2019/20,2019-09-22,14:00,E0,31,21,West Ham,Man United,2,0,H,1,0,H,A Taylor,8,9,6,3,8,9,3,7,2,2,0,0
439,2019/20,2019-09-22,16:30,E0,1,2,Arsenal,Aston Villa,3,2,H,0,1,A,J Moss,21,14,6,9,13,15,9,4,5,1,1,0
440,2019/20,2019-09-22,16:30,E0,8,18,Chelsea,Liverpool,1,2,A,0,2,A,M Oliver,13,6,2,3,8,13,6,4,3,3,0,0
441,2019/20,2019-09-28,12:30,E0,25,18,Sheffield United,Liverpool,0,1,A,0,0,D,A Taylor,12,16,2,4,8,4,6,5,1,1,0,0
442,2019/20,2019-09-28,15:00,E0,2,6,Aston Villa,Burnley,2,2,D,1,0,H,L Mason,16,10,3,3,10,16,7,3,1,4,0,0
443,2019/20,2019-09-28,15:00,E0,3,31,Bournemouth,West Ham,2,2,D,1,1,D,S Attwell,13,17,5,6,7,8,6,6,3,1,0,0
444,2019/20,2019-09-28,15:00,E0,8,5,Chelsea,Brighton,2,0,H,0,0,D,C Kavanagh,24,8,10,1,5,13,5,2,2,3,0,0
445,2019/20,2019-09-28,15:00,E0,10,23,Crystal Palace,Norwich,2,0,H,1,0,H,J Moss,15,10,3,3,14,10,5,5,3,1,0,0
446,2019/20,2019-09-28,15:00,E0,27,26,Tottenham,Southampton,2,1,H,2,1,H,G Scott,9,14,4,6,5,16,6,6,0,2,1,0
447,2019/20,2019-09-28,15:00,E0,32,29,Wolves,Watford,2,0,H,1,0,H,P Tierney,6,14,2,5,5,6,1,6,0,1,0,0
448,2019/20,2019-09-28,17:30,E0,11,20,Everton,Man City,1,3,A,1,1,D,M Oliver,12,20,8,9,4,8,5,2,2,2,0,0
449,2019/20,2019-09-29,16:30,E0,17,22,Leicester,Newcastle,5,0,H,1,0,H,C Pawson,13,3,5,0,12,9,9,0,1,1,0,1
450,2019/20,2019-09-30,20:00,E0,21,1,Man United,Arsenal,1,1,D,1,0,H,K Friend,16,10,4,5,18,13,8,7,4,2,0,0
451,2019/20,2019-10-05,12:30,E0,5,27,Brighton,Tottenham,3,0,H,2,0,H,J Moss,17,8,6,3,11,7,4,4,2,1,0,0
452,2019/20,2019-10-05,15:00,E0,6,11,Burnley,Everton,1,0,H,0,0,D,G Scott,9,11,3,2,5,12,7,9,2,1,0,1
453,2019/20,2019-10-05,15:00,E0,18,17,Liverpool,Leicester,2,1,H,1,0,H,C Kavanagh,18,2,8,1,9,17,4,6,1,4,0,0
454,2019/20,2019-10-05,15:00,E0,23,2,Norwich,Aston Villa,1,5,A,0,2,A,A Madley,21,22,5,12,14,17,10,6,1,3,0,0
455,2019/20,2019-10-05,15:00,E0,29,25,Watford,Sheffield United,0,0,D,0,0,D,A Marriner,8,9,2,3,7,6,7,7,0,2,0,0
456,2019/20,2019-10-05,17:30,E0,31,10,West Ham,Crystal Palace,1,2,A,0,0,D,M Oliver,9,7,4,4,11,7,2,2,3,2,0,0
457,2019/20,2019-10-06,14:00,E0,1,3,Arsenal,Bournemouth,1,0,H,1,0,H,M Atkinson,12,10,2,2,12,6,14,5,1,2,0,0
458,2019/20,2019-10-06,14:00,E0,20,32,Man City,Wolves,0,2,A,0,0,D,C Pawson,18,7,2,2,11,14,9,1,5,2,0,0
459,2019/20,2019-10-06,14:00,E0,26,8,Southampton,Chelsea,1,4,A,1,3,A,P Tierney,10,13,3,7,8,15,3,4,0,1,0,0
460,2019/20,2019-10-06,16:30,E0,22,21,Newcastle,Man United,1,0,H,0,0,D,M Dean,12,12,2,3,12,10,4,6,3,3,0,0
461,2019/20,2019-10-19,12:30,E0,11,31,Everton,West Ham,2,0,H,1,0,H,P Tierney,19,8,10,4,15,15,11,2,2,2,0,0
462,2019/20,2019-10-19,15:00,E0,2,5,Aston Villa,Brighton,2,1,H,1,1,D,D Coote,24,20,8,5,9,17,7,5,1,2,0,1
463,2019/20,2019-10-19,15:00,E0,3,23,Bournemouth,Norwich,0,0,D,0,0,D,L Mason,11,10,2,1,8,11,6,7,1,3,0,0
464,2019/20,2019-10-19,15:00,E0,8,22,Chelsea,Newcastle,1,0,H,0,0,D,A Marriner,16,5,8,0,9,12,11,0,2,1,0,0
465,2019/20,2019-10-19,15:00,E0,17,6,Leicester,Burnley,2,1,H,1,1,D,J Moss,19,13,3,4,4,10,9,4,0,3,0,0
466,2019/20,2019-10-19,15:00,E0,27,29,Tottenham,Watford,1,1,D,0,1,A,C Kavanagh,12,7,2,2,5,9,11,2,4,3,0,0
467,2019/20,2019-10-19,15:00,E0,32,26,Wolves,Southampton,1,1,D,0,0,D,P Bankes,4,14,1,5,10,17,1,3,3,2,0,0
468,2019/20,2019-10-19,17:30,E0,10,20,Crystal Palace,Man City,0,2,A,0,2,A,A Taylor,7,21,2,10,8,10,1,8,1,1,0,0
469,2019/20,2019-10-20,16:30,E0,21,18,Man United,Liverpool,1,1,D,1,0,H,M Atkinson,7,10,2,4,6,14,3,1,0,1,0,0
470,2019/20,2019-10-21,20:00,E0,25,1,Sheffield United,Arsenal,1,0,H,1,0,H,M Dean,8,9,2,3,10,12,7,12,4,4,0,0
471,2019/20,2019-10-25,20:00,E0,26,17,Southampton,Leicester,0,9,A,0,5,A,A Marriner,6,25,3,15,3,12,2,7,0,0,1,0
472,2019/20,2019-10-26,12:30,E0,20,2,Man City,Aston Villa,3,0,H,0,0,D,G Scott,25,11,9,5,10,5,13,7,1,1,1,0
473,2019/20,2019-10-26,15:00,E0,5,11,Brighton,Everton,3,2,H,1,1,D,A Madley,8,10,4,6,12,12,0,5,2,1,0,0
474,2019/20,2019-10-26,15:00,E0,29,3,Watford,Bournemouth,0,0,D,0,0,D,M Dean,7,15,3,5,14,8,5,10,5,3,0,0
475,2019/20,2019-10-26,15:00,E0,31,25,West Ham,Sheffield United,1,1,D,1,0,H,D Coote,12,10,4,4,7,10,10,4,2,2,0,0
476,2019/20,2019-10-26,17:30,E0,6,8,Burnley,Chelsea,2,4,A,0,2,A,M Oliver,13,16,5,7,7,8,5,6,3,2,0,0
477,2019/20,2019-10-27,14:00,E0,22,32,Newcastle,Wolves,1,1,D,1,0,H,K Friend,13,13,2,5,8,15,3,6,2,2,1,0
478,2019/20,2019-10-27,16:30,E0,1,10,Arsenal,Crystal Palace,2,2,D,2,1,H,M Atkinson,15,10,6,4,18,9,12,5,2,0,0,0
479,2019/20,2019-10-27,16:30,E0,18,27,Liverpool,Tottenham,2,1,H,0,1,A,A Taylor,21,11,13,4,9,11,8,3,3,3,0,0
480,2019/20,2019-10-27,16:30,E0,23,21,Norwich,Man United,1,3,A,0,2,A,S Attwell,10,21,3,11,13,10,1,10,2,2,0,0
481,2019/20,2019-11-02,12:30,E0,3,21,Bournemouth,Man United,1,0,H,1,0,H,C Kavanagh,12,15,6,4,14,12,4,10,4,3,0,0
482,2019/20,2019-11-02,15:00,E0,1,32,Arsenal,Wolves,1,1,D,1,0,H,M Oliver,10,25,4,8,6,15,8,9,0,2,0,0
483,2019/20,2019-11-02,15:00,E0,2,18,Aston Villa,Liverpool,1,2,A,1,0,H,J Moss,5,25,2,6,12,9,2,10,1,2,0,0
484,2019/20,2019-11-02,15:00,E0,5,23,Brighton,Norwich,2,0,H,0,0,D,K Friend,21,7,5,0,11,8,8,3,0,1,0,0
485,2019/20,2019-11-02,15:00,E0,20,26,Man City,Southampton,2,1,H,0,1,A,L Mason,26,3,4,3,11,10,17,0,3,1,0,0
486,2019/20,2019-11-02,15:00,E0,25,6,Sheffield United,Burnley,3,0,H,3,0,H,S Hooper,13,6,6,0,8,12,7,6,1,2,0,0
487,2019/20,2019-11-02,15:00,E0,31,22,West Ham,Newcastle,2,3,A,0,2,A,S Attwell,16,12,6,9,10,7,7,3,2,1,0,0
488,2019/20,2019-11-02,17:30,E0,29,8,Watford,Chelsea,1,2,A,0,1,A,A Taylor,12,16,3,10,8,5,1,6,4,2,0,0
489,2019/20,2019-11-03,14:00,E0,10,17,Crystal Palace,Leicester,0,2,A,0,0,D,P Tierney,12,14,3,5,15,16,5,6,2,2,0,0
490,2019/20,2019-11-03,16:30,E0,11,27,Everton,Tottenham,1,1,D,0,0,D,M Atkinson,7,4,3,2,9,8,5,2,1,2,0,1
491,2019/20,2019-11-08,20:00,E0,23,29,Norwich,Watford,0,2,A,0,1,A,A Marriner,17,12,5,2,7,13,10,4,1,2,0,1
492,2019/20,2019-11-09,12:30,E0,8,10,Chelsea,Crystal Palace,2,0,H,0,0,D,M Dean,23,3,5,1,9,17,7,0,3,2,0,0
493,2019/20,2019-11-09,15:00,E0,6,31,Burnley,West Ham,3,0,H,2,0,H,K Friend,14,7,12,4,17,10,11,4,2,1,0,0
494,2019/20,2019-11-09,15:00,E0,22,3,Newcastle,Bournemouth,2,1,H,1,1,D,M Atkinson,20,16,9,3,10,5,5,4,2,0,0,0
495,2019/20,2019-11-09,15:00,E0,26,11,Southampton,Everton,1,2,A,0,1,A,P Tierney,4,24,3,5,12,12,5,9,1,1,0,0
496,2019/20,2019-11-09,15:00,E0,27,25,Tottenham,Sheffield United,1,1,D,0,0,D,G Scott,17,14,5,4,6,9,4,4,2,2,0,0
497,2019/20,2019-11-09,17:30,E0,17,1,Leicester,Arsenal,2,0,H,0,0,D,C Kavanagh,19,8,7,1,10,10,5,4,1,1,0,0
498,2019/20,2019-11-10,14:00,E0,21,5,Man United,Brighton,3,1,H,2,0,H,J Moss,21,6,11,2,10,14,5,2,2,5,0,0
499,2019/20,2019-11-10,14:00,E0,32,2,Wolves,Aston Villa,2,1,H,1,0,H,A Taylor,17,13,5,4,17,8,6,3,4,3,0,0
500,2019/20,2019-11-10,16:30,E0,18,20,Liverpool,Man City,3,1,H,2,0,H,M Oliver,12,18,5,3,10,5,4,13,0,2,0,0
501,2019/20,2019-11-23,12:30,E0,31,27,West Ham,Tottenham,2,3,A,0,2,A,M Oliver,11,15,4,6,12,14,3,7,3,2,0,0
502,2019/20,2019-11-23,15:00,E0,1,26,Arsenal,Southampton,2,2,D,1,1,D,S Attwell,12,21,5,6,13,19,6,8,6,2,0,0
503,2019/20,2019-11-23,15:00,E0,3,32,Bournemouth,Wolves,1,2,A,0,2,A,S Hooper,9,17,2,7,10,12,5,9,2,1,1,0
504,2019/20,2019-11-23,15:00,E0,5,17,Brighton,Leicester,0,2,A,0,0,D,M Dean,7,19,0,9,9,1,6,7,2,0,0,0
505,2019/20,2019-11-23,15:00,E0,10,18,Crystal Palace,Liverpool,1,2,A,0,0,D,K Friend,16,12,6,4,8,7,9,8,0,1,0,0
506,2019/20,2019-11-23,15:00,E0,11,23,Everton,Norwich,0,2,A,0,0,D,A Taylor,18,13,7,5,12,11,7,7,3,5,0,0
507,2019/20,2019-11-23,15:00,E0,29,6,Watford,Burnley,0,3,A,0,0,D,P Tierney,15,11,4,5,14,13,7,5,0,3,0,0
508,2019/20,2019-11-23,17:30,E0,20,8,Man City,Chelsea,2,1,H,2,1,H,M Atkinson,15,11,4,2,5,9,8,2,1,1,0,0
509,2019/20,2019-11-24,16:30,E0,25,21,Sheffield United,Man United,3,3,D,1,0,H,A Marriner,12,11,8,5,13,10,6,3,1,2,0,0
510,2019/20,2019-11-25,20:00,E0,2,22,Aston Villa,Newcastle,2,0,H,2,0,H,L Mason,17,11,8,5,10,9,11,6,1,1,0,0
511,2019/20,2019-11-30,12:30,E0,22,20,Newcastle,Man City,2,2,D,1,1,D,C Kavanagh,6,24,3,9,4,6,1,10,1,2,0,0
512,2019/20,2019-11-30,15:00,E0,6,10,Burnley,Crystal Palace,0,2,A,0,1,A,P Bankes,15,7,4,2,13,10,5,6,2,0,0,0
513,2019/20,2019-11-30,15:00,E0,8,31,Chelsea,West Ham,0,1,A,0,0,D,J Moss,19,5,6,4,0,16,9,3,0,3,0,0
514,2019/20,2019-11-30,15:00,E0,18,5,Liverpool,Brighton,2,1,H,2,0,H,M Atkinson,15,12,7,5,3,10,4,5,0,0,1,0
515,2019/20,2019-11-30,15:00,E0,27,3,Tottenham,Bournemouth,3,2,H,1,0,H,L Mason,15,20,5,6,10,12,4,8,0,2,0,0
516,2019/20,2019-11-30,17:30,E0,26,29,Southampton,Watford,2,1,H,0,1,A,M Oliver,11,6,6,3,6,10,6,7,1,0,0,0
517,2019/20,2019-12-01,14:00,E0,23,1,Norwich,Arsenal,2,2,D,2,1,H,P Tierney,15,16,8,7,8,10,7,12,2,1,0,0
518,2019/20,2019-12-01,14:00,E0,32,25,Wolves,Sheffield United,1,1,D,0,1,A,D Coote,13,9,3,4,12,18,7,2,1,4,0,0
519,2019/20,2019-12-01,16:30,E0,17,11,Leicester,Everton,2,1,H,0,1,A,G Scott,16,11,6,3,7,9,4,4,0,1,0,0
520,2019/20,2019-12-01,16:30,E0,21,2,Man United,Aston Villa,2,2,D,1,1,D,C Pawson,16,9,6,3,16,8,9,9,4,1,0,0
521,2019/20,2019-12-03,19:30,E0,10,3,Crystal Palace,Bournemouth,1,0,H,0,0,D,A Taylor,7,6,2,3,6,15,6,9,3,3,1,0
522,2019/20,2019-12-03,20:15,E0,6,20,Burnley,Man City,1,4,A,0,1,A,J Moss,4,17,2,8,9,6,3,6,1,1,0,0
523,2019/20,2019-12-04,19:30,E0,8,2,Chelsea,Aston Villa,2,1,H,1,1,D,C Kavanagh,25,9,9,3,18,10,9,5,2,1,0,0
524,2019/20,2019-12-04,19:30,E0,17,29,Leicester,Watford,2,0,H,0,0,D,C Pawson,12,4,6,1,13,16,7,2,3,2,0,0
525,2019/20,2019-12-04,19:30,E0,21,27,Man United,Tottenham,2,1,H,1,1,D,P Tierney,12,8,7,5,9,9,4,3,0,1,0,0
526,2019/20,2019-12-04,19:30,E0,26,23,Southampton,Norwich,2,1,H,2,0,H,K Friend,14,10,5,3,12,7,6,1,1,1,0,0
527,2019/20,2019-12-04,19:30,E0,32,31,Wolves,West Ham,2,0,H,1,0,H,A Marriner,13,6,7,3,8,9,5,4,1,2,0,0
528,2019/20,2019-12-04,20:15,E0,18,11,Liverpool,Everton,5,2,H,4,2,H,M Dean,11,12,5,4,13,17,5,6,1,2,0,0
529,2019/20,2019-12-05,19:30,E0,25,22,Sheffield United,Newcastle,0,2,A,0,1,A,S Attwell,13,6,6,4,10,6,8,1,2,0,0,0
530,2019/20,2019-12-05,20:15,E0,1,5,Arsenal,Brighton,1,2,A,0,1,A,G Scott,12,20,5,9,10,11,9,9,3,1,0,0
531,2019/20,2019-12-07,12:30,E0,11,8,Everton,Chelsea,3,1,H,1,0,H,C Pawson,13,15,7,4,14,9,1,5,3,0,0,0
532,2019/20,2019-12-07,15:00,E0,3,18,Bournemouth,Liverpool,0,3,A,0,2,A,C Kavanagh,3,21,0,9,5,6,1,3,0,1,0,0
533,2019/20,2019-12-07,15:00,E0,27,6,Tottenham,Burnley,5,0,H,3,0,H,K Friend,13,7,7,1,12,8,1,1,1,1,0,0
534,2019/20,2019-12-07,15:00,E0,29,10,Watford,Crystal Palace,0,0,D,0,0,D,M Atkinson,13,3,3,0,15,16,6,2,4,2,0,0
535,2019/20,2019-12-07,17:30,E0,20,21,Man City,Man United,1,2,A,0,2,A,A Taylor,22,11,5,7,10,10,16,3,3,2,0,0
536,2019/20,2019-12-08,14:00,E0,2,17,Aston Villa,Leicester,1,4,A,1,2,A,M Oliver,15,23,2,8,21,15,8,5,6,2,0,0
537,2019/20,2019-12-08,14:00,E0,22,26,Newcastle,Southampton,2,1,H,0,0,D,D Coote,12,19,6,4,11,17,3,12,1,3,0,0
538,2019/20,2019-12-08,14:00,E0,23,25,Norwich,Sheffield United,1,2,A,1,0,H,S Hooper,14,9,4,3,6,12,9,1,0,4,0,0
539,2019/20,2019-12-08,16:30,E0,5,32,Brighton,Wolves,2,2,D,2,2,D,J Moss,13,13,4,5,10,7,3,4,3,0,0,0
540,2019/20,2019-12-09,20:00,E0,31,1,West Ham,Arsenal,1,3,A,1,0,H,M Dean,11,10,4,3,12,6,4,3,2,0,0,0
541,2019/20,2019-12-14,12:30,E0,18,29,Liverpool,Watford,2,0,H,1,0,H,A Marriner,16,8,6,2,8,6,6,3,2,1,0,0
542,2019/20,2019-12-14,15:00,E0,6,22,Burnley,Newcastle,1,0,H,0,0,D,T Robinson,7,9,4,0,15,12,4,3,0,2,0,0
543,2019/20,2019-12-14,15:00,E0,8,3,Chelsea,Bournemouth,0,1,A,0,0,D,G Scott,18,11,5,2,9,14,9,4,1,2,0,0
544,2019/20,2019-12-14,15:00,E0,17,23,Leicester,Norwich,1,1,D,1,1,D,A Madley,18,10,5,3,11,15,12,4,0,4,0,0
545,2019/20,2019-12-14,15:00,E0,25,2,Sheffield United,Aston Villa,2,0,H,0,0,D,P Bankes,7,8,3,0,10,9,3,2,2,2,0,0
546,2019/20,2019-12-14,17:30,E0,26,31,Southampton,West Ham,0,1,A,0,1,A,M Atkinson,11,11,2,4,9,14,5,8,1,3,0,0
547,2019/20,2019-12-15,14:00,E0,21,11,Man United,Everton,1,1,D,0,1,A,M Oliver,24,8,8,3,10,12,6,5,1,2,0,0
548,2019/20,2019-12-15,14:00,E0,32,27,Wolves,Tottenham,1,2,A,0,1,A,S Attwell,18,9,5,5,14,10,11,2,4,4,0,0
549,2019/20,2019-12-15,16:30,E0,1,20,Arsenal,Man City,0,3,A,0,3,A,P Tierney,6,14,1,7,9,24,3,3,1,4,0,0
550,2019/20,2019-12-16,19:45,E0,10,5,Crystal Palace,Brighton,1,1,D,0,0,D,C Pawson,11,15,4,10,7,12,3,7,1,1,0,0
551,2019/20,2019-12-21,12:30,E0,11,1,Everton,Arsenal,0,0,D,0,0,D,K Friend,9,6,0,2,10,11,5,4,2,3,0,0
552,2019/20,2019-12-21,15:00,E0,2,26,Aston Villa,Southampton,1,3,A,0,2,A,C Pawson,19,17,6,8,16,15,7,5,2,1,0,0
553,2019/20,2019-12-21,15:00,E0,3,6,Bournemouth,Burnley,0,1,A,0,0,D,M Atkinson,3,2,0,1,13,21,4,5,2,4,0,0
554,2019/20,2019-12-21,15:00,E0,5,25,Brighton,Sheffield United,0,1,A,0,1,A,R Jones,9,7,2,2,6,11,4,3,1,3,0,0
555,2019/20,2019-12-21,15:00,E0,22,10,Newcastle,Crystal Palace,1,0,H,0,0,D,S Hooper,8,16,3,4,12,11,4,5,2,0,0,0
556,2019/20,2019-12-21,15:00,E0,23,32,Norwich,Wolves,1,2,A,1,0,H,P Bankes,13,14,7,4,7,14,3,11,2,4,0,0
557,2019/20,2019-12-21,17:30,E0,20,17,Man City,Leicester,3,1,H,2,1,H,M Dean,23,5,12,2,14,9,6,1,2,2,0,0
558,2019/20,2019-12-22,14:00,E0,29,21,Watford,Man United,2,0,H,0,0,D,L Mason,11,17,3,8,16,11,3,5,3,1,0,0
559,2019/20,2019-12-22,16:30,E0,27,8,Tottenham,Chelsea,0,2,A,0,2,A,A Taylor,5,13,1,3,9,11,3,5,4,3,1,0
560,2019/20,2019-12-26,12:30,E0,27,5,Tottenham,Brighton,2,1,H,0,1,A,G Scott,11,11,5,5,10,9,9,2,4,2,0,0
561,2019/20,2019-12-26,15:00,E0,2,23,Aston Villa,Norwich,1,0,H,0,0,D,C Kavanagh,11,16,2,6,15,12,5,8,2,3,0,0
562,2019/20,2019-12-26,15:00,E0,3,1,Bournemouth,Arsenal,1,1,D,1,0,H,S Attwell,12,17,4,2,5,13,8,3,4,4,0,0
563,2019/20,2019-12-26,15:00,E0,8,26,Chelsea,Southampton,0,2,A,0,1,A,J Moss,10,5,3,3,10,9,8,1,3,2,0,0
564,2019/20,2019-12-26,15:00,E0,10,31,Crystal Palace,West Ham,2,1,H,0,0,D,A Marriner,13,10,4,2,5,10,7,6,0,2,0,0
565,2019/20,2019-12-26,15:00,E0,11,6,Everton,Burnley,1,0,H,0,0,D,A Taylor,21,6,5,0,15,14,10,2,0,0,0,0
566,2019/20,2019-12-26,15:00,E0,25,29,Sheffield United,Watford,1,1,D,1,1,D,D Coote,16,5,4,2,11,8,9,1,1,3,0,0
567,2019/20,2019-12-26,17:30,E0,21,22,Man United,Newcastle,4,1,H,3,1,H,K Friend,22,7,10,2,10,7,5,0,2,2,0,0
568,2019/20,2019-12-26,20:00,E0,17,18,Leicester,Liverpool,0,4,A,0,1,A,M Oliver,3,15,0,6,5,7,2,8,1,1,0,0
569,2019/20,2019-12-27,19:45,E0,32,20,Wolves,Man City,3,2,H,0,1,A,M Atkinson,20,7,8,3,7,13,3,1,0,1,0,1
570,2019/20,2019-12-28,12:30,E0,5,3,Brighton,Bournemouth,2,0,H,1,0,H,P Tierney,16,10,6,2,8,11,9,2,0,2,0,0
571,2019/20,2019-12-28,15:00,E0,22,11,Newcastle,Everton,1,2,A,0,1,A,L Mason,20,22,5,9,13,13,5,8,2,2,0,0
572,2019/20,2019-12-28,15:00,E0,26,10,Southampton,Crystal Palace,1,1,D,0,0,D,A Madley,14,5,5,2,13,7,12,4,1,2,0,0
573,2019/20,2019-12-28,15:00,E0,29,2,Watford,Aston Villa,3,0,H,1,0,H,S Hooper,20,11,6,2,16,9,6,3,3,1,1,0
574,2019/20,2019-12-28,17:30,E0,23,27,Norwich,Tottenham,2,2,D,1,0,H,K Friend,5,15,2,7,12,10,4,6,3,3,0,0
575,2019/20,2019-12-28,17:30,E0,31,17,West Ham,Leicester,1,2,A,1,1,D,D Coote,14,13,4,8,16,4,5,5,4,1,0,0
576,2019/20,2019-12-28,19:45,E0,6,21,Burnley,Man United,0,2,A,0,1,A,M Dean,8,14,1,5,17,10,5,4,4,3,0,0
577,2019/20,2019-12-29,14:00,E0,1,8,Arsenal,Chelsea,1,2,A,1,0,H,C Pawson,7,13,2,4,13,19,2,3,5,4,0,0
578,2019/20,2019-12-29,16:30,E0,18,32,Liverpool,Wolves,1,0,H,1,0,H,A Taylor,10,10,3,2,7,3,5,6,1,0,0,0
579,2019/20,2019-12-29,18:00,E0,20,25,Man City,Sheffield United,2,0,H,0,0,D,C Kavanagh,16,8,4,0,5,6,8,5,1,1,0,0
580,2019/20,2020-01-01,12:30,E0,5,8,Brighton,Chelsea,1,1,D,0,1,A,S Attwell,16,16,5,5,8,15,5,3,2,3,0,0
581,2019/20,2020-01-01,12:30,E0,6,2,Burnley,Aston Villa,1,2,A,0,2,A,M Oliver,20,11,1,6,12,10,8,4,1,1,0,0
582,2019/20,2020-01-01,15:00,E0,22,17,Newcastle,Leicester,0,3,A,0,2,A,M Atkinson,5,17,2,10,8,12,4,5,1,1,0,0
583,2019/20,2020-01-01,15:00,E0,26,27,Southampton,Tottenham,1,0,H,1,0,H,M Dean,12,11,3,5,21,8,6,9,3,4,0,0
584,2019/20,2020-01-01,15:00,E0,29,32,Watford,Wolves,2,1,H,1,0,H,A Madley,9,16,3,4,12,6,4,7,3,1,1,0
585,2019/20,2020-01-01,17:30,E0,20,11,Man City,Everton,2,1,H,0,0,D,A Marriner,16,7,7,2,11,11,3,6,0,4,0,0
586,2019/20,2020-01-01,17:30,E0,23,10,Norwich,Crystal Palace,1,1,D,1,0,H,J Moss,15,12,4,3,12,9,2,5,5,0,0,0
587,2019/20,2020-01-01,17:30,E0,31,3,West Ham,Bournemouth,4,0,H,3,0,H,G Scott,14,3,7,2,3,12,9,2,1,2,0,0
588,2019/20,2020-01-01,20:00,E0,1,21,Arsenal,Man United,2,0,H,2,0,H,C Kavanagh,10,10,4,4,11,15,1,4,2,0,0,0
589,2019/20,2020-01-02,20:00,E0,18,25,Liverpool,Sheffield United,2,0,H,1,0,H,P Tierney,19,3,7,2,5,8,8,4,0,0,0,0
590,2019/20,2020-01-10,20:00,E0,25,31,Sheffield United,West Ham,1,0,H,0,0,D,M Oliver,13,7,3,2,11,6,7,3,1,0,0,0
591,2019/20,2020-01-11,12:30,E0,10,1,Crystal Palace,Arsenal,1,1,D,0,1,A,P Tierney,6,7,3,4,14,22,1,4,2,3,0,1
592,2019/20,2020-01-11,15:00,E0,8,6,Chelsea,Burnley,3,0,H,2,0,H,K Friend,18,7,8,2,7,4,10,3,0,3,0,0
593,2019/20,2020-01-11,15:00,E0,11,5,Everton,Brighton,1,0,H,1,0,H,D Coote,14,9,6,2,7,7,4,3,2,1,0,0
594,2019/20,2020-01-11,15:00,E0,17,26,Leicester,Southampton,1,2,A,1,1,D,L Mason,5,16,5,10,9,17,2,4,0,3,0,0
595,2019/20,2020-01-11,15:00,E0,21,23,Man United,Norwich,4,0,H,1,0,H,A Taylor,13,8,6,3,18,7,4,2,0,0,0,0
596,2019/20,2020-01-11,15:00,E0,32,22,Wolves,Newcastle,1,1,D,1,1,D,P Bankes,9,5,4,1,13,12,5,2,0,3,0,0
597,2019/20,2020-01-11,17:30,E0,27,18,Tottenham,Liverpool,0,1,A,0,1,A,M Atkinson,14,13,4,7,4,8,4,3,0,2,0,0
598,2019/20,2020-01-12,14:00,E0,3,29,Bournemouth,Watford,0,3,A,0,1,A,M Dean,10,18,1,6,3,13,5,5,1,1,0,0
599,2019/20,2020-01-12,16:30,E0,2,20,Aston Villa,Man City,1,6,A,0,4,A,J Moss,7,22,1,12,5,12,2,4,2,1,0,0
600,2019/20,2020-01-18,12:30,E0,29,27,Watford,Tottenham,0,0,D,0,0,D,M Oliver,15,17,2,5,13,13,3,3,2,3,0,0
601,2019/20,2020-01-18,15:00,E0,1,25,Arsenal,Sheffield United,1,1,D,1,0,H,M Dean,11,12,4,4,9,13,4,5,1,2,0,0
602,2019/20,2020-01-18,15:00,E0,5,2,Brighton,Aston Villa,1,1,D,1,0,H,A Madley,10,8,2,3,11,13,3,4,3,3,0,0
603,2019/20,2020-01-18,15:00,E0,20,10,Man City,Crystal Palace,2,2,D,0,1,A,S Scott,25,5,6,3,9,7,14,2,1,2,0,0
604,2019/20,2020-01-18,15:00,E0,23,3,Norwich,Bournemouth,1,0,H,1,0,H,P Tierney,16,6,5,3,10,10,4,5,2,2,1,1
605,2019/20,2020-01-18,15:00,E0,26,32,Southampton,Wolves,2,3,A,2,0,H,D England,11,8,5,4,13,12,1,3,2,1,0,0
606,2019/20,2020-01-18,15:00,E0,31,11,West Ham,Everton,1,1,D,1,1,D,A Marriner,12,11,6,3,11,13,7,6,1,0,0,0
607,2019/20,2020-01-18,17:30,E0,22,8,Newcastle,Chelsea,1,0,H,0,0,D,C Kavanagh,7,19,2,4,9,14,1,10,1,1,0,0
608,2019/20,2020-01-19,14:00,E0,6,17,Burnley,Leicester,2,1,H,0,1,A,A Taylor,8,18,5,8,14,8,4,5,1,0,0,0
609,2019/20,2020-01-19,16:30,E0,18,21,Liverpool,Man United,2,0,H,1,0,H,C Pawson,16,9,5,4,7,10,11,5,1,3,0,0
610,2019/20,2020-01-21,19:30,E0,2,29,Aston Villa,Watford,2,1,H,0,1,A,M Atkinson,16,8,5,2,11,18,6,3,2,2,0,0
611,2019/20,2020-01-21,19:30,E0,3,5,Bournemouth,Brighton,3,1,H,2,0,H,K Friend,11,21,3,8,9,12,5,8,1,1,0,0
612,2019/20,2020-01-21,19:30,E0,10,26,Crystal Palace,Southampton,0,2,A,0,1,A,A Marriner,6,15,0,6,12,13,0,8,1,2,0,0
613,2019/20,2020-01-21,19:30,E0,11,22,Everton,Newcastle,2,2,D,1,0,H,S Hooper,17,8,8,2,13,10,6,4,1,1,0,0
614,2019/20,2020-01-21,19:30,E0,25,20,Sheffield United,Man City,0,1,A,0,0,D,L Mason,4,18,1,5,13,13,5,13,4,3,0,0
615,2019/20,2020-01-21,20:15,E0,8,1,Chelsea,Arsenal,2,2,D,1,0,H,S Attwell,19,2,8,2,11,6,17,5,2,1,0,1
616,2019/20,2020-01-22,19:30,E0,17,31,Leicester,West Ham,4,1,H,2,0,H,D Coote,19,6,8,2,10,19,7,8,1,1,0,0
617,2019/20,2020-01-22,19:30,E0,27,23,Tottenham,Norwich,2,1,H,1,0,H,C Kavanagh,14,12,3,2,12,7,7,3,0,1,0,0
618,2019/20,2020-01-22,20:15,E0,21,6,Man United,Burnley,0,2,A,0,1,A,J Moss,24,5,7,2,11,7,5,2,0,2,0,0
619,2019/20,2020-01-23,20:00,E0,32,18,Wolves,Liverpool,1,2,A,0,1,A,M Oliver,10,13,3,6,6,11,2,4,0,1,0,0
620,2019/20,2020-01-29,19:45,E0,31,18,West Ham,Liverpool,0,2,A,0,1,A,J Moss,7,13,4,5,6,6,3,7,2,0,0,0
621,2019/20,2020-02-01,12:30,E0,17,8,Leicester,Chelsea,2,2,D,0,0,D,L Mason,14,7,4,3,16,14,4,6,2,2,0,0
622,2019/20,2020-02-01,15:00,E0,3,2,Bournemouth,Aston Villa,2,1,H,2,0,H,A Taylor,16,18,6,5,10,15,1,8,1,3,1,0
623,2019/20,2020-02-01,15:00,E0,10,25,Crystal Palace,Sheffield United,0,1,A,0,0,D,A Madley,13,10,3,3,9,15,9,5,3,2,0,0
624,2019/20,2020-02-01,15:00,E0,18,26,Liverpool,Southampton,4,0,H,0,0,D,K Friend,16,17,9,4,9,15,6,11,0,2,0,0
625,2019/20,2020-02-01,15:00,E0,22,23,Newcastle,Norwich,0,0,D,0,0,D,M Atkinson,15,19,5,4,10,15,8,12,2,1,0,0
626,2019/20,2020-02-01,15:00,E0,29,11,Watford,Everton,2,3,A,2,2,D,C Pawson,11,12,2,5,17,14,4,4,2,2,0,1
627,2019/20,2020-02-01,15:00,E0,31,5,West Ham,Brighton,3,3,D,2,0,H,M Oliver,12,19,6,6,8,9,4,6,1,1,0,0
628,2019/20,2020-02-01,17:30,E0,21,32,Man United,Wolves,0,0,D,0,0,D,P Tierney,15,14,5,3,14,15,4,6,3,2,0,0
629,2019/20,2020-02-02,14:00,E0,6,1,Burnley,Arsenal,0,0,D,0,0,D,C Kavanagh,15,13,2,2,8,11,5,7,1,3,0,0
630,2019/20,2020-02-02,16:30,E0,27,20,Tottenham,Man City,2,0,H,0,0,D,M Dean,3,18,3,5,8,14,2,6,2,3,0,1
631,2019/20,2020-02-08,12:30,E0,11,10,Everton,Crystal Palace,3,1,H,1,0,H,D Coote,14,10,8,2,11,12,4,6,0,1,0,0
632,2019/20,2020-02-08,17:30,E0,5,29,Brighton,Watford,1,1,D,0,1,A,K Friend,10,5,2,2,9,12,3,2,2,2,0,0
633,2019/20,2020-02-09,14:00,E0,25,3,Sheffield United,Bournemouth,2,1,H,1,1,D,J Moss,16,10,6,2,10,8,8,4,2,2,0,0
634,2019/20,2020-02-14,20:00,E0,32,17,Wolves,Leicester,0,0,D,0,0,D,M Dean,15,9,3,3,13,10,7,0,2,2,0,1
635,2019/20,2020-02-15,12:30,E0,26,6,Southampton,Burnley,1,2,A,1,1,D,S Hooper,10,9,2,6,8,11,4,3,2,2,0,0
636,2019/20,2020-02-15,17:30,E0,23,18,Norwich,Liverpool,0,1,A,0,0,D,S Attwell,5,17,1,6,5,11,2,7,1,2,0,0
637,2019/20,2020-02-16,14:00,E0,2,27,Aston Villa,Tottenham,2,3,A,1,2,A,M Atkinson,18,23,4,10,12,10,12,7,2,0,0,0
638,2019/20,2020-02-16,16:30,E0,1,22,Arsenal,Newcastle,4,0,H,0,0,D,L Mason,15,10,7,2,15,9,5,6,2,0,0,0
639,2019/20,2020-02-17,20:00,E0,8,21,Chelsea,Man United,0,2,A,0,1,A,A Taylor,17,9,1,3,11,11,9,8,4,3,0,0
640,2019/20,2020-02-19,19:30,E0,20,31,Man City,West Ham,2,0,H,1,0,H,K Friend,20,3,7,0,5,7,6,1,0,1,0,0
641,2019/20,2020-02-22,12:30,E0,8,27,Chelsea,Tottenham,2,1,H,1,0,H,M Oliver,17,5,7,3,14,14,3,5,1,2,0,0
642,2019/20,2020-02-22,15:00,E0,6,3,Burnley,Bournemouth,3,0,H,0,0,D,M Dean,16,12,10,4,9,9,7,3,4,3,0,0
643,2019/20,2020-02-22,15:00,E0,10,22,Crystal Palace,Newcastle,1,0,H,1,0,H,P Bankes,18,8,9,2,15,11,7,5,2,6,0,1
644,2019/20,2020-02-22,15:00,E0,25,5,Sheffield United,Brighton,1,1,D,1,1,D,G Scott,14,8,3,2,3,6,12,2,0,2,0,0
645,2019/20,2020-02-22,15:00,E0,26,2,Southampton,Aston Villa,2,0,H,1,0,H,C Pawson,28,4,9,1,13,17,9,6,1,4,0,0
646,2019/20,2020-02-22,17:30,E0,17,20,Leicester,Man City,0,1,A,0,0,D,P Tierney,10,18,3,7,14,10,3,7,0,0,0,0
647,2019/20,2020-02-23,14:00,E0,21,29,Man United,Watford,3,0,H,1,0,H,M Atkinson,21,7,9,2,6,15,3,5,0,1,0,0
648,2019/20,2020-02-23,14:00,E0,32,23,Wolves,Norwich,3,0,H,2,0,H,C Kavanagh,19,6,6,4,11,6,4,1,2,3,0,0
649,2019/20,2020-02-23,16:30,E0,1,11,Arsenal,Everton,3,2,H,2,2,D,S Attwell,9,17,4,5,12,12,6,3,0,4,0,0
650,2019/20,2020-02-24,20:00,E0,18,31,Liverpool,West Ham,3,2,H,1,1,D,J Moss,25,7,7,4,4,10,16,8,0,3,0,0
651,2019/20,2020-02-28,20:00,E0,23,17,Norwich,Leicester,1,0,H,0,0,D,C Pawson,11,19,6,4,13,16,6,7,1,2,0,0
652,2019/20,2020-02-29,12:30,E0,5,10,Brighton,Crystal Palace,0,1,A,0,0,D,M Atkinson,24,12,8,3,8,9,8,7,1,1,0,0
653,2019/20,2020-02-29,15:00,E0,3,8,Bournemouth,Chelsea,2,2,D,0,1,A,A Marriner,9,23,5,6,8,5,4,14,2,2,0,0
654,2019/20,2020-02-29,15:00,E0,22,6,Newcastle,Burnley,0,0,D,0,0,D,A Madley,21,8,4,1,11,9,11,7,4,3,0,0
655,2019/20,2020-02-29,15:00,E0,31,26,West Ham,Southampton,3,1,H,2,1,H,A Taylor,14,10,7,2,8,11,4,9,1,1,0,0
656,2019/20,2020-02-29,17:30,E0,29,18,Watford,Liverpool,3,0,H,0,0,D,M Oliver,14,7,5,1,4,8,3,5,0,0,0,0
657,2019/20,2020-03-01,14:00,E0,11,21,Everton,Man United,1,1,D,1,1,D,C Kavanagh,16,14,5,5,11,11,13,8,3,4,0,0
658,2019/20,2020-03-01,14:00,E0,27,32,Tottenham,Wolves,2,3,A,2,1,H,S Attwell,13,14,5,4,12,14,4,5,3,2,0,0
659,2019/20,2020-03-07,12:30,E0,18,3,Liverpool,Bournemouth,2,1,H,2,1,H,P Tierney,14,6,6,4,10,12,9,4,0,1,0,0
660,2019/20,2020-03-07,15:00,E0,1,31,Arsenal,West Ham,1,0,H,0,0,D,M Atkinson,9,14,2,6,11,9,6,7,1,2,0,0
661,2019/20,2020-03-07,15:00,E0,10,29,Crystal Palace,Watford,1,0,H,1,0,H,A Taylor,10,10,3,4,12,19,8,8,4,4,0,0
662,2019/20,2020-03-07,15:00,E0,25,23,Sheffield United,Norwich,1,0,H,1,0,H,S Hooper,10,12,4,5,12,8,10,5,0,0,0,0
663,2019/20,2020-03-07,15:00,E0,26,22,Southampton,Newcastle,0,1,A,0,0,D,G Scott,6,14,3,7,14,15,5,8,0,3,1,0
664,2019/20,2020-03-07,15:00,E0,32,5,Wolves,Brighton,0,0,D,0,0,D,A Marriner,11,7,1,1,4,7,2,0,1,3,0,0
665,2019/20,2020-03-07,17:30,E0,6,27,Burnley,Tottenham,1,1,D,1,0,H,J Moss,21,13,8,2,16,11,3,5,5,4,0,0
666,2019/20,2020-03-08,14:00,E0,8,11,Chelsea,Everton,4,0,H,2,0,H,K Friend,17,3,11,1,8,10,6,1,1,2,0,0
667,2019/20,2020-03-08,16:30,E0,21,20,Man United,Man City,2,0,H,1,0,H,M Dean,12,7,6,2,11,9,2,11,2,4,0,0
668,2019/20,2020-03-09,20:00,E0,17,2,Leicester,Aston Villa,4,0,H,1,0,H,M Oliver,15,4,7,1,15,12,9,0,2,1,0,0
669,2019/20,2020-06-17,18:00,E0,2,25,Aston Villa,Sheffield United,0,0,D,0,0,D,M Oliver,14,5,6,1,11,14,12,4,1,1,0,0
670,2019/20,2020-06-17,20:15,E0,20,1,Man City,Arsenal,3,0,H,1,0,H,A Taylor,20,3,12,0,9,7,5,2,1,1,0,1
671,2019/20,2020-06-19,18:00,E0,23,26,Norwich,Southampton,0,3,A,0,0,D,K Friend,9,22,1,9,9,15,9,7,1,1,0,0
672,2019/20,2020-06-19,20:15,E0,27,21,Tottenham,Man United,1,1,D,1,0,H,J Moss,10,12,3,6,17,18,7,6,0,1,0,0
673,2019/20,2020-06-20,12:30,E0,29,17,Watford,Leicester,1,1,D,0,0,D,C Pawson,8,15,4,2,15,12,2,7,0,1,0,0
674,2019/20,2020-06-20,15:00,E0,5,1,Brighton,Arsenal,2,1,H,0,0,D,M Atkinson,9,13,5,6,13,8,10,7,2,1,0,0
675,2019/20,2020-06-20,17:30,E0,31,32,West Ham,Wolves,0,2,A,0,0,D,A Taylor,7,10,2,6,8,7,5,7,1,1,0,0
676,2019/20,2020-06-20,19:45,E0,3,10,Bournemouth,Crystal Palace,0,2,A,0,2,A,S Attwell,12,7,1,2,13,15,11,4,3,2,0,0
677,2019/20,2020-06-21,14:00,E0,22,25,Newcastle,Sheffield United,3,0,H,0,0,D,D Coote,12,7,8,1,9,10,2,4,2,0,0,1
678,2019/20,2020-06-21,16:15,E0,2,8,Aston Villa,Chelsea,1,2,A,1,0,H,P Tierney,8,19,4,5,9,17,2,10,2,1,0,0
679,2019/20,2020-06-21,19:00,E0,11,18,Everton,Liverpool,0,0,D,0,0,D,M Dean,9,10,3,3,15,12,1,6,2,2,0,0
680,2019/20,2020-06-22,20:00,E0,20,6,Man City,Burnley,5,0,H,3,0,H,A Marriner,19,1,7,0,8,7,3,1,1,1,0,0
681,2019/20,2020-06-23,18:00,E0,17,5,Leicester,Brighton,0,0,D,0,0,D,L Mason,11,10,2,2,10,13,6,7,2,2,0,0
682,2019/20,2020-06-23,20:15,E0,27,31,Tottenham,West Ham,2,0,H,0,0,D,C Pawson,15,10,4,2,12,7,9,4,2,2,0,0
683,2019/20,2020-06-24,18:00,E0,21,25,Man United,Sheffield United,3,0,H,2,0,H,A Taylor,15,4,6,1,10,6,10,5,1,0,0,0
684,2019/20,2020-06-24,18:00,E0,22,2,Newcastle,Aston Villa,1,1,D,0,0,D,C Kavanagh,13,14,3,2,15,13,6,9,2,2,0,0
685,2019/20,2020-06-24,18:00,E0,23,11,Norwich,Everton,0,1,A,0,0,D,A Madley,9,12,1,5,8,13,6,5,0,1,0,0
686,2019/20,2020-06-24,18:00,E0,32,3,Wolves,Bournemouth,1,0,H,0,0,D,M Oliver,10,4,2,0,11,11,6,4,3,3,0,0
687,2019/20,2020-06-24,20:15,E0,18,10,Liverpool,Crystal Palace,4,0,H,2,0,H,M Atkinson,21,3,7,0,7,5,6,0,0,0,0,0
688,2019/20,2020-06-25,18:00,E0,6,29,Burnley,Watford,1,0,H,0,0,D,M Dean,9,10,5,4,13,15,1,7,1,0,0,0
689,2019/20,2020-06-25,18:00,E0,26,1,Southampton,Arsenal,0,2,A,0,1,A,G Scott,12,10,3,5,10,14,4,6,0,2,1,0
690,2019/20,2020-06-25,20:15,E0,8,20,Chelsea,Man City,2,1,H,1,0,H,S Attwell,15,11,10,2,13,3,5,7,1,1,0,1
691,2019/20,2020-06-27,12:30,E0,2,32,Aston Villa,Wolves,0,1,A,0,0,D,C Pawson,11,9,1,2,16,16,2,2,1,1,0,0
692,2019/20,2020-06-28,16:30,E0,29,26,Watford,Southampton,1,3,A,0,1,A,M Oliver,8,11,0,7,18,9,5,3,3,0,0,0
693,2019/20,2020-06-29,20:00,E0,10,6,Crystal Palace,Burnley,0,1,A,0,0,D,S Hooper,17,8,4,4,12,13,9,1,1,1,0,0
694,2019/20,2020-06-30,20:15,E0,5,21,Brighton,Man United,0,3,A,0,2,A,A Marriner,8,12,2,6,10,9,4,5,0,1,0,0
695,2019/20,2020-07-01,18:00,E0,1,23,Arsenal,Norwich,4,0,H,2,0,H,P Bankes,13,8,8,2,10,10,6,2,1,4,0,0
696,2019/20,2020-07-01,18:00,E0,3,22,Bournemouth,Newcastle,1,4,A,0,2,A,K Friend,12,12,1,7,11,10,6,3,2,0,0,0
697,2019/20,2020-07-01,18:00,E0,11,17,Everton,Leicester,2,1,H,2,0,H,D Coote,7,15,2,3,13,10,3,5,1,1,0,0
698,2019/20,2020-07-01,20:15,E0,31,8,West Ham,Chelsea,3,2,H,1,1,D,M Atkinson,10,17,4,6,10,9,2,3,2,1,0,0
699,2019/20,2020-07-02,18:00,E0,25,27,Sheffield United,Tottenham,3,1,H,1,0,H,C Kavanagh,7,9,5,2,13,13,1,6,2,0,0,0
700,2019/20,2020-07-02,20:15,E0,20,18,Man City,Liverpool,4,0,H,3,0,H,A Taylor,14,11,6,3,8,7,3,3,2,2,0,0
701,2019/20,2020-07-04,12:30,E0,23,5,Norwich,Brighton,0,1,A,0,1,A,S Attwell,12,8,1,2,11,13,0,2,2,2,0,0
702,2019/20,2020-07-04,15:00,E0,17,10,Leicester,Crystal Palace,3,0,H,0,0,D,J Moss,15,7,4,1,18,8,3,7,2,1,0,0
703,2019/20,2020-07-04,15:00,E0,21,3,Man United,Bournemouth,5,2,H,3,1,H,M Dean,19,7,10,3,13,12,8,3,0,1,0,0
704,2019/20,2020-07-04,17:30,E0,32,1,Wolves,Arsenal,0,2,A,0,1,A,M Oliver,10,8,1,5,6,11,3,5,2,4,0,0
705,2019/20,2020-07-04,20:00,E0,8,29,Chelsea,Watford,3,0,H,2,0,H,K Friend,21,7,9,3,9,12,5,3,0,2,0,0
706,2019/20,2020-07-05,12:00,E0,6,25,Burnley,Sheffield United,1,1,D,1,0,H,P Bankes,9,10,4,3,8,14,3,9,0,0,0,0
707,2019/20,2020-07-05,14:15,E0,22,31,Newcastle,West Ham,2,2,D,1,1,D,C Pawson,11,17,4,7,9,11,6,4,0,0,0,0
708,2019/20,2020-07-05,16:30,E0,18,2,Liverpool,Aston Villa,2,0,H,0,0,D,P Tierney,6,9,4,3,18,8,7,5,1,1,0,0
709,2019/20,2020-07-05,19:00,E0,26,20,Southampton,Man City,1,0,H,1,0,H,A Marriner,8,26,4,6,6,7,2,13,1,2,0,0
710,2019/20,2020-07-06,20:00,E0,27,11,Tottenham,Everton,1,0,H,1,0,H,G Scott,12,11,2,3,14,18,5,6,3,2,0,0
711,2019/20,2020-07-07,18:00,E0,10,8,Crystal Palace,Chelsea,2,3,A,1,2,A,D Coote,13,14,4,6,11,10,7,9,1,0,0,0
712,2019/20,2020-07-07,18:00,E0,29,23,Watford,Norwich,2,1,H,1,1,D,A Taylor,9,12,4,3,11,15,4,3,2,4,0,0
713,2019/20,2020-07-07,20:15,E0,1,17,Arsenal,Leicester,1,1,D,1,0,H,C Kavanagh,11,13,7,5,10,14,10,1,1,0,1,0
714,2019/20,2020-07-08,18:00,E0,20,22,Man City,Newcastle,5,0,H,2,0,H,A Madley,23,6,9,1,12,7,8,1,0,0,0,0
715,2019/20,2020-07-08,18:00,E0,25,32,Sheffield United,Wolves,1,0,H,0,0,D,M Atkinson,7,6,3,1,5,6,6,1,2,0,0,0
716,2019/20,2020-07-08,18:00,E0,31,6,West Ham,Burnley,0,1,A,0,1,A,M Oliver,21,8,5,4,7,7,10,3,1,1,0,0
717,2019/20,2020-07-08,20:15,E0,5,18,Brighton,Liverpool,1,3,A,1,2,A,C Pawson,12,19,2,8,7,15,6,10,1,4,0,0
718,2019/20,2020-07-09,18:00,E0,3,27,Bournemouth,Tottenham,0,0,D,0,0,D,P Tierney,9,9,2,0,11,14,8,12,3,2,0,0
719,2019/20,2020-07-09,18:00,E0,11,26,Everton,Southampton,1,1,D,1,1,D,L Mason,11,17,4,4,13,14,3,5,3,3,0,0
720,2019/20,2020-07-09,20:15,E0,2,21,Aston Villa,Man United,0,3,A,0,2,A,J Moss,9,14,1,6,7,13,3,5,2,3,0,0
721,2019/20,2020-07-11,12:30,E0,23,31,Norwich,West Ham,0,4,A,0,2,A,K Friend,11,19,2,7,9,8,1,6,1,0,0,0
722,2019/20,2020-07-11,12:30,E0,29,22,Watford,Newcastle,2,1,H,0,1,A,C Pawson,17,8,5,4,23,15,2,4,1,4,0,0
723,2019/20,2020-07-11,15:00,E0,18,6,Liverpool,Burnley,1,1,D,1,0,H,D Coote,23,6,9,2,7,4,12,6,1,2,0,0
724,2019/20,2020-07-11,17:30,E0,25,8,Sheffield United,Chelsea,3,0,H,2,0,H,A Marriner,9,15,4,4,8,6,4,6,1,0,0,0
725,2019/20,2020-07-11,20:00,E0,5,20,Brighton,Man City,0,5,A,0,2,A,G Scott,3,26,0,8,7,3,2,7,1,0,0,0
726,2019/20,2020-07-12,12:00,E0,32,11,Wolves,Everton,3,0,H,1,0,H,A Taylor,14,6,7,2,9,9,5,2,0,2,0,0
727,2019/20,2020-07-12,14:15,E0,2,10,Aston Villa,Crystal Palace,2,0,H,1,0,H,M Atkinson,12,9,9,5,21,21,5,1,2,4,0,1
728,2019/20,2020-07-12,16:30,E0,27,1,Tottenham,Arsenal,2,1,H,1,1,D,M Oliver,15,13,9,4,16,11,6,5,5,3,0,0
729,2019/20,2020-07-12,19:00,E0,3,17,Bournemouth,Leicester,4,1,H,0,1,A,S Attwell,10,13,4,5,11,12,2,6,2,1,0,1
730,2019/20,2020-07-13,20:00,E0,21,26,Man United,Southampton,2,2,D,2,1,H,C Kavanagh,8,9,4,5,14,15,4,6,1,3,0,0
731,2019/20,2020-07-14,20:15,E0,8,23,Chelsea,Norwich,1,0,H,1,0,H,J Moss,22,2,6,0,10,9,8,1,2,2,0,0
732,2019/20,2020-07-15,18:00,E0,6,32,Burnley,Wolves,1,1,D,0,0,D,M Dean,9,14,1,5,10,8,3,8,0,0,0,0
733,2019/20,2020-07-15,18:00,E0,20,3,Man City,Bournemouth,2,1,H,2,0,H,L Mason,8,15,4,3,10,10,3,5,1,1,0,0
734,2019/20,2020-07-15,18:00,E0,22,27,Newcastle,Tottenham,1,3,A,0,1,A,D Coote,22,8,6,5,6,13,5,4,2,3,0,0
735,2019/20,2020-07-15,20:15,E0,1,18,Arsenal,Liverpool,2,1,H,2,1,H,P Tierney,3,24,2,8,14,10,2,13,3,1,0,0
736,2019/20,2020-07-16,18:00,E0,11,2,Everton,Aston Villa,1,1,D,0,0,D,A Taylor,9,15,1,1,15,13,5,5,2,1,0,0
737,2019/20,2020-07-16,18:00,E0,17,25,Leicester,Sheffield United,2,0,H,1,0,H,M Oliver,15,5,7,1,12,10,9,5,1,2,0,0
738,2019/20,2020-07-16,20:15,E0,10,21,Crystal Palace,Man United,0,2,A,0,1,A,G Scott,13,17,5,5,10,15,2,7,1,2,0,0
739,2019/20,2020-07-16,20:15,E0,26,5,Southampton,Brighton,1,1,D,0,1,A,A Marriner,21,10,6,2,6,10,8,2,1,0,0,0
740,2019/20,2020-07-17,20:00,E0,31,29,West Ham,Watford,3,1,H,3,0,H,M Atkinson,10,14,4,3,11,11,9,3,0,2,0,0
741,2019/20,2020-07-18,17:30,E0,23,6,Norwich,Burnley,0,2,A,0,1,A,K Friend,6,23,2,8,9,16,6,8,0,0,2,0
742,2019/20,2020-07-19,14:00,E0,3,26,Bournemouth,Southampton,0,2,A,0,1,A,C Pawson,11,16,3,8,12,11,12,6,2,2,0,0
743,2019/20,2020-07-19,16:00,E0,27,17,Tottenham,Leicester,3,0,H,3,0,H,A Taylor,7,24,3,6,15,10,4,13,2,1,0,0
744,2019/20,2020-07-20,18:00,E0,5,22,Brighton,Newcastle,0,0,D,0,0,D,S Hooper,11,12,3,1,13,12,9,7,4,2,0,0
745,2019/20,2020-07-20,18:00,E0,25,11,Sheffield United,Everton,0,1,A,0,0,D,S Attwell,8,5,0,2,11,19,7,1,1,3,0,0
746,2019/20,2020-07-20,20:15,E0,32,10,Wolves,Crystal Palace,2,0,H,1,0,H,P Bankes,11,7,5,3,11,15,5,2,2,1,0,0
747,2019/20,2020-07-21,18:00,E0,29,20,Watford,Man City,0,4,A,0,2,A,M Oliver,2,26,0,10,14,11,0,8,2,0,0,0
748,2019/20,2020-07-21,20:15,E0,2,1,Aston Villa,Arsenal,1,0,H,1,0,H,C Kavanagh,8,7,3,0,13,19,8,9,2,4,0,0
749,2019/20,2020-07-22,18:00,E0,21,31,Man United,West Ham,1,1,D,0,1,A,P Tierney,11,12,4,3,10,9,2,3,3,1,0,0
750,2019/20,2020-07-22,20:15,E0,18,8,Liverpool,Chelsea,5,3,H,3,1,H,A Marriner,10,10,7,5,8,11,6,0,1,0,0,0
751,2019/20,2020-07-26,16:00,E0,1,29,Arsenal,Watford,3,2,H,3,1,H,M Dean,13,19,5,6,9,12,4,8,3,3,0,0
752,2019/20,2020-07-26,16:00,E0,6,5,Burnley,Brighton,1,2,A,1,1,D,J Moss,13,14,2,4,11,11,6,7,3,0,0,0
753,2019/20,2020-07-26,16:00,E0,8,32,Chelsea,Wolves,2,0,H,2,0,H,S Attwell,11,5,3,1,10,16,3,3,2,3,0,0
754,2019/20,2020-07-26,16:00,E0,10,27,Crystal Palace,Tottenham,1,1,D,0,1,A,A Marriner,13,7,2,2,11,13,7,2,3,2,0,0
755,2019/20,2020-07-26,16:00,E0,11,3,Everton,Bournemouth,1,3,A,1,2,A,C Kavanagh,13,13,5,7,11,9,2,5,1,0,0,0
756,2019/20,2020-07-26,16:00,E0,17,21,Leicester,Man United,0,2,A,0,0,D,M Atkinson,14,7,3,3,12,11,3,3,1,4,1,0
757,2019/20,2020-07-26,16:00,E0,20,23,Man City,Norwich,5,0,H,2,0,H,C Pawson,31,5,10,4,7,4,9,0,1,1,0,0
758,2019/20,2020-07-26,16:00,E0,22,18,Newcastle,Liverpool,1,3,A,1,1,D,A Taylor,3,14,2,6,11,5,2,4,1,0,0,0
759,2019/20,2020-07-26,16:00,E0,26,25,Southampton,Sheffield United,3,1,H,0,1,A,P Bankes,13,5,4,3,9,16,9,1,0,1,0,0
760,2019/20,2020-07-26,16:00,E0,31,2,West Ham,Aston Villa,1,1,D,0,0,D,M Oliver,10,13,1,4,16,13,0,7,2,1,0,0
761,2020/21,2020-09-12,12:30,E0,12,1,Fulham,Arsenal,0,3,A,0,1,A,C Kavanagh,5,13,2,6,12,12,2,3,2,2,0,0
762,2020/21,2020-09-12,15:00,E0,10,26,Crystal Palace,Southampton,1,0,H,1,0,H,J Moss,5,9,3,5,14,11,7,3,2,1,0,0
763,2020/21,2020-09-12,17:30,E0,18,16,Liverpool,Leeds,4,3,H,3,2,H,M Oliver,22,6,6,3,9,6,9,0,1,0,0,0
764,2020/21,2020-09-12,20:00,E0,31,22,West Ham,Newcastle,0,2,A,0,0,D,S Attwell,15,15,3,2,13,7,8,7,2,2,0,0
765,2020/21,2020-09-13,14:00,E0,30,17,West Brom,Leicester,0,3,A,0,0,D,A Taylor,7,13,1,7,12,9,2,5,1,1,0,0
766,2020/21,2020-09-13,16:30,E0,27,11,Tottenham,Everton,0,1,A,0,0,D,M Atkinson,9,15,5,4,15,7,5,3,1,0,0,0
767,2020/21,2020-09-14,20:15,E0,5,8,Brighton,Chelsea,1,3,A,0,1,A,C Pawson,13,10,3,5,8,13,4,3,1,0,0,0
768,2020/21,2020-09-14,18:00,E0,25,32,Sheffield United,Wolves,0,2,A,0,2,A,M Dean,9,11,2,4,13,7,12,5,2,1,0,0
769,2020/21,2020-09-19,12:30,E0,11,30,Everton,West Brom,5,2,H,2,1,H,M Dean,17,6,7,4,9,11,11,1,1,0,0,1
770,2020/21,2020-09-19,15:00,E0,16,12,Leeds,Fulham,4,3,H,2,1,H,A Taylor,10,14,7,6,13,18,5,3,1,2,0,0
771,2020/21,2020-09-19,17:30,E0,21,10,Man United,Crystal Palace,1,3,A,0,1,A,M Atkinson,13,14,4,5,13,10,9,3,2,1,0,0
772,2020/21,2020-09-19,20:00,E0,1,31,Arsenal,West Ham,2,1,H,1,1,D,M Oliver,7,14,3,3,11,13,7,5,0,1,0,0
773,2020/21,2020-09-20,12:00,E0,26,27,Southampton,Tottenham,2,5,A,1,1,D,D Coote,14,9,7,6,16,18,3,2,4,3,0,0
774,2020/21,2020-09-20,14:00,E0,22,5,Newcastle,Brighton,0,3,A,0,2,A,K Friend,6,13,0,6,16,15,7,1,3,0,0,1
775,2020/21,2020-09-20,16:30,E0,8,18,Chelsea,Liverpool,0,2,A,0,0,D,P Tierney,5,18,3,6,10,6,1,11,0,0,1,0
776,2020/21,2020-09-20,19:00,E0,17,6,Leicester,Burnley,4,2,H,1,1,D,L Mason,14,16,6,5,11,13,15,4,1,2,0,0
777,2020/21,2020-09-21,18:00,E0,2,25,Aston Villa,Sheffield United,1,0,H,0,0,D,G Scott,18,4,2,1,12,13,10,4,3,1,0,1
778,2020/21,2020-09-21,20:15,E0,32,20,Wolves,Man City,1,3,A,0,2,A,A Marriner,10,14,1,9,6,8,4,6,0,3,0,0
779,2020/21,2020-09-26,12:30,E0,5,21,Brighton,Man United,2,3,A,1,1,D,C Kavanagh,18,7,5,3,18,16,7,1,4,2,0,0
780,2020/21,2020-09-26,15:00,E0,10,11,Crystal Palace,Everton,1,2,A,1,2,A,K Friend,8,10,1,5,16,15,7,6,3,1,0,0
781,2020/21,2020-09-26,17:30,E0,30,8,West Brom,Chelsea,3,3,D,3,0,H,J Moss,9,22,3,10,8,16,3,9,1,3,0,0
782,2020/21,2020-09-26,20:00,E0,6,26,Burnley,Southampton,0,1,A,0,1,A,A Marriner,10,5,2,1,8,10,8,2,1,0,0,0
783,2020/21,2020-09-27,12:00,E0,25,16,Sheffield United,Leeds,0,1,A,0,0,D,P Tierney,14,17,4,9,18,4,5,7,2,1,0,0
784,2020/21,2020-09-27,14:00,E0,27,22,Tottenham,Newcastle,1,1,D,1,0,H,P Bankes,23,6,12,1,15,9,10,4,1,4,0,0
785,2020/21,2020-09-27,16:30,E0,20,17,Man City,Leicester,2,5,A,1,1,D,M Oliver,16,7,5,7,13,8,3,4,1,3,0,0
786,2020/21,2020-09-27,19:00,E0,31,32,West Ham,Wolves,4,0,H,1,0,H,M Atkinson,15,11,7,2,7,11,1,3,0,1,0,0
787,2020/21,2020-09-28,17:45,E0,12,2,Fulham,Aston Villa,0,3,A,0,2,A,S Attwell,16,12,3,5,18,14,5,3,6,3,0,0
788,2020/21,2020-09-28,20:00,E0,18,1,Liverpool,Arsenal,3,1,H,2,1,H,C Pawson,21,4,8,3,11,7,7,3,2,2,0,0
789,2020/21,2020-10-03,12:30,E0,8,10,Chelsea,Crystal Palace,4,0,H,0,0,D,M Oliver,17,4,6,0,17,13,8,5,2,0,0,0
790,2020/21,2020-10-03,15:00,E0,11,5,Everton,Brighton,4,2,H,2,1,H,S Hooper,11,11,6,3,13,14,3,10,0,1,0,0
791,2020/21,2020-10-03,17:30,E0,16,20,Leeds,Man City,1,1,D,0,1,A,M Dean,12,23,7,2,11,12,7,10,2,1,0,0
792,2020/21,2020-10-03,20:00,E0,22,6,Newcastle,Burnley,3,1,H,1,0,H,D Coote,10,7,5,3,13,17,3,4,2,3,0,0
793,2020/21,2020-10-04,12:00,E0,17,31,Leicester,West Ham,0,3,A,0,2,A,A Madley,4,14,0,6,11,8,6,4,2,2,0,0
794,2020/21,2020-10-04,12:00,E0,26,30,Southampton,West Brom,2,0,H,1,0,H,C Kavanagh,13,5,7,2,19,10,5,1,2,1,0,0
795,2020/21,2020-10-04,14:00,E0,1,25,Arsenal,Sheffield United,2,1,H,0,0,D,L Mason,6,6,5,2,3,9,2,4,0,1,0,0
796,2020/21,2020-10-04,14:00,E0,32,12,Wolves,Fulham,1,0,H,0,0,D,D England,14,10,5,2,15,8,6,2,1,1,0,0
797,2020/21,2020-10-04,16:30,E0,21,27,Man United,Tottenham,1,6,A,1,4,A,A Taylor,5,22,2,8,14,10,2,4,2,1,1,0
798,2020/21,2020-10-04,19:15,E0,2,18,Aston Villa,Liverpool,7,2,H,4,1,H,M Atkinson,18,14,11,8,7,10,2,7,2,1,0,0
799,2020/21,2020-10-17,12:30,E0,11,18,Everton,Liverpool,2,2,D,1,1,D,M Oliver,11,22,5,8,15,9,2,5,3,2,1,0
800,2020/21,2020-10-17,15:00,E0,8,26,Chelsea,Southampton,3,3,D,2,1,H,P Bankes,11,13,5,6,11,9,6,2,1,1,0,0
801,2020/21,2020-10-17,17:30,E0,20,1,Man City,Arsenal,1,0,H,1,0,H,C Kavanagh,13,11,5,3,15,10,6,6,4,1,0,0
802,2020/21,2020-10-17,20:00,E0,22,21,Newcastle,Man United,1,4,A,1,1,D,C Pawson,7,28,4,14,9,12,0,7,1,1,0,0
803,2020/21,2020-10-18,12:00,E0,25,12,Sheffield United,Fulham,1,1,D,0,0,D,A Marriner,10,15,6,6,5,9,2,5,0,2,0,0
804,2020/21,2020-10-18,14:00,E0,10,5,Crystal Palace,Brighton,1,1,D,1,0,H,S Attwell,1,20,1,3,13,12,2,5,3,2,0,1
805,2020/21,2020-10-18,16:30,E0,27,31,Tottenham,West Ham,3,3,D,3,0,H,P Tierney,11,13,6,4,13,12,3,7,0,5,0,0
806,2020/21,2020-10-18,19:15,E0,17,2,Leicester,Aston Villa,0,1,A,0,0,D,J Moss,11,10,5,4,18,18,2,7,4,3,0,0
807,2020/21,2020-10-19,17:30,E0,30,6,West Brom,Burnley,0,0,D,0,0,D,A Taylor,13,9,6,4,15,17,8,2,2,2,0,0
808,2020/21,2020-10-19,20:00,E0,16,32,Leeds,Wolves,0,1,A,0,0,D,D Coote,13,7,2,3,13,12,8,3,2,1,0,0
809,2020/21,2020-10-23,20:00,E0,2,16,Aston Villa,Leeds,0,3,A,0,0,D,P Tierney,12,27,4,9,14,17,6,5,2,2,0,0
810,2020/21,2020-10-24,12:30,E0,31,20,West Ham,Man City,1,1,D,1,0,H,A Taylor,6,14,2,7,14,6,2,10,2,0,0,0
811,2020/21,2020-10-24,15:00,E0,12,10,Fulham,Crystal Palace,1,2,A,0,1,A,G Scott,16,14,3,10,11,11,4,4,0,1,1,0
812,2020/21,2020-10-24,17:30,E0,21,8,Man United,Chelsea,0,0,D,0,0,D,M Atkinson,14,6,4,1,8,6,9,6,3,1,0,0
813,2020/21,2020-10-24,20:00,E0,18,25,Liverpool,Sheffield United,2,1,H,1,1,D,M Dean,17,13,5,2,7,15,7,3,0,3,0,0
814,2020/21,2020-10-25,14:00,E0,26,11,Southampton,Everton,2,0,H,2,0,H,K Friend,12,6,6,2,11,11,4,5,1,2,0,1
815,2020/21,2020-10-25,16:30,E0,32,22,Wolves,Newcastle,1,1,D,0,0,D,L Mason,16,5,3,2,10,10,2,3,0,1,0,0
816,2020/21,2020-10-25,19:15,E0,1,17,Arsenal,Leicester,0,1,A,0,0,D,C Pawson,12,6,4,2,13,9,9,3,3,5,0,0
817,2020/21,2020-10-26,17:30,E0,5,30,Brighton,West Brom,1,1,D,1,0,H,J Moss,5,9,3,3,14,7,6,2,2,0,0,0
818,2020/21,2020-10-26,20:00,E0,6,27,Burnley,Tottenham,0,1,A,0,0,D,M Oliver,13,9,4,3,9,7,4,5,2,0,0,0
819,2020/21,2020-10-30,20:00,E0,32,10,Wolves,Crystal Palace,2,0,H,2,0,H,M Atkinson,15,11,5,2,13,4,7,6,0,2,0,1
820,2020/21,2020-10-31,12:30,E0,25,20,Sheffield United,Man City,0,1,A,0,1,A,M Oliver,5,16,1,8,14,6,2,5,0,0,0,0
821,2020/21,2020-10-31,15:00,E0,6,8,Burnley,Chelsea,0,3,A,0,1,A,D Coote,5,14,0,9,10,15,3,4,1,0,0,0
822,2020/21,2020-10-31,17:30,E0,18,31,Liverpool,West Ham,2,1,H,1,1,D,K Friend,9,4,5,3,13,14,1,2,0,1,0,0
823,2020/21,2020-11-01,12:00,E0,2,26,Aston Villa,Southampton,3,4,A,0,3,A,D England,19,9,10,4,12,17,11,1,1,2,0,0
824,2020/21,2020-11-01,14:00,E0,22,11,Newcastle,Everton,2,1,H,0,0,D,S Attwell,11,15,4,4,9,10,5,4,2,4,0,0
825,2020/21,2020-11-01,16:30,E0,21,1,Man United,Arsenal,0,1,A,0,0,D,M Dean,8,7,2,2,12,12,6,3,3,3,0,0
826,2020/21,2020-11-01,19:15,E0,27,5,Tottenham,Brighton,2,1,H,1,0,H,G Scott,9,6,3,2,14,13,4,5,2,1,0,0
827,2020/21,2020-11-02,17:30,E0,12,30,Fulham,West Brom,2,0,H,2,0,H,S Hooper,13,10,6,1,13,11,5,2,3,2,0,0
828,2020/21,2020-11-02,20:00,E0,16,17,Leeds,Leicester,1,4,A,0,2,A,A Marriner,11,10,4,8,9,5,10,3,1,1,0,0
829,2020/21,2020-11-06,17:30,E0,5,6,Brighton,Burnley,0,0,D,0,0,D,M Dean,19,4,3,1,11,5,5,3,1,0,0,0
830,2020/21,2020-11-06,20:00,E0,26,22,Southampton,Newcastle,2,0,H,1,0,H,P Bankes,15,4,8,2,12,11,8,3,1,2,0,0
831,2020/21,2020-11-07,12:30,E0,11,21,Everton,Man United,1,3,A,1,2,A,P Tierney,7,13,1,5,12,19,5,2,4,2,0,0
832,2020/21,2020-11-07,15:00,E0,10,16,Crystal Palace,Leeds,4,1,H,3,1,H,C Kavanagh,10,9,6,3,9,1,3,6,0,2,0,0
833,2020/21,2020-11-07,17:30,E0,8,25,Chelsea,Sheffield United,4,1,H,2,1,H,J Moss,20,6,9,3,5,14,6,7,0,2,0,0
834,2020/21,2020-11-07,20:00,E0,31,12,West Ham,Fulham,1,0,H,0,0,D,R Jones,16,13,7,3,10,9,9,5,2,2,0,0
835,2020/21,2020-11-08,12:00,E0,30,27,West Brom,Tottenham,0,1,A,0,0,D,A Madley,12,19,2,5,17,12,9,6,1,0,0,0
836,2020/21,2020-11-08,14:00,E0,17,32,Leicester,Wolves,1,0,H,1,0,H,A Taylor,10,7,3,2,12,8,6,3,2,3,0,0
837,2020/21,2020-11-08,16:30,E0,20,18,Man City,Liverpool,1,1,D,1,1,D,C Pawson,7,10,2,3,19,11,1,2,3,1,0,0
838,2020/21,2020-11-08,19:15,E0,1,2,Arsenal,Aston Villa,0,3,A,0,1,A,M Atkinson,13,15,2,6,11,13,3,8,0,0,0,0
839,2020/21,2020-11-21,12:30,E0,22,8,Newcastle,Chelsea,0,2,A,0,1,A,C Pawson,8,14,1,3,11,12,7,4,2,0,0,0
840,2020/21,2020-11-21,15:00,E0,2,5,Aston Villa,Brighton,1,2,A,0,1,A,M Oliver,15,7,4,3,5,18,12,3,2,1,0,1
841,2020/21,2020-11-21,17:30,E0,27,20,Tottenham,Man City,2,0,H,1,0,H,M Dean,4,22,2,5,13,19,0,10,2,2,0,0
842,2020/21,2020-11-21,20:00,E0,21,30,Man United,West Brom,1,0,H,0,0,D,D Coote,17,7,7,2,12,17,8,2,1,1,0,0
843,2020/21,2020-11-22,12:00,E0,12,11,Fulham,Everton,2,3,A,1,3,A,A Madley,14,9,6,7,14,10,2,5,2,0,0,0
844,2020/21,2020-11-22,14:00,E0,25,31,Sheffield United,West Ham,0,1,A,0,0,D,M Atkinson,9,15,5,3,7,6,2,6,0,0,0,0
845,2020/21,2020-11-22,16:30,E0,16,1,Leeds,Arsenal,0,0,D,0,0,D,A Taylor,25,9,4,2,9,8,5,3,3,0,0,1
846,2020/21,2020-11-22,19:15,E0,18,17,Liverpool,Leicester,3,0,H,2,0,H,C Kavanagh,24,11,13,4,15,6,10,3,0,2,0,0
847,2020/21,2020-11-23,17:30,E0,6,10,Burnley,Crystal Palace,1,0,H,1,0,H,K Friend,10,15,4,5,13,9,4,7,2,0,0,0
848,2020/21,2020-11-23,20:00,E0,32,26,Wolves,Southampton,1,1,D,0,0,D,A Marriner,20,7,9,2,14,13,7,4,2,0,0,0
849,2020/21,2020-11-27,20:00,E0,10,22,Crystal Palace,Newcastle,0,2,A,0,0,D,G Scott,12,14,3,7,9,10,7,3,2,2,0,0
850,2020/21,2020-11-28,12:30,E0,5,18,Brighton,Liverpool,1,1,D,0,0,D,S Attwell,11,6,3,2,9,13,4,3,2,1,0,0
851,2020/21,2020-11-28,15:00,E0,20,6,Man City,Burnley,5,0,H,3,0,H,L Mason,19,9,6,1,12,4,6,4,0,0,0,0
852,2020/21,2020-11-28,17:30,E0,11,16,Everton,Leeds,0,1,A,0,0,D,C Kavanagh,15,23,8,7,8,14,4,2,1,2,0,0
853,2020/21,2020-11-28,20:00,E0,30,25,West Brom,Sheffield United,1,0,H,1,0,H,M Dean,17,21,6,5,10,9,14,9,2,3,0,0
854,2020/21,2020-11-29,14:00,E0,26,21,Southampton,Man United,2,3,A,2,0,H,J Moss,10,15,5,6,12,12,5,9,1,0,0,0
855,2020/21,2020-11-29,16:30,E0,8,27,Chelsea,Tottenham,0,0,D,0,0,D,P Tierney,13,5,3,1,20,9,3,3,4,2,0,0
856,2020/21,2020-11-29,19:15,E0,1,32,Arsenal,Wolves,1,2,A,1,2,A,M Oliver,13,11,2,5,13,13,8,4,3,4,0,0
857,2020/21,2020-11-30,17:30,E0,17,12,Leicester,Fulham,1,2,A,0,2,A,S Hooper,16,10,3,5,9,21,6,5,0,2,0,0
858,2020/21,2020-11-30,20:00,E0,31,2,West Ham,Aston Villa,2,1,H,1,1,D,P Bankes,6,16,2,6,20,7,3,7,1,1,0,0
859,2020/21,2020-12-05,12:30,E0,6,11,Burnley,Everton,1,1,D,1,1,D,A Taylor,8,13,3,6,6,9,8,4,0,0,0,0
860,2020/21,2020-12-05,15:00,E0,20,12,Man City,Fulham,2,0,H,2,0,H,J Moss,16,6,6,1,7,6,9,3,0,0,0,0
861,2020/21,2020-12-05,17:30,E0,31,21,West Ham,Man United,1,3,A,1,0,H,A Marriner,19,15,6,6,9,10,5,4,0,0,0,0
862,2020/21,2020-12-05,20:00,E0,8,16,Chelsea,Leeds,3,1,H,1,1,D,K Friend,23,8,11,3,12,9,8,4,0,2,0,0
863,2020/21,2020-12-06,12:00,E0,30,10,West Brom,Crystal Palace,1,5,A,1,1,D,P Tierney,9,18,4,6,10,16,4,6,2,2,1,0
864,2020/21,2020-12-06,14:15,E0,25,17,Sheffield United,Leicester,1,2,A,1,1,D,S Attwell,4,13,1,4,13,6,6,5,1,3,0,0
865,2020/21,2020-12-06,16:30,E0,27,1,Tottenham,Arsenal,2,0,H,2,0,H,M Atkinson,6,11,3,2,16,12,3,9,1,2,0,0
866,2020/21,2020-12-06,19:15,E0,18,32,Liverpool,Wolves,4,0,H,1,0,H,C Pawson,11,9,6,3,8,14,4,6,1,1,0,0
867,2020/21,2020-12-07,20:00,E0,5,26,Brighton,Southampton,1,2,A,1,1,D,D Coote,12,10,4,3,12,12,4,3,3,3,0,0
868,2020/21,2020-12-11,20:00,E0,16,31,Leeds,West Ham,1,2,A,1,1,D,M Oliver,13,19,7,8,12,10,5,6,1,2,0,0
869,2020/21,2020-12-12,12:30,E0,32,2,Wolves,Aston Villa,0,1,A,0,0,D,M Dean,16,13,7,2,23,15,5,8,2,5,0,0
870,2020/21,2020-12-12,15:00,E0,22,30,Newcastle,West Brom,2,1,H,1,0,H,D England,12,13,7,3,9,12,4,3,2,3,0,0
871,2020/21,2020-12-12,17:30,E0,21,20,Man United,Man City,0,0,D,0,0,D,C Kavanagh,11,9,2,2,13,6,4,3,1,1,0,0
872,2020/21,2020-12-12,20:00,E0,11,8,Everton,Chelsea,1,0,H,1,0,H,J Moss,9,10,4,3,10,11,6,6,2,3,0,0
873,2020/21,2020-12-13,12:00,E0,26,25,Southampton,Sheffield United,3,0,H,1,0,H,A Madley,16,3,6,0,8,14,8,4,0,1,0,0
874,2020/21,2020-12-13,14:15,E0,10,27,Crystal Palace,Tottenham,1,1,D,0,1,A,K Friend,16,14,5,6,15,11,4,7,1,1,0,0
875,2020/21,2020-12-13,16:30,E0,12,18,Fulham,Liverpool,1,1,D,1,0,H,A Marriner,10,12,5,6,9,5,6,8,3,1,0,0
876,2020/21,2020-12-13,19:15,E0,1,6,Arsenal,Burnley,0,1,A,0,0,D,G Scott,18,10,6,2,5,11,13,4,2,1,1,0
877,2020/21,2020-12-13,19:15,E0,17,5,Leicester,Brighton,3,0,H,3,0,H,M Atkinson,15,12,6,4,9,11,9,5,2,1,0,0
878,2020/21,2020-12-15,18:00,E0,32,8,Wolves,Chelsea,2,1,H,0,0,D,S Attwell,12,13,4,3,12,12,5,6,2,2,0,0
879,2020/21,2020-12-15,20:00,E0,20,30,Man City,West Brom,1,1,D,1,1,D,P Bankes,26,5,7,1,5,8,13,2,2,3,0,0
880,2020/21,2020-12-16,18:00,E0,1,26,Arsenal,Southampton,1,1,D,0,1,A,P Tierney,9,13,4,3,13,13,2,7,1,3,1,0
881,2020/21,2020-12-16,18:00,E0,16,22,Leeds,Newcastle,5,2,H,1,1,D,S Hooper,25,10,10,4,10,13,7,4,3,1,0,0
882,2020/21,2020-12-16,18:00,E0,17,11,Leicester,Everton,0,2,A,0,1,A,L Mason,14,11,2,6,12,9,4,6,2,3,0,0
883,2020/21,2020-12-16,20:00,E0,12,5,Fulham,Brighton,0,0,D,0,0,D,R Jones,9,9,4,4,15,11,1,8,1,0,0,0
884,2020/21,2020-12-16,20:00,E0,18,27,Liverpool,Tottenham,2,1,H,1,1,D,A Taylor,17,8,11,2,8,9,7,4,0,2,0,0
885,2020/21,2020-12-16,20:00,E0,31,10,West Ham,Crystal Palace,1,1,D,0,1,A,D Coote,9,8,2,2,8,12,5,3,0,1,0,1
886,2020/21,2020-12-17,18:00,E0,2,6,Aston Villa,Burnley,0,0,D,0,0,D,C Pawson,27,6,7,4,17,19,11,1,1,1,0,0
887,2020/21,2020-12-17,20:00,E0,25,21,Sheffield United,Man United,2,3,A,1,2,A,M Oliver,12,14,6,8,17,8,6,3,3,2,0,0
888,2020/21,2020-12-19,12:30,E0,10,18,Crystal Palace,Liverpool,0,7,A,0,3,A,J Moss,5,14,3,8,5,11,5,4,1,0,0,0
889,2020/21,2020-12-19,15:00,E0,26,20,Southampton,Man City,0,1,A,0,1,A,M Dean,9,11,3,5,9,11,6,6,2,2,0,0
890,2020/21,2020-12-19,17:30,E0,11,1,Everton,Arsenal,2,1,H,2,1,H,A Marriner,9,13,2,2,9,9,4,3,1,3,0,0
891,2020/21,2020-12-19,20:00,E0,22,12,Newcastle,Fulham,1,1,D,0,1,A,G Scott,12,11,5,4,7,17,2,9,1,2,0,1
892,2020/21,2020-12-20,12:00,E0,5,25,Brighton,Sheffield United,1,1,D,0,0,D,P Bankes,21,5,5,3,9,11,14,2,1,5,0,1
893,2020/21,2020-12-20,14:15,E0,27,17,Tottenham,Leicester,0,2,A,0,1,A,C Pawson,8,17,3,4,15,14,5,3,2,2,0,0
894,2020/21,2020-12-20,16:30,E0,21,16,Man United,Leeds,6,2,H,4,1,H,A Taylor,26,17,14,3,6,6,11,13,1,0,0,0
895,2020/21,2020-12-20,19:15,E0,30,2,West Brom,Aston Villa,0,3,A,0,1,A,M Atkinson,1,19,1,10,14,8,1,7,1,2,1,0
896,2020/21,2020-12-21,17:30,E0,6,32,Burnley,Wolves,2,1,H,1,0,H,L Mason,10,15,4,3,11,15,1,7,2,1,0,0
897,2020/21,2020-12-21,20:00,E0,8,31,Chelsea,West Ham,3,0,H,1,0,H,C Kavanagh,11,6,7,0,11,6,5,4,0,0,0,0
898,2020/21,2020-12-26,12:30,E0,17,21,Leicester,Man United,2,2,D,1,1,D,M Dean,10,9,2,4,10,17,5,0,2,1,0,0
899,2020/21,2020-12-26,15:00,E0,2,10,Aston Villa,Crystal Palace,3,0,H,1,0,H,A Taylor,21,13,10,6,18,16,4,4,1,4,1,0
900,2020/21,2020-12-26,15:00,E0,12,26,Fulham,Southampton,0,0,D,0,0,D,D England,10,3,1,2,15,12,6,3,2,0,0,0
901,2020/21,2020-12-26,17:30,E0,1,8,Arsenal,Chelsea,3,1,H,2,0,H,M Oliver,15,19,7,3,13,10,7,9,2,1,0,0
902,2020/21,2020-12-26,20:00,E0,20,22,Man City,Newcastle,2,0,H,1,0,H,A Marriner,11,7,6,2,5,12,7,3,2,2,0,0
903,2020/21,2020-12-26,20:00,E0,25,11,Sheffield United,Everton,0,1,A,0,0,D,D Coote,10,7,2,3,11,10,6,3,2,4,0,0
904,2020/21,2020-12-27,12:00,E0,16,6,Leeds,Burnley,1,0,H,1,0,H,R Jones,11,14,4,6,8,14,4,12,0,3,0,0
905,2020/21,2020-12-27,14:15,E0,31,5,West Ham,Brighton,2,2,D,0,1,A,S Hooper,11,13,4,4,6,8,5,4,0,0,0,0
906,2020/21,2020-12-27,16:30,E0,18,30,Liverpool,West Brom,1,1,D,1,0,H,K Friend,17,5,2,3,8,5,8,3,0,1,0,0
907,2020/21,2020-12-27,19:15,E0,32,27,Wolves,Tottenham,1,1,D,0,1,A,P Tierney,11,6,6,3,20,13,9,2,4,1,0,0
908,2020/21,2020-12-28,15:00,E0,10,17,Crystal Palace,Leicester,1,1,D,0,0,D,G Scott,4,17,1,3,10,7,2,5,0,1,0,0
909,2020/21,2020-12-28,17:30,E0,8,2,Chelsea,Aston Villa,1,1,D,1,0,H,S Attwell,16,10,5,2,16,3,11,4,3,1,0,0
910,2020/21,2020-12-29,18:00,E0,5,1,Brighton,Arsenal,0,1,A,0,0,D,M Atkinson,13,11,2,3,11,4,5,4,2,0,0,0
911,2020/21,2020-12-29,18:00,E0,6,25,Burnley,Sheffield United,1,0,H,1,0,H,C Kavanagh,5,7,3,3,13,17,3,5,1,2,0,0
912,2020/21,2020-12-29,18:00,E0,26,31,Southampton,West Ham,0,0,D,0,0,D,A Madley,8,8,3,3,16,15,4,3,3,1,0,0
913,2020/21,2020-12-29,18:00,E0,30,16,West Brom,Leeds,0,5,A,0,4,A,L Mason,4,14,1,6,7,10,3,10,0,1,0,0
914,2020/21,2020-12-29,20:00,E0,21,32,Man United,Wolves,1,0,H,0,0,D,J Moss,11,9,3,5,11,7,2,2,1,1,0,0
915,2020/21,2020-12-30,20:00,E0,22,18,Newcastle,Liverpool,0,0,D,0,0,D,P Tierney,8,11,2,4,9,13,5,12,2,3,0,0
916,2020/21,2021-01-01,17:30,E0,11,31,Everton,West Ham,0,1,A,0,0,D,K Friend,10,11,2,5,9,7,5,4,2,0,0,0
917,2020/21,2021-01-01,20:00,E0,21,2,Man United,Aston Villa,2,1,H,1,0,H,M Oliver,19,5,9,5,22,10,5,10,4,0,0,0
918,2020/21,2021-01-02,12:30,E0,27,16,Tottenham,Leeds,3,0,H,2,0,H,D Coote,20,18,7,5,15,13,3,5,2,1,1,0
919,2020/21,2021-01-02,15:00,E0,10,25,Crystal Palace,Sheffield United,2,0,H,2,0,H,S Attwell,9,7,4,2,8,18,3,6,1,3,0,0
920,2020/21,2021-01-02,17:30,E0,5,32,Brighton,Wolves,3,3,D,1,3,A,A Madley,13,11,4,4,13,8,5,8,2,1,0,0
921,2020/21,2021-01-02,20:00,E0,30,1,West Brom,Arsenal,0,4,A,0,2,A,M Atkinson,7,21,3,12,7,4,3,5,1,2,0,0
922,2020/21,2021-01-03,14:15,E0,22,17,Newcastle,Leicester,1,2,A,0,0,D,R Jones,8,9,2,3,10,11,3,6,0,2,0,0
923,2020/21,2021-01-03,16:30,E0,8,20,Chelsea,Man City,1,3,A,0,3,A,A Taylor,9,18,2,6,11,10,5,3,3,1,0,0
924,2020/21,2021-01-04,20:00,E0,26,18,Southampton,Liverpool,1,0,H,1,0,H,A Marriner,7,17,3,1,5,12,1,10,1,3,0,0
925,2020/21,2021-01-12,18:00,E0,25,22,Sheffield United,Newcastle,1,0,H,0,0,D,A Madley,17,7,4,3,13,12,5,2,2,3,0,1
926,2020/21,2021-01-12,20:15,E0,6,21,Burnley,Man United,0,1,A,0,0,D,K Friend,11,13,0,7,15,13,3,4,1,2,0,0
927,2020/21,2021-01-12,20:15,E0,32,11,Wolves,Everton,1,2,A,1,1,D,M Atkinson,12,5,3,3,6,11,6,5,2,2,0,0
928,2020/21,2021-01-13,18:00,E0,20,5,Man City,Brighton,1,0,H,1,0,H,D England,16,5,6,1,4,12,8,4,0,2,0,0
929,2020/21,2021-01-13,20:15,E0,27,12,Tottenham,Fulham,1,1,D,1,0,H,P Tierney,15,15,6,4,13,15,6,5,1,2,0,0
930,2020/21,2021-01-14,20:00,E0,1,10,Arsenal,Crystal Palace,0,0,D,0,0,D,A Marriner,11,12,4,2,10,11,7,3,1,1,0,0
931,2020/21,2021-01-16,12:30,E0,32,30,Wolves,West Brom,2,3,A,2,1,H,M Oliver,23,12,6,5,10,14,11,0,2,1,0,0
932,2020/21,2021-01-16,15:00,E0,16,5,Leeds,Brighton,0,1,A,0,1,A,K Friend,7,7,2,2,8,9,5,2,1,1,0,0
933,2020/21,2021-01-16,15:00,E0,31,6,West Ham,Burnley,1,0,H,1,0,H,C Kavanagh,15,10,4,2,12,9,7,4,2,1,0,0
934,2020/21,2021-01-16,17:30,E0,12,8,Fulham,Chelsea,0,1,A,0,0,D,P Bankes,10,21,3,6,11,10,1,12,2,3,1,0
935,2020/21,2021-01-16,20:00,E0,17,26,Leicester,Southampton,2,0,H,1,0,H,S Attwell,16,8,5,3,10,11,2,5,2,2,0,0
936,2020/21,2021-01-17,14:00,E0,25,27,Sheffield United,Tottenham,1,3,A,0,2,A,A Marriner,15,14,5,5,13,4,5,7,4,0,0,0
937,2020/21,2021-01-17,16:30,E0,18,21,Liverpool,Man United,0,0,D,0,0,D,P Tierney,17,8,3,4,15,6,7,3,2,1,0,0
938,2020/21,2021-01-17,19:15,E0,20,10,Man City,Crystal Palace,4,0,H,1,0,H,L Mason,13,2,6,0,9,8,11,1,0,0,0,0
939,2020/21,2021-01-18,20:00,E0,1,22,Arsenal,Newcastle,3,0,H,0,0,D,D Coote,20,4,6,1,9,8,7,2,0,0,0,0
940,2020/21,2021-01-19,18:00,E0,31,30,West Ham,West Brom,2,1,H,1,0,H,G Scott,14,6,6,2,10,10,3,1,0,1,0,0
941,2020/21,2021-01-19,20:15,E0,17,8,Leicester,Chelsea,2,0,H,2,0,H,C Pawson,8,9,6,5,7,16,6,3,1,3,0,0
942,2020/21,2021-01-20,18:00,E0,20,2,Man City,Aston Villa,2,0,H,0,0,D,J Moss,28,11,9,4,10,9,16,2,0,2,0,0
943,2020/21,2021-01-20,20:15,E0,12,21,Fulham,Man United,1,2,A,1,1,D,M Atkinson,12,15,5,5,6,10,2,8,3,1,0,0
944,2020/21,2021-01-21,20:00,E0,18,6,Liverpool,Burnley,0,1,A,0,0,D,M Dean,27,6,6,4,11,8,12,0,2,1,0,0
945,2020/21,2021-01-23,20:00,E0,2,22,Aston Villa,Newcastle,2,0,H,2,0,H,S Hooper,14,7,5,1,9,18,5,4,0,3,0,0
946,2020/21,2021-01-26,18:00,E0,10,31,Crystal Palace,West Ham,2,3,A,1,2,A,S Attwell,6,17,3,7,9,8,3,4,0,0,0,0
947,2020/21,2021-01-26,18:00,E0,22,16,Newcastle,Leeds,1,2,A,0,1,A,A Taylor,22,9,5,2,10,15,9,5,1,3,0,0
948,2020/21,2021-01-26,20:15,E0,26,1,Southampton,Arsenal,1,3,A,1,2,A,K Friend,13,9,5,5,11,6,4,5,1,2,0,0
949,2020/21,2021-01-26,20:15,E0,30,20,West Brom,Man City,0,5,A,0,4,A,C Kavanagh,4,18,1,7,8,8,3,8,2,0,0,0
950,2020/21,2021-01-27,18:00,E0,6,2,Burnley,Aston Villa,3,2,H,0,1,A,P Tierney,10,18,5,10,16,7,2,4,1,0,0,0
951,2020/21,2021-01-27,18:00,E0,8,32,Chelsea,Wolves,0,0,D,0,0,D,A Madley,14,4,5,0,14,7,13,1,1,1,0,0
952,2020/21,2021-01-27,19:30,E0,5,12,Brighton,Fulham,0,0,D,0,0,D,C Pawson,16,10,5,3,10,14,10,0,2,1,0,0
953,2020/21,2021-01-27,20:15,E0,11,17,Everton,Leicester,1,1,D,1,0,H,M Dean,8,19,2,6,12,10,5,11,1,1,0,0
954,2020/21,2021-01-27,20:15,E0,21,25,Man United,Sheffield United,1,2,A,0,1,A,P Bankes,16,5,4,3,10,12,7,2,1,1,0,0
955,2020/21,2021-01-28,20:00,E0,27,18,Tottenham,Liverpool,1,3,A,0,1,A,M Atkinson,3,14,2,7,9,11,1,2,1,2,0,0
956,2020/21,2021-01-30,12:30,E0,11,22,Everton,Newcastle,0,2,A,0,0,D,S Attwell,11,13,3,3,13,6,7,12,3,4,0,0
957,2020/21,2021-01-30,15:00,E0,10,32,Crystal Palace,Wolves,1,0,H,0,0,D,S Hooper,11,6,2,4,7,10,1,6,1,2,0,0
958,2020/21,2021-01-30,15:00,E0,20,25,Man City,Sheffield United,1,0,H,1,0,H,D Coote,10,4,5,1,7,10,10,0,0,3,0,0
959,2020/21,2021-01-30,15:00,E0,30,12,West Brom,Fulham,2,2,D,0,1,A,A Taylor,5,12,3,7,9,10,2,3,1,0,0,0
960,2020/21,2021-01-30,17:30,E0,1,21,Arsenal,Man United,0,0,D,0,0,D,M Oliver,17,14,3,3,9,16,4,7,1,3,0,0
961,2020/21,2021-01-30,20:00,E0,26,2,Southampton,Aston Villa,0,1,A,0,1,A,L Mason,20,8,5,4,12,11,7,1,1,0,0,0
962,2020/21,2021-01-31,12:00,E0,8,6,Chelsea,Burnley,2,0,H,1,0,H,G Scott,19,1,8,0,7,9,4,2,0,1,0,0
963,2020/21,2021-01-31,14:00,E0,17,16,Leicester,Leeds,1,3,A,1,1,D,C Kavanagh,18,8,8,7,17,16,6,4,0,3,0,0
964,2020/21,2021-01-31,16:30,E0,31,18,West Ham,Liverpool,1,3,A,0,0,D,J Moss,8,14,2,5,7,8,6,5,2,0,0,0
965,2020/21,2021-01-31,19:15,E0,5,27,Brighton,Tottenham,1,0,H,1,0,H,P Bankes,16,8,5,4,11,11,9,2,2,1,0,0
966,2020/21,2021-02-02,18:00,E0,25,30,Sheffield United,West Brom,2,1,H,0,1,A,P Tierney,14,8,6,4,11,9,9,2,2,1,0,0
967,2020/21,2021-02-02,18:00,E0,32,1,Wolves,Arsenal,2,1,H,1,1,D,C Pawson,11,9,7,3,11,8,9,6,3,2,0,2
968,2020/21,2021-02-02,20:15,E0,21,26,Man United,Southampton,9,0,H,4,0,H,M Dean,24,3,14,1,11,6,5,3,2,3,0,2
969,2020/21,2021-02-02,20:15,E0,22,10,Newcastle,Crystal Palace,1,2,A,1,2,A,D England,21,6,5,3,14,11,9,1,1,3,0,0
970,2020/21,2021-02-03,18:00,E0,6,20,Burnley,Man City,0,2,A,0,2,A,M Atkinson,2,17,0,6,8,5,1,3,2,1,0,0
971,2020/21,2021-02-03,18:00,E0,12,17,Fulham,Leicester,0,2,A,0,2,A,R Jones,8,9,1,5,17,10,5,2,3,1,0,0
972,2020/21,2021-02-03,19:30,E0,16,11,Leeds,Everton,1,2,A,0,2,A,M Oliver,16,10,7,6,12,12,7,1,2,3,0,0
973,2020/21,2021-02-03,20:15,E0,2,31,Aston Villa,West Ham,1,3,A,0,0,D,A Madley,9,20,2,10,11,15,7,3,1,1,0,0
974,2020/21,2021-02-03,20:15,E0,18,5,Liverpool,Brighton,0,1,A,0,0,D,K Friend,11,13,1,4,12,6,6,3,1,0,0,0
975,2020/21,2021-02-04,20:00,E0,27,8,Tottenham,Chelsea,0,1,A,0,1,A,A Marriner,7,18,2,2,20,14,2,7,2,3,0,0
976,2020/21,2021-02-06,12:30,E0,2,1,Aston Villa,Arsenal,1,0,H,1,0,H,C Kavanagh,12,14,8,3,12,12,3,7,3,2,0,0
977,2020/21,2021-02-06,15:00,E0,6,5,Burnley,Brighton,1,1,D,0,1,A,A Taylor,20,10,7,2,8,10,8,7,2,0,0,0
978,2020/21,2021-02-06,15:00,E0,22,26,Newcastle,Southampton,3,2,H,3,1,H,C Pawson,6,14,4,5,11,14,0,7,2,1,1,0
979,2020/21,2021-02-06,17:30,E0,12,31,Fulham,West Ham,0,0,D,0,0,D,M Dean,20,8,2,1,11,10,7,3,1,2,0,1
980,2020/21,2021-02-06,20:00,E0,21,11,Man United,Everton,3,3,D,2,0,H,J Moss,14,6,5,3,14,10,5,1,2,1,0,0
981,2020/21,2021-02-07,12:00,E0,27,30,Tottenham,West Brom,2,0,H,0,0,D,S Attwell,13,4,6,1,16,12,8,0,1,2,0,0
982,2020/21,2021-02-07,14:00,E0,32,17,Wolves,Leicester,0,0,D,0,0,D,M Atkinson,13,13,1,3,11,15,8,2,1,3,0,0
983,2020/21,2021-02-07,16:30,E0,18,20,Liverpool,Man City,1,4,A,0,0,D,M Oliver,8,8,3,5,13,8,6,1,2,1,0,0
984,2020/21,2021-02-07,19:15,E0,25,8,Sheffield United,Chelsea,1,2,A,0,1,A,K Friend,8,9,3,3,8,8,1,8,1,0,0,0
985,2020/21,2021-02-08,20:00,E0,16,10,Leeds,Crystal Palace,2,0,H,1,0,H,A Marriner,17,8,7,3,7,8,5,3,0,2,0,0
986,2020/21,2021-02-13,12:30,E0,17,18,Leicester,Liverpool,3,1,H,0,0,D,A Taylor,11,15,6,4,9,6,2,12,1,2,0,0
987,2020/21,2021-02-13,15:00,E0,10,6,Crystal Palace,Burnley,0,3,A,0,2,A,M Oliver,13,16,3,4,15,14,7,4,0,0,0,0
988,2020/21,2021-02-13,17:30,E0,20,27,Man City,Tottenham,3,0,H,1,0,H,P Tierney,15,7,6,3,12,13,4,2,1,3,0,0
989,2020/21,2021-02-13,20:00,E0,5,2,Brighton,Aston Villa,0,0,D,0,0,D,D England,26,4,9,1,16,12,9,2,2,3,0,0
990,2020/21,2021-02-14,12:00,E0,26,32,Southampton,Wolves,1,2,A,1,0,H,G Scott,7,10,3,4,10,9,4,6,2,2,0,0
991,2020/21,2021-02-14,14:00,E0,30,21,West Brom,Man United,1,1,D,1,1,D,C Pawson,7,10,3,7,13,10,4,5,5,0,0,0
992,2020/21,2021-02-14,16:30,E0,1,16,Arsenal,Leeds,4,2,H,3,0,H,S Attwell,13,9,5,5,8,17,4,5,0,2,0,0
993,2020/21,2021-02-14,19:00,E0,11,12,Everton,Fulham,0,2,A,0,0,D,A Madley,7,12,2,3,7,16,5,4,1,1,0,0
994,2020/21,2021-02-15,18:00,E0,31,25,West Ham,Sheffield United,3,0,H,1,0,H,S Hooper,13,8,9,5,11,12,7,7,0,2,0,0
995,2020/21,2021-02-15,20:00,E0,8,22,Chelsea,Newcastle,2,0,H,2,0,H,P Bankes,18,10,5,4,9,13,10,5,0,0,0,0
996,2020/21,2021-02-17,18:00,E0,6,12,Burnley,Fulham,1,1,D,0,0,D,J Moss,8,8,3,3,7,13,5,5,1,1,0,0
997,2020/21,2021-02-17,20:15,E0,11,20,Everton,Man City,1,3,A,1,1,D,A Marriner,3,16,2,7,8,8,0,10,2,1,0,0
998,2020/21,2021-02-19,20:00,E0,32,16,Wolves,Leeds,1,0,H,0,0,D,D Coote,15,18,5,7,13,8,7,9,1,0,0,0
999,2020/21,2021-02-20,12:30,E0,26,8,Southampton,Chelsea,1,1,D,1,0,H,A Taylor,4,9,1,3,10,10,3,6,1,1,0,0
1000,2020/21,2021-02-20,15:00,E0,6,30,Burnley,West Brom,0,0,D,0,0,D,M Dean,6,10,1,3,16,10,5,5,3,0,0,1
1001,2020/21,2021-02-20,17:30,E0,18,11,Liverpool,Everton,0,2,A,0,1,A,C Kavanagh,15,9,6,6,10,10,7,2,2,1,0,0
1002,2020/21,2021-02-20,20:00,E0,12,25,Fulham,Sheffield United,1,0,H,0,0,D,M Atkinson,15,4,7,2,11,14,6,4,1,2,0,0
1003,2020/21,2021-02-21,12:00,E0,31,27,West Ham,Tottenham,2,1,H,1,0,H,C Pawson,4,20,4,4,14,7,5,7,4,3,0,0
1004,2020/21,2021-02-21,14:05,E0,2,17,Aston Villa,Leicester,1,2,A,0,2,A,M Oliver,11,16,2,7,11,12,7,8,2,1,0,0
1005,2020/21,2021-02-21,16:30,E0,1,20,Arsenal,Man City,0,1,A,0,1,A,J Moss,7,15,1,3,11,9,1,3,2,2,0,0
1006,2020/21,2021-02-21,19:00,E0,21,22,Man United,Newcastle,3,1,H,1,1,D,P Tierney,15,10,7,6,9,11,6,4,1,2,0,0
1007,2020/21,2021-02-22,20:00,E0,5,10,Brighton,Crystal Palace,1,2,A,0,1,A,K Friend,25,3,5,2,11,6,13,0,2,0,0,0
1008,2020/21,2021-02-23,18:00,E0,16,26,Leeds,Southampton,3,0,H,0,0,D,A Marriner,11,13,7,5,11,13,2,4,1,2,0,0
1009,2020/21,2021-02-27,12:30,E0,20,31,Man City,West Ham,2,1,H,1,1,D,M Oliver,10,9,3,3,8,11,4,2,1,1,0,0
1010,2020/21,2021-02-27,15:00,E0,30,5,West Brom,Brighton,1,0,H,1,0,H,L Mason,6,15,2,6,11,12,7,4,0,0,0,0
1011,2020/21,2021-02-27,17:30,E0,16,2,Leeds,Aston Villa,0,1,A,0,1,A,P Bankes,13,9,3,4,14,14,7,5,3,2,0,0
1012,2020/21,2021-02-27,20:00,E0,22,32,Newcastle,Wolves,1,1,D,0,0,D,M Dean,19,14,7,4,11,13,3,5,2,0,0,0
1013,2020/21,2021-02-28,12:00,E0,10,12,Crystal Palace,Fulham,0,0,D,0,0,D,A Taylor,3,16,0,4,10,14,1,3,1,1,0,0
1014,2020/21,2021-02-28,12:00,E0,17,1,Leicester,Arsenal,1,3,A,1,2,A,P Tierney,8,12,3,4,15,3,2,7,2,1,0,0
1015,2020/21,2021-02-28,14:00,E0,27,6,Tottenham,Burnley,4,0,H,3,0,H,K Friend,16,10,7,3,6,10,3,4,0,0,0,0
1016,2020/21,2021-02-28,16:30,E0,8,21,Chelsea,Man United,0,0,D,0,0,D,S Attwell,18,11,6,4,11,12,3,4,1,2,0,0
1017,2020/21,2021-02-28,19:15,E0,25,18,Sheffield United,Liverpool,0,2,A,0,0,D,J Moss,8,16,2,8,9,9,4,3,0,0,0,0
1018,2020/21,2021-03-01,20:00,E0,11,26,Everton,Southampton,1,0,H,1,0,H,M Atkinson,7,9,1,1,13,9,4,10,0,2,0,0
1019,2020/21,2021-03-02,20:00,E0,20,32,Man City,Wolves,4,1,H,1,0,H,C Kavanagh,22,6,10,1,9,5,10,2,0,1,0,0
1020,2020/21,2021-03-03,18:00,E0,6,17,Burnley,Leicester,1,1,D,1,1,D,A Madley,12,15,7,4,6,12,5,8,0,2,0,0
1021,2020/21,2021-03-03,18:00,E0,25,2,Sheffield United,Aston Villa,1,0,H,1,0,H,R Jones,9,16,2,4,13,6,2,7,1,0,1,0
1022,2020/21,2021-03-03,20:15,E0,10,21,Crystal Palace,Man United,0,0,D,0,0,D,A Marriner,8,11,2,1,4,13,4,6,1,0,0,0
1023,2020/21,2021-03-04,18:00,E0,12,27,Fulham,Tottenham,0,1,A,0,1,A,D Coote,11,9,3,2,13,9,4,1,2,1,0,0
1024,2020/21,2021-03-04,18:00,E0,30,11,West Brom,Everton,0,1,A,0,0,D,D England,11,11,3,3,9,7,3,3,3,1,0,0
1025,2020/21,2021-03-04,20:15,E0,18,8,Liverpool,Chelsea,0,1,A,0,1,A,M Atkinson,7,11,1,5,9,8,5,2,0,0,0,0
1026,2020/21,2021-03-06,12:30,E0,6,1,Burnley,Arsenal,1,1,D,1,1,D,A Marriner,9,15,5,3,5,12,2,4,1,1,0,0
1027,2020/21,2021-03-06,15:00,E0,25,26,Sheffield United,Southampton,0,2,A,0,1,A,P Tierney,8,15,2,5,17,11,7,3,4,3,0,0
1028,2020/21,2021-03-06,17:30,E0,2,32,Aston Villa,Wolves,0,0,D,0,0,D,A Madley,9,10,1,2,13,13,5,3,1,0,0,0
1029,2020/21,2021-03-06,20:00,E0,5,17,Brighton,Leicester,1,2,A,1,0,H,M Oliver,7,8,2,4,14,8,6,6,0,1,0,0
1030,2020/21,2021-03-07,12:00,E0,30,22,West Brom,Newcastle,0,0,D,0,0,D,M Atkinson,13,9,3,5,11,10,9,7,0,0,0,0
1031,2020/21,2021-03-07,14:00,E0,18,12,Liverpool,Fulham,0,1,A,0,1,A,K Friend,16,10,3,3,10,8,9,4,2,3,0,0
1032,2020/21,2021-03-07,16:30,E0,20,21,Man City,Man United,0,2,A,0,1,A,A Taylor,23,8,6,6,9,12,6,2,0,3,0,0
1033,2020/21,2021-03-07,19:15,E0,27,10,Tottenham,Crystal Palace,4,1,H,1,1,D,S Attwell,12,5,5,1,8,17,1,5,2,3,0,0
1034,2020/21,2021-03-08,18:00,E0,8,11,Chelsea,Everton,2,0,H,1,0,H,D Coote,19,7,9,1,11,12,7,3,0,3,0,0
1035,2020/21,2021-03-08,20:00,E0,31,16,West Ham,Leeds,2,0,H,2,0,H,M Dean,16,17,5,2,9,9,6,6,1,1,0,0
1036,2020/21,2021-03-10,18:00,E0,20,26,Man City,Southampton,5,2,H,3,1,H,J Moss,17,11,10,6,6,4,5,5,1,0,0,0
1037,2020/21,2021-03-12,20:00,E0,22,2,Newcastle,Aston Villa,1,1,D,0,0,D,P Tierney,12,15,3,6,10,10,2,2,2,3,0,0
1038,2020/21,2021-03-13,12:30,E0,16,8,Leeds,Chelsea,0,0,D,0,0,D,K Friend,7,15,4,8,16,6,8,5,3,0,0,0
1039,2020/21,2021-03-13,15:00,E0,10,30,Crystal Palace,West Brom,1,0,H,1,0,H,S Hooper,6,12,4,1,16,15,3,2,3,1,0,0
1040,2020/21,2021-03-13,17:30,E0,11,6,Everton,Burnley,1,2,A,1,2,A,J Moss,14,14,4,5,9,6,7,4,0,4,0,0
1041,2020/21,2021-03-13,20:00,E0,12,20,Fulham,Man City,0,3,A,0,0,D,A Marriner,3,8,0,7,14,13,4,2,0,0,0,0
1042,2020/21,2021-03-14,12:00,E0,26,5,Southampton,Brighton,1,2,A,1,1,D,S Attwell,9,8,4,6,11,10,4,5,0,0,0,0
1043,2020/21,2021-03-14,14:00,E0,17,25,Leicester,Sheffield United,5,0,H,1,0,H,P Bankes,19,1,10,0,10,9,9,1,0,2,0,0
1044,2020/21,2021-03-14,16:30,E0,1,27,Arsenal,Tottenham,2,1,H,1,1,D,M Oliver,13,6,3,3,12,14,6,3,1,2,0,1
1045,2020/21,2021-03-14,19:15,E0,21,31,Man United,West Ham,1,0,H,0,0,D,M Atkinson,15,7,4,0,12,2,6,3,4,0,0,0
1046,2020/21,2021-03-15,20:00,E0,32,18,Wolves,Liverpool,0,1,A,0,1,A,C Pawson,10,12,5,4,17,10,3,2,2,1,0,0
1047,2020/21,2021-03-19,20:00,E0,12,16,Fulham,Leeds,1,2,A,1,1,D,D Coote,13,13,6,4,13,12,13,7,2,2,0,0
1048,2020/21,2021-03-20,20:00,E0,5,22,Brighton,Newcastle,3,0,H,1,0,H,A Taylor,11,3,6,1,12,5,3,1,0,1,0,0
1049,2020/21,2021-03-21,15:00,E0,31,1,West Ham,Arsenal,3,3,D,3,1,H,J Moss,15,16,5,7,18,8,3,5,3,1,0,0
1050,2020/21,2021-03-21,19:30,E0,2,27,Aston Villa,Tottenham,0,2,A,0,1,A,M Dean,8,9,1,3,18,13,5,8,3,2,0,0
1051,2020/21,2021-04-03,12:30,E0,8,30,Chelsea,West Brom,2,5,A,1,2,A,D Coote,18,14,8,7,11,6,10,3,1,1,1,0
1052,2020/21,2021-04-03,15:00,E0,16,25,Leeds,Sheffield United,2,1,H,1,1,D,G Scott,23,9,8,1,12,13,5,7,1,2,0,0
1053,2020/21,2021-04-03,17:30,E0,17,20,Leicester,Man City,0,2,A,0,0,D,A Taylor,5,11,2,4,13,12,1,1,2,3,0,0
1054,2020/21,2021-04-03,20:00,E0,1,18,Arsenal,Liverpool,0,3,A,0,0,D,S Attwell,3,16,2,7,10,10,1,2,1,1,0,0
1055,2020/21,2021-04-04,12:00,E0,26,6,Southampton,Burnley,3,2,H,2,2,D,A Marriner,24,7,9,5,11,10,6,7,0,0,0,0
1056,2020/21,2021-04-04,14:05,E0,22,27,Newcastle,Tottenham,2,2,D,1,2,A,C Pawson,22,11,6,5,13,14,7,3,3,2,0,0
1057,2020/21,2021-04-04,16:30,E0,2,12,Aston Villa,Fulham,3,1,H,0,0,D,A Madley,14,15,4,7,14,20,4,4,1,2,0,0
1058,2020/21,2021-04-04,19:30,E0,21,5,Man United,Brighton,2,1,H,0,1,A,M Dean,15,5,7,3,14,7,5,6,2,2,0,0
1059,2020/21,2021-04-05,18:00,E0,11,10,Everton,Crystal Palace,1,1,D,0,0,D,K Friend,15,13,7,6,10,10,3,4,2,0,0,0
1060,2020/21,2021-04-05,20:15,E0,32,31,Wolves,West Ham,2,3,A,1,3,A,M Oliver,20,9,5,6,9,9,4,2,1,4,0,0
1061,2020/21,2021-04-09,20:00,E0,12,32,Fulham,Wolves,0,1,A,0,0,D,J Moss,14,7,3,3,11,8,3,4,0,0,0,0
1062,2020/21,2021-04-10,12:30,E0,20,16,Man City,Leeds,1,2,A,0,1,A,A Marriner,29,2,7,2,12,15,9,3,3,1,0,1
1063,2020/21,2021-04-10,15:00,E0,18,2,Liverpool,Aston Villa,2,1,H,0,1,A,P Tierney,23,9,10,5,16,11,7,0,2,4,0,0
1064,2020/21,2021-04-10,17:30,E0,10,8,Crystal Palace,Chelsea,1,4,A,0,3,A,M Oliver,1,23,1,10,7,12,0,8,1,0,0,0
1065,2020/21,2021-04-11,12:00,E0,6,22,Burnley,Newcastle,1,2,A,1,0,H,A Taylor,24,10,4,5,11,12,13,3,1,0,0,0
1066,2020/21,2021-04-11,14:05,E0,31,17,West Ham,Leicester,3,2,H,2,0,H,M Dean,4,15,4,5,7,13,1,9,3,3,0,0
1067,2020/21,2021-04-11,16:30,E0,27,21,Tottenham,Man United,1,3,A,1,0,H,C Kavanagh,12,12,3,7,11,15,7,5,1,5,0,0
1068,2020/21,2021-04-11,19:00,E0,25,1,Sheffield United,Arsenal,0,3,A,0,1,A,P Bankes,7,14,2,5,9,6,2,4,1,1,0,0
1069,2020/21,2021-04-12,18:00,E0,30,26,West Brom,Southampton,3,0,H,2,0,H,S Hooper,15,14,6,4,12,11,5,10,0,1,0,0
1070,2020/21,2021-04-12,20:15,E0,5,11,Brighton,Everton,0,0,D,0,0,D,D England,23,8,3,1,12,7,10,3,1,2,0,0
1071,2020/21,2021-04-16,20:00,E0,11,27,Everton,Tottenham,2,2,D,1,1,D,M Oliver,18,12,7,3,8,8,6,3,1,1,0,0
1072,2020/21,2021-04-17,12:30,E0,22,31,Newcastle,West Ham,3,2,H,2,0,H,K Friend,16,16,8,6,9,7,3,8,2,0,0,1
1073,2020/21,2021-04-17,20:15,E0,32,25,Wolves,Sheffield United,1,0,H,0,0,D,R Jones,10,8,5,2,8,15,3,3,1,2,0,0
1074,2020/21,2021-04-18,13:30,E0,1,12,Arsenal,Fulham,1,1,D,0,0,D,C Pawson,18,3,5,1,9,11,11,1,0,3,0,0
1075,2020/21,2021-04-18,16:00,E0,21,6,Man United,Burnley,3,1,H,0,0,D,J Moss,17,10,9,3,9,12,8,3,1,2,0,0
1076,2020/21,2021-04-19,20:00,E0,16,18,Leeds,Liverpool,1,1,D,0,1,A,A Taylor,12,17,5,7,17,15,10,8,2,1,0,0
1077,2020/21,2021-04-20,20:00,E0,8,5,Chelsea,Brighton,0,0,D,0,0,D,S Attwell,7,11,4,2,8,9,0,3,2,0,0,1
1078,2020/21,2021-04-21,18:00,E0,27,26,Tottenham,Southampton,2,1,H,0,1,A,D Coote,12,10,3,5,10,14,5,5,2,1,0,0
1079,2020/21,2021-04-21,20:15,E0,2,20,Aston Villa,Man City,1,2,A,1,2,A,P Bankes,8,13,3,3,12,7,1,11,0,1,1,1
1080,2020/21,2021-04-22,20:00,E0,17,30,Leicester,West Brom,3,0,H,3,0,H,A Madley,17,4,7,1,13,12,7,3,0,2,0,0
1081,2020/21,2021-04-23,20:00,E0,1,11,Arsenal,Everton,0,1,A,0,0,D,J Moss,14,8,3,1,13,10,7,3,1,3,0,0
1082,2020/21,2021-04-24,12:30,E0,18,22,Liverpool,Newcastle,1,1,D,1,0,H,A Marriner,22,7,9,4,9,7,6,3,2,1,0,0
1083,2020/21,2021-04-24,17:30,E0,31,8,West Ham,Chelsea,0,1,A,0,1,A,C Kavanagh,9,17,2,6,9,11,4,2,0,4,1,0
1084,2020/21,2021-04-24,20:00,E0,25,5,Sheffield United,Brighton,1,0,H,1,0,H,K Friend,7,17,3,4,13,7,2,12,3,0,0,0
1085,2020/21,2021-04-25,12:00,E0,32,6,Wolves,Burnley,0,4,A,0,3,A,D England,12,14,2,7,8,9,8,5,1,2,0,0
1086,2020/21,2021-04-25,14:00,E0,16,21,Leeds,Man United,0,0,D,0,0,D,C Pawson,6,16,3,4,21,11,2,6,4,1,0,0
1087,2020/21,2021-04-25,19:00,E0,2,30,Aston Villa,West Brom,2,2,D,1,1,D,S Attwell,24,10,11,4,14,9,11,4,0,2,0,0
1088,2020/21,2021-04-26,20:00,E0,17,10,Leicester,Crystal Palace,2,1,H,0,1,A,G Scott,13,4,5,2,13,12,7,2,0,1,0,0
1089,2020/21,2021-04-30,20:00,E0,26,17,Southampton,Leicester,1,1,D,0,0,D,R Jones,5,23,3,9,9,13,0,10,1,0,1,0
1090,2020/21,2021-05-01,12:30,E0,10,20,Crystal Palace,Man City,0,2,A,0,0,D,D Coote,9,20,4,3,9,10,2,6,2,0,0,0
1091,2020/21,2021-05-01,15:00,E0,5,16,Brighton,Leeds,2,0,H,1,0,H,C Kavanagh,17,11,5,2,17,6,2,9,1,1,0,0
1092,2020/21,2021-05-01,17:30,E0,8,12,Chelsea,Fulham,2,0,H,1,0,H,K Friend,9,10,5,3,15,8,1,8,1,1,0,0
1093,2020/21,2021-05-01,20:00,E0,11,2,Everton,Aston Villa,1,2,A,1,1,D,S Hooper,16,13,3,5,10,13,3,6,0,2,0,0
1094,2020/21,2021-05-02,14:00,E0,22,1,Newcastle,Arsenal,0,2,A,0,1,A,M Dean,5,19,1,5,10,9,3,7,2,1,1,0
1095,2020/21,2021-05-02,19:15,E0,27,25,Tottenham,Sheffield United,4,0,H,1,0,H,A Marriner,20,8,11,1,8,9,6,6,1,1,0,0
1096,2020/21,2021-05-03,18:00,E0,30,32,West Brom,Wolves,1,1,D,0,1,A,P Tierney,10,20,4,10,17,11,5,6,2,0,0,0
1097,2020/21,2021-05-03,20:15,E0,6,31,Burnley,West Ham,1,2,A,1,2,A,A Taylor,8,22,3,4,4,8,5,4,2,1,0,0
1098,2020/21,2021-05-07,20:00,E0,17,22,Leicester,Newcastle,2,4,A,0,2,A,D England,25,14,9,6,12,9,9,6,1,1,0,0
1099,2020/21,2021-05-08,12:30,E0,16,27,Leeds,Tottenham,3,1,H,2,1,H,M Oliver,16,11,7,3,12,10,8,6,1,2,0,0
1100,2020/21,2021-05-08,15:00,E0,25,10,Sheffield United,Crystal Palace,0,2,A,0,1,A,S Hooper,7,21,0,8,11,8,5,11,1,1,0,0
1101,2020/21,2021-05-08,17:30,E0,20,8,Man City,Chelsea,1,2,A,1,0,H,A Taylor,16,12,4,5,12,10,6,2,2,0,0,0
1102,2020/21,2021-05-08,20:15,E0,18,26,Liverpool,Southampton,2,0,H,1,0,H,K Friend,14,12,6,6,10,6,8,4,0,1,0,0
1103,2020/21,2021-05-09,12:00,E0,32,5,Wolves,Brighton,2,1,H,0,1,A,J Moss,16,5,6,3,12,7,10,5,2,2,0,2
1104,2020/21,2021-05-09,14:05,E0,2,21,Aston Villa,Man United,1,3,A,1,0,H,C Kavanagh,11,18,5,7,13,18,5,6,1,1,1,0
1105,2020/21,2021-05-09,16:30,E0,31,11,West Ham,Everton,0,1,A,0,1,A,S Attwell,11,9,0,3,8,10,5,6,2,1,0,0
1106,2020/21,2021-05-09,19:00,E0,1,30,Arsenal,West Brom,3,1,H,2,0,H,P Bankes,15,12,7,1,7,9,6,6,1,2,0,0
1107,2020/21,2021-05-10,20:00,E0,12,6,Fulham,Burnley,0,2,A,0,2,A,D Coote,21,14,3,5,11,10,8,4,2,0,0,0
1108,2020/21,2021-05-11,18:00,E0,21,17,Man United,Leicester,1,2,A,1,1,D,C Pawson,4,12,1,3,9,12,3,4,0,0,0,0
1109,2020/21,2021-05-11,20:15,E0,26,10,Southampton,Crystal Palace,3,1,H,1,1,D,A Madley,13,11,6,4,20,13,12,8,2,3,0,0
1110,2020/21,2021-05-12,20:15,E0,8,1,Chelsea,Arsenal,0,1,A,0,1,A,A Marriner,19,5,5,2,7,6,9,1,0,1,0,0
1111,2020/21,2021-05-13,18:00,E0,2,11,Aston Villa,Everton,0,0,D,0,0,D,M Atkinson,13,15,2,5,9,12,9,1,2,0,0,0
1112,2020/21,2021-05-13,20:15,E0,21,18,Man United,Liverpool,2,4,A,1,2,A,A Taylor,18,17,3,8,10,12,6,4,3,0,0,0
1113,2020/21,2021-05-14,20:00,E0,22,20,Newcastle,Man City,3,4,A,2,2,D,K Friend,11,15,5,6,11,10,4,5,2,2,0,0
1114,2020/21,2021-05-15,12:30,E0,6,16,Burnley,Leeds,0,4,A,0,1,A,G Scott,16,16,4,6,10,10,6,8,1,1,0,0
1115,2020/21,2021-05-15,15:00,E0,26,12,Southampton,Fulham,3,1,H,1,0,H,C Pawson,11,10,7,3,9,15,6,5,0,1,0,0
1116,2020/21,2021-05-15,20:00,E0,5,31,Brighton,West Ham,1,1,D,0,0,D,A Marriner,10,15,2,3,7,5,3,3,1,1,0,0
1117,2020/21,2021-05-16,12:00,E0,10,2,Crystal Palace,Aston Villa,3,2,H,1,2,A,D Coote,23,19,8,5,23,13,7,7,3,2,0,0
1118,2020/21,2021-05-16,14:05,E0,27,32,Tottenham,Wolves,2,0,H,1,0,H,M Atkinson,24,15,13,3,8,11,10,3,1,0,0,0
1119,2020/21,2021-05-16,16:30,E0,30,18,West Brom,Liverpool,1,2,A,1,1,D,M Dean,10,26,3,6,7,14,9,13,0,0,0,0
1120,2020/21,2021-05-16,19:00,E0,11,25,Everton,Sheffield United,0,1,A,0,1,A,A Moss,16,10,6,3,8,12,11,4,1,3,0,0
1121,2020/21,2021-05-18,18:00,E0,21,12,Man United,Fulham,1,1,D,1,0,H,L Mason,13,8,6,5,10,15,6,1,2,3,0,0
1122,2020/21,2021-05-18,18:00,E0,26,16,Southampton,Leeds,0,2,A,0,0,D,P Bankes,18,15,3,7,10,12,4,5,0,3,0,0
1123,2020/21,2021-05-18,19:00,E0,5,20,Brighton,Man City,3,2,H,0,1,A,S Attwell,19,8,6,4,13,11,5,3,3,3,0,1
1124,2020/21,2021-05-18,20:15,E0,8,17,Chelsea,Leicester,2,1,H,0,0,D,M Dean,17,7,6,3,15,16,6,5,2,4,0,0
1125,2020/21,2021-05-19,18:00,E0,11,32,Everton,Wolves,1,0,H,0,0,D,A Madley,14,9,4,3,11,11,7,12,0,2,0,0
1126,2020/21,2021-05-19,18:00,E0,22,25,Newcastle,Sheffield United,1,0,H,1,0,H,R Jones,16,11,5,1,7,7,5,2,0,2,0,0
1127,2020/21,2021-05-19,18:00,E0,27,2,Tottenham,Aston Villa,1,2,A,1,2,A,C Pawson,10,20,4,4,14,13,4,5,1,1,0,0
1128,2020/21,2021-05-19,19:00,E0,10,1,Crystal Palace,Arsenal,1,3,A,0,1,A,A Taylor,12,6,6,3,7,7,6,7,2,1,0,0
1129,2020/21,2021-05-19,20:15,E0,6,18,Burnley,Liverpool,0,3,A,0,1,A,C Kavanagh,10,20,4,3,10,7,6,7,0,0,0,0
1130,2020/21,2021-05-19,20:15,E0,30,31,West Brom,West Ham,1,3,A,1,1,D,M Oliver,14,21,4,9,8,11,6,8,2,2,0,0
1131,2020/21,2021-05-23,16:00,E0,1,5,Arsenal,Brighton,2,0,H,0,0,D,J Moss,16,5,5,1,10,8,11,3,0,0,0,0
1132,2020/21,2021-05-23,16:00,E0,2,8,Aston Villa,Chelsea,2,1,H,1,0,H,S Attwell,6,23,3,7,11,12,2,9,3,3,0,1
1133,2020/21,2021-05-23,16:00,E0,12,22,Fulham,Newcastle,0,2,A,0,1,A,C Kavanagh,14,10,0,4,12,6,5,4,1,0,0,0
1134,2020/21,2021-05-23,16:00,E0,16,30,Leeds,West Brom,3,1,H,2,0,H,D Coote,17,14,9,5,12,12,8,3,2,1,0,0
1135,2020/21,2021-05-23,16:00,E0,17,27,Leicester,Tottenham,2,4,A,1,1,D,A Taylor,10,11,6,4,9,8,8,7,0,2,0,0
1136,2020/21,2021-05-23,16:00,E0,18,10,Liverpool,Crystal Palace,2,0,H,1,0,H,C Pawson,19,5,5,4,10,8,14,1,2,2,0,0
1137,2020/21,2021-05-23,16:00,E0,20,11,Man City,Everton,5,0,H,2,0,H,M Oliver,21,8,11,3,8,10,7,5,2,2,0,0
1138,2020/21,2021-05-23,16:00,E0,25,6,Sheffield United,Burnley,1,0,H,1,0,H,K Friend,12,10,3,3,11,1,8,9,3,1,0,0
1139,2020/21,2021-05-23,16:00,E0,31,26,West Ham,Southampton,3,0,H,2,0,H,M Atkinson,14,17,7,5,5,9,2,3,0,3,0,0
1140,2020/21,2021-05-23,16:00,E0,32,21,Wolves,Man United,1,2,A,1,2,A,M Dean,14,9,4,4,14,3,6,2,4,1,0,0
1141,2021/22,2021-08-13,20:00,E0,4,1,Brentford,Arsenal,2,0,H,1,0,H,M Oliver,8,22,3,4,12,8,2,5,0,0,0,0
1142,2021/22,2021-08-14,12:30,E0,21,16,Man United,Leeds,5,1,H,1,0,H,P Tierney,16,10,8,3,11,9,5,4,1,2,0,0
1143,2021/22,2021-08-14,15:00,E0,6,5,Burnley,Brighton,1,2,A,1,0,H,D Coote,14,14,3,8,10,7,7,6,2,1,0,0
1144,2021/22,2021-08-14,15:00,E0,8,10,Chelsea,Crystal Palace,3,0,H,2,0,H,J Moss,13,4,6,1,15,11,5,2,0,0,0,0
1145,2021/22,2021-08-14,15:00,E0,11,26,Everton,Southampton,3,1,H,0,1,A,A Madley,14,6,6,3,13,15,6,8,2,0,0,0
1146,2021/22,2021-08-14,15:00,E0,17,32,Leicester,Wolves,1,0,H,1,0,H,C Pawson,9,17,5,3,6,10,5,4,1,2,0,0
1147,2021/22,2021-08-14,15:00,E0,29,2,Watford,Aston Villa,3,2,H,2,0,H,M Dean,13,11,7,2,18,13,2,4,3,1,0,0
1148,2021/22,2021-08-14,17:30,E0,23,18,Norwich,Liverpool,0,3,A,0,1,A,A Marriner,14,19,3,8,4,14,3,11,1,1,0,0
1149,2021/22,2021-08-15,14:00,E0,22,31,Newcastle,West Ham,2,4,A,2,1,H,M Atkinson,17,8,3,9,4,3,7,6,1,0,0,0
1150,2021/22,2021-08-15,16:30,E0,27,20,Tottenham,Man City,1,0,H,0,0,D,A Taylor,13,18,3,4,11,8,3,11,2,1,0,0
1151,2021/22,2021-08-21,12:30,E0,18,6,Liverpool,Burnley,2,0,H,1,0,H,M Dean,27,9,9,3,6,12,8,4,0,0,0,0
1152,2021/22,2021-08-21,15:00,E0,2,22,Aston Villa,Newcastle,2,0,H,1,0,H,D Coote,10,9,2,1,8,18,3,4,3,4,0,0
1153,2021/22,2021-08-21,15:00,E0,10,4,Crystal Palace,Brentford,0,0,D,0,0,D,M Atkinson,7,14,2,3,12,9,3,5,3,1,0,0
1154,2021/22,2021-08-21,15:00,E0,16,11,Leeds,Everton,2,2,D,1,1,D,D England,17,17,4,8,6,13,8,5,2,4,0,0
1155,2021/22,2021-08-21,15:00,E0,20,23,Man City,Norwich,5,0,H,2,0,H,G Scott,16,1,4,0,13,7,6,1,1,0,0,0
1156,2021/22,2021-08-21,17:30,E0,5,29,Brighton,Watford,2,0,H,2,0,H,A Taylor,13,10,3,1,11,6,7,2,4,0,0,0
1157,2021/22,2021-08-22,14:00,E0,26,21,Southampton,Man United,1,1,D,1,0,H,C Pawson,8,15,3,4,12,10,7,7,2,3,0,0
1158,2021/22,2021-08-22,14:00,E0,32,27,Wolves,Tottenham,0,1,A,0,1,A,S Attwell,25,8,6,6,9,7,5,4,1,4,0,0
1159,2021/22,2021-08-22,16:30,E0,1,8,Arsenal,Chelsea,0,2,A,0,2,A,P Tierney,6,22,3,5,10,4,9,8,3,0,0,0
1160,2021/22,2021-08-23,20:00,E0,31,17,West Ham,Leicester,4,1,H,1,0,H,M Oliver,13,5,7,1,8,8,10,0,0,1,0,1
1161,2021/22,2021-08-28,12:30,E0,20,1,Man City,Arsenal,5,0,H,3,0,H,M Atkinson,25,1,10,0,5,7,14,0,1,2,0,1
1162,2021/22,2021-08-28,15:00,E0,2,4,Aston Villa,Brentford,1,1,D,1,1,D,P Bankes,7,9,5,2,15,14,3,2,3,3,0,0
1163,2021/22,2021-08-28,15:00,E0,5,11,Brighton,Everton,0,2,A,0,1,A,J Moss,14,14,3,5,7,9,4,5,1,2,0,0
1164,2021/22,2021-08-28,15:00,E0,22,26,Newcastle,Southampton,2,2,D,0,0,D,P Tierney,10,22,5,6,11,6,4,4,3,3,0,0
1165,2021/22,2021-08-28,15:00,E0,23,17,Norwich,Leicester,1,2,A,1,1,D,R Jones,14,9,4,3,8,9,9,9,2,1,0,0
1166,2021/22,2021-08-28,15:00,E0,31,10,West Ham,Crystal Palace,2,2,D,1,0,H,S Attwell,14,9,4,2,10,7,5,3,1,0,0,0
1167,2021/22,2021-08-28,17:30,E0,18,8,Liverpool,Chelsea,1,1,D,1,1,D,A Taylor,24,6,7,3,13,4,12,3,0,2,0,1
1168,2021/22,2021-08-29,14:00,E0,6,16,Burnley,Leeds,1,1,D,0,0,D,M Oliver,12,12,3,2,13,9,5,5,4,3,0,0
1169,2021/22,2021-08-29,14:00,E0,27,29,Tottenham,Watford,1,0,H,1,0,H,A Marriner,15,9,8,2,8,14,10,3,3,3,0,0
1170,2021/22,2021-08-29,16:30,E0,32,21,Wolves,Man United,0,1,A,0,0,D,M Dean,15,10,6,3,7,9,5,7,3,4,0,0
1171,2021/22,2021-09-11,12:30,E0,10,27,Crystal Palace,Tottenham,3,0,H,0,0,D,J Moss,18,2,4,1,13,15,8,2,2,1,0,1
1172,2021/22,2021-09-11,15:00,E0,1,23,Arsenal,Norwich,1,0,H,0,0,D,M Oliver,30,10,7,1,9,11,8,4,1,2,0,0
1173,2021/22,2021-09-11,15:00,E0,4,5,Brentford,Brighton,0,1,A,0,0,D,G Scott,7,4,1,2,9,12,1,6,3,2,0,0
1174,2021/22,2021-09-11,15:00,E0,17,20,Leicester,Man City,0,1,A,0,0,D,P Tierney,6,25,1,8,4,11,5,8,1,2,0,0
1175,2021/22,2021-09-11,15:00,E0,21,22,Man United,Newcastle,4,1,H,1,0,H,A Taylor,21,12,7,3,9,2,7,3,1,0,0,0
1176,2021/22,2021-09-11,15:00,E0,26,31,Southampton,West Ham,0,0,D,0,0,D,D Coote,11,13,3,3,10,12,5,4,3,1,0,1
1177,2021/22,2021-09-11,15:00,E0,29,32,Watford,Wolves,0,2,A,0,0,D,P Bankes,6,14,2,5,15,13,6,8,3,3,0,0
1178,2021/22,2021-09-11,17:30,E0,8,2,Chelsea,Aston Villa,3,0,H,1,0,H,S Attwell,12,18,4,6,11,11,4,11,1,4,0,0
1179,2021/22,2021-09-12,16:30,E0,16,18,Leeds,Liverpool,0,3,A,0,1,A,C Pawson,9,30,4,9,9,8,2,11,2,1,1,0
1180,2021/22,2021-09-13,20:00,E0,11,6,Everton,Burnley,3,1,H,0,0,D,M Atkinson,14,11,6,6,3,6,4,6,1,1,0,0
1181,2021/22,2021-09-17,20:00,E0,22,16,Newcastle,Leeds,1,1,D,1,1,D,M Dean,17,22,7,9,9,11,4,5,2,2,0,0
1182,2021/22,2021-09-18,12:30,E0,32,4,Wolves,Brentford,0,2,A,0,2,A,D England,11,9,0,3,10,7,4,2,4,2,0,1
1183,2021/22,2021-09-18,15:00,E0,6,1,Burnley,Arsenal,0,1,A,0,1,A,A Taylor,18,13,3,3,9,8,8,3,2,1,0,0
1184,2021/22,2021-09-18,15:00,E0,18,10,Liverpool,Crystal Palace,3,0,H,1,0,H,A Madley,25,13,10,2,17,11,10,5,3,1,0,0
1185,2021/22,2021-09-18,15:00,E0,20,26,Man City,Southampton,0,0,D,0,0,D,J Moss,18,10,1,2,5,12,8,5,0,2,0,0
1186,2021/22,2021-09-18,15:00,E0,23,29,Norwich,Watford,1,3,A,1,1,D,R Jones,12,12,5,8,10,14,4,8,1,1,0,0
1187,2021/22,2021-09-18,17:30,E0,2,11,Aston Villa,Everton,3,0,H,0,0,D,C Pawson,15,11,3,1,7,10,5,4,1,1,0,0
1188,2021/22,2021-09-19,14:00,E0,5,17,Brighton,Leicester,2,1,H,1,0,H,S Attwell,12,14,5,3,8,10,4,9,2,1,0,0
1189,2021/22,2021-09-19,14:00,E0,31,21,West Ham,Man United,1,2,A,1,1,D,M Atkinson,13,17,4,10,5,8,2,11,0,0,0,0
1190,2021/22,2021-09-19,16:30,E0,27,8,Tottenham,Chelsea,0,3,A,0,0,D,P Tierney,8,20,2,10,4,15,5,11,0,1,0,0
1191,2021/22,2021-09-25,12:30,E0,8,20,Chelsea,Man City,0,1,A,0,0,D,M Oliver,5,15,0,4,12,10,4,13,3,2,0,0
1192,2021/22,2021-09-25,12:30,E0,21,2,Man United,Aston Villa,0,1,A,0,0,D,M Dean,28,7,4,3,9,13,5,5,2,2,0,0
1193,2021/22,2021-09-25,15:00,E0,11,23,Everton,Norwich,2,0,H,1,0,H,D Coote,11,10,4,2,12,9,6,4,2,3,0,0
1194,2021/22,2021-09-25,15:00,E0,16,31,Leeds,West Ham,1,2,A,1,0,H,K Friend,15,20,5,7,10,6,5,7,3,2,0,0
1195,2021/22,2021-09-25,15:00,E0,17,6,Leicester,Burnley,2,2,D,1,2,A,C Kavanagh,22,9,5,3,10,8,8,4,2,4,0,0
1196,2021/22,2021-09-25,15:00,E0,29,22,Watford,Newcastle,1,1,D,0,1,A,J Gillett,15,20,4,6,19,12,5,6,4,3,0,0
1197,2021/22,2021-09-25,17:30,E0,4,18,Brentford,Liverpool,3,3,D,1,1,D,S Attwell,12,16,4,6,8,7,2,11,1,1,0,0
1198,2021/22,2021-09-26,14:00,E0,26,32,Southampton,Wolves,0,1,A,0,0,D,A Madley,18,5,6,3,12,8,5,5,0,0,0,0
1199,2021/22,2021-09-26,16:30,E0,1,27,Arsenal,Tottenham,3,1,H,3,0,H,C Pawson,12,10,7,4,12,13,4,4,2,1,0,0
1200,2021/22,2021-09-27,20:00,E0,10,5,Crystal Palace,Brighton,1,1,D,1,0,H,A Marriner,8,8,3,4,12,10,6,5,2,3,0,0
1201,2021/22,2021-10-02,12:30,E0,21,11,Man United,Everton,1,1,D,1,0,H,M Oliver,13,12,6,2,10,9,10,1,1,1,0,0
1202,2021/22,2021-10-02,15:00,E0,6,23,Burnley,Norwich,0,0,D,0,0,D,K Friend,14,10,4,2,13,3,9,5,5,2,0,0
1203,2021/22,2021-10-02,15:00,E0,8,26,Chelsea,Southampton,3,1,H,1,0,H,M Atkinson,20,6,9,2,11,13,7,2,1,3,0,1
1204,2021/22,2021-10-02,15:00,E0,16,29,Leeds,Watford,1,0,H,1,0,H,S Hooper,20,5,4,1,10,16,6,3,0,3,0,0
1205,2021/22,2021-10-02,15:00,E0,32,22,Wolves,Newcastle,2,1,H,1,1,D,G Scott,7,8,3,2,15,5,0,4,0,2,0,0
1206,2021/22,2021-10-02,17:30,E0,5,1,Brighton,Arsenal,0,0,D,0,0,D,J Moss,21,8,2,2,8,5,8,5,2,1,0,0
1207,2021/22,2021-10-03,14:00,E0,10,17,Crystal Palace,Leicester,2,2,D,0,2,A,A Taylor,18,9,4,5,15,11,1,3,2,3,0,0
1208,2021/22,2021-10-03,14:00,E0,27,2,Tottenham,Aston Villa,2,1,H,1,0,H,C Kavanagh,17,14,8,3,11,14,5,8,2,1,0,0
1209,2021/22,2021-10-03,14:00,E0,31,4,West Ham,Brentford,1,2,A,0,1,A,P Bankes,18,13,5,6,16,13,11,6,2,3,0,0
1210,2021/22,2021-10-03,16:30,E0,18,20,Liverpool,Man City,2,2,D,0,0,D,P Tierney,6,12,4,3,10,12,3,4,3,3,0,0
1211,2021/22,2021-10-16,12:30,E0,29,18,Watford,Liverpool,0,5,A,0,2,A,J Moss,6,19,2,8,4,10,1,9,0,0,0,0
1212,2021/22,2021-10-16,15:00,E0,2,32,Aston Villa,Wolves,2,3,A,0,0,D,M Oliver,14,9,5,4,8,17,6,7,2,3,0,0
1213,2021/22,2021-10-16,15:00,E0,17,21,Leicester,Man United,4,2,H,1,1,D,C Pawson,22,18,11,6,5,17,4,3,0,3,0,0
1214,2021/22,2021-10-16,15:00,E0,20,6,Man City,Burnley,2,0,H,1,0,H,M Atkinson,15,7,6,2,11,5,6,2,1,0,0,0
1215,2021/22,2021-10-16,15:00,E0,23,5,Norwich,Brighton,0,0,D,0,0,D,P Bankes,15,11,3,3,5,14,8,4,3,5,0,0
1216,2021/22,2021-10-16,15:00,E0,26,16,Southampton,Leeds,1,0,H,0,0,D,D Coote,19,3,5,0,16,14,8,1,2,3,0,0
1217,2021/22,2021-10-16,17:30,E0,4,8,Brentford,Chelsea,0,1,A,0,1,A,A Taylor,17,5,7,1,13,8,5,5,1,1,0,0
1218,2021/22,2021-10-17,14:00,E0,11,31,Everton,West Ham,0,1,A,0,0,D,S Attwell,15,16,2,4,3,3,7,9,0,2,0,0
1219,2021/22,2021-10-17,16:30,E0,22,27,Newcastle,Tottenham,2,3,A,1,3,A,A Marriner,7,14,1,4,13,4,2,9,4,1,1,0
1220,2021/22,2021-10-18,20:00,E0,1,10,Arsenal,Crystal Palace,2,2,D,1,0,H,M Dean,17,9,6,6,7,4,6,4,1,1,0,0
1221,2021/22,2021-10-22,20:00,E0,1,2,Arsenal,Aston Villa,3,1,H,2,0,H,C Pawson,22,10,9,4,17,10,7,4,2,5,0,0
1222,2021/22,2021-10-23,12:30,E0,8,23,Chelsea,Norwich,7,0,H,3,0,H,A Madley,23,3,13,1,14,16,5,0,0,2,0,1
1223,2021/22,2021-10-23,15:00,E0,10,22,Crystal Palace,Newcastle,1,1,D,0,0,D,D England,15,6,3,2,13,9,3,7,3,4,0,0
1224,2021/22,2021-10-23,15:00,E0,11,29,Everton,Watford,2,5,A,1,1,D,G Scott,15,20,4,8,9,13,3,5,4,3,0,0
1225,2021/22,2021-10-23,15:00,E0,16,32,Leeds,Wolves,1,1,D,0,1,A,R Jones,18,8,4,4,15,14,6,3,2,3,0,0
1226,2021/22,2021-10-23,15:00,E0,26,6,Southampton,Burnley,2,2,D,1,1,D,C Kavanagh,16,9,4,5,10,11,6,2,1,3,0,0
1227,2021/22,2021-10-23,17:30,E0,5,20,Brighton,Man City,1,4,A,0,3,A,K Friend,10,23,5,14,10,6,7,6,2,3,0,0
1228,2021/22,2021-10-24,14:00,E0,4,17,Brentford,Leicester,1,2,A,0,1,A,S Hooper,15,10,5,6,13,7,9,2,1,1,0,0
1229,2021/22,2021-10-24,14:00,E0,31,27,West Ham,Tottenham,1,0,H,0,0,D,P Tierney,13,7,4,4,11,4,2,4,2,1,0,0
1230,2021/22,2021-10-24,16:30,E0,21,18,Man United,Liverpool,0,5,A,0,4,A,A Taylor,12,19,4,8,10,8,6,3,6,0,1,0
1231,2021/22,2021-10-30,12:30,E0,17,1,Leicester,Arsenal,0,2,A,0,2,A,M Oliver,16,9,8,5,8,11,7,6,2,0,0,0
1232,2021/22,2021-10-30,15:00,E0,6,4,Burnley,Brentford,3,1,H,3,0,H,J Moss,15,12,6,5,7,10,4,2,1,1,0,0
1233,2021/22,2021-10-30,15:00,E0,18,5,Liverpool,Brighton,2,2,D,2,1,H,M Dean,14,9,3,6,8,5,5,3,2,2,0,0
1234,2021/22,2021-10-30,15:00,E0,20,10,Man City,Crystal Palace,0,2,A,0,1,A,A Marriner,14,8,3,3,11,11,7,1,2,3,1,0
1235,2021/22,2021-10-30,15:00,E0,22,8,Newcastle,Chelsea,0,3,A,0,0,D,P Tierney,6,19,1,6,14,12,0,2,3,2,0,0
1236,2021/22,2021-10-30,15:00,E0,29,26,Watford,Southampton,0,1,A,0,1,A,P Bankes,10,12,4,1,16,6,5,8,2,2,0,0
1237,2021/22,2021-10-30,17:30,E0,27,21,Tottenham,Man United,0,3,A,0,1,A,S Attwell,9,10,0,4,12,14,10,2,2,3,0,0
1238,2021/22,2021-10-31,14:00,E0,23,16,Norwich,Leeds,1,2,A,0,0,D,A Taylor,14,13,3,6,14,23,5,0,1,4,0,0
1239,2021/22,2021-10-31,16:30,E0,2,31,Aston Villa,West Ham,1,4,A,1,2,A,C Kavanagh,9,21,3,9,7,13,3,6,1,2,1,0
1240,2021/22,2021-11-01,20:00,E0,32,11,Wolves,Everton,2,1,H,2,0,H,M Atkinson,10,14,4,5,10,8,4,3,1,1,0,0
1241,2021/22,2021-11-05,20:00,E0,26,2,Southampton,Aston Villa,1,0,H,1,0,H,A Madley,9,14,3,3,12,12,10,8,2,2,0,0
1242,2021/22,2021-11-06,12:30,E0,21,20,Man United,Man City,0,2,A,0,2,A,M Oliver,5,16,1,5,9,12,1,9,1,2,0,0
1243,2021/22,2021-11-06,15:00,E0,4,23,Brentford,Norwich,1,2,A,0,2,A,J Gillett,19,9,7,5,12,13,6,2,2,3,0,0
1244,2021/22,2021-11-06,15:00,E0,8,6,Chelsea,Burnley,1,1,D,1,0,H,A Marriner,25,5,4,2,6,9,14,2,1,4,0,0
1245,2021/22,2021-11-06,15:00,E0,10,32,Crystal Palace,Wolves,2,0,H,0,0,D,G Scott,13,4,6,2,14,13,4,6,2,1,0,0
1246,2021/22,2021-11-06,17:30,E0,5,22,Brighton,Newcastle,1,1,D,1,0,H,D Coote,14,6,5,1,16,10,2,5,3,4,1,0
1247,2021/22,2021-11-07,14:00,E0,1,29,Arsenal,Watford,1,0,H,0,0,D,K Friend,14,7,6,1,6,19,4,2,4,2,0,1
1248,2021/22,2021-11-07,14:00,E0,11,27,Everton,Tottenham,0,0,D,0,0,D,C Kavanagh,12,8,2,0,13,17,4,2,2,4,1,0
1249,2021/22,2021-11-07,14:00,E0,16,17,Leeds,Leicester,1,1,D,1,1,D,D England,18,9,5,3,12,5,10,5,1,1,0,0
1250,2021/22,2021-11-07,16:30,E0,31,18,West Ham,Liverpool,3,2,H,1,1,D,C Pawson,7,16,3,5,11,6,3,2,1,1,0,0
1251,2021/22,2021-11-20,12:30,E0,17,8,Leicester,Chelsea,0,3,A,0,2,A,P Tierney,4,16,3,7,15,8,3,5,3,1,0,0
1252,2021/22,2021-11-20,15:00,E0,2,5,Aston Villa,Brighton,2,0,H,0,0,D,A Taylor,9,6,5,2,7,13,5,7,3,3,0,0
1253,2021/22,2021-11-20,15:00,E0,6,10,Burnley,Crystal Palace,3,3,D,2,3,A,S Hooper,15,18,9,8,14,15,3,6,2,3,0,0
1254,2021/22,2021-11-20,15:00,E0,22,4,Newcastle,Brentford,3,3,D,2,2,D,R Jones,23,10,9,4,13,11,8,2,2,2,0,0
1255,2021/22,2021-11-20,15:00,E0,23,26,Norwich,Southampton,2,1,H,1,1,D,M Atkinson,8,17,4,5,8,9,5,7,3,2,0,0
1256,2021/22,2021-11-20,15:00,E0,29,21,Watford,Man United,4,1,H,2,0,H,J Moss,20,9,7,3,7,5,9,3,2,1,0,1
1257,2021/22,2021-11-20,15:00,E0,32,31,Wolves,West Ham,1,0,H,0,0,D,M Dean,15,8,5,3,6,9,7,3,1,1,0,0
1258,2021/22,2021-11-20,17:30,E0,18,1,Liverpool,Arsenal,4,0,H,1,0,H,M Oliver,19,5,9,3,15,12,6,1,2,0,0,0
1259,2021/22,2021-11-21,14:00,E0,20,11,Man City,Everton,3,0,H,1,0,H,S Attwell,17,4,7,1,5,7,7,1,1,1,0,0
1260,2021/22,2021-11-21,16:30,E0,27,16,Tottenham,Leeds,2,1,H,0,1,A,A Marriner,13,18,4,7,11,12,4,8,1,4,0,0
1261,2021/22,2021-11-27,12:30,E0,1,22,Arsenal,Newcastle,2,0,H,0,0,D,S Attwell,24,9,6,5,6,12,4,4,1,3,0,0
1262,2021/22,2021-11-27,15:00,E0,10,2,Crystal Palace,Aston Villa,1,2,A,0,1,A,M Salisbury,8,10,3,3,12,10,7,3,3,3,0,0
1263,2021/22,2021-11-27,15:00,E0,18,26,Liverpool,Southampton,4,0,H,3,0,H,A Marriner,20,7,6,3,7,14,5,7,0,1,0,0
1264,2021/22,2021-11-27,15:00,E0,23,32,Norwich,Wolves,0,0,D,0,0,D,S Hooper,14,5,4,2,11,10,4,3,2,2,0,0
1265,2021/22,2021-11-27,17:30,E0,5,16,Brighton,Leeds,0,0,D,0,0,D,C Pawson,20,11,4,4,12,14,6,1,1,3,0,0
1266,2021/22,2021-11-28,14:00,E0,4,11,Brentford,Everton,1,0,H,1,0,H,D England,6,14,4,5,8,11,3,3,4,3,0,0
1267,2021/22,2021-11-28,14:00,E0,17,29,Leicester,Watford,4,2,H,3,1,H,A Madley,18,16,8,5,5,19,8,6,0,0,0,0
1268,2021/22,2021-11-28,14:00,E0,20,31,Man City,West Ham,2,1,H,1,0,H,M Oliver,19,5,9,3,7,6,8,4,2,0,0,0
1269,2021/22,2021-11-28,16:30,E0,8,21,Chelsea,Man United,1,1,D,0,0,D,A Taylor,24,3,6,2,13,14,15,2,2,5,0,0
1270,2021/22,2021-11-30,19:30,E0,22,23,Newcastle,Norwich,1,1,D,0,0,D,A Madley,9,16,1,6,8,11,2,5,0,0,0,1
1271,2021/22,2021-11-30,20:15,E0,16,10,Leeds,Crystal Palace,1,0,H,0,0,D,K Friend,15,9,3,1,15,15,7,4,5,3,0,0
1272,2021/22,2021-12-01,19:30,E0,26,17,Southampton,Leicester,2,2,D,2,1,H,R Jones,15,15,7,6,14,11,2,4,1,3,0,0
1273,2021/22,2021-12-01,19:30,E0,29,8,Watford,Chelsea,1,2,A,1,1,D,D Coote,13,8,6,4,18,16,6,0,4,3,0,0
1274,2021/22,2021-12-01,19:30,E0,31,5,West Ham,Brighton,1,1,D,1,0,H,C Kavanagh,14,9,6,3,10,8,9,5,1,1,0,0
1275,2021/22,2021-12-01,19:30,E0,32,6,Wolves,Burnley,0,0,D,0,0,D,J Brooks,16,6,2,1,5,7,5,5,2,3,0,0
1276,2021/22,2021-12-01,20:15,E0,2,20,Aston Villa,Man City,1,2,A,0,2,A,M Dean,9,17,3,7,8,12,4,11,0,0,0,0
1277,2021/22,2021-12-01,20:15,E0,11,18,Everton,Liverpool,1,4,A,1,2,A,P Tierney,8,16,2,7,8,16,3,11,4,3,0,0
1278,2021/22,2021-12-02,19:30,E0,27,4,Tottenham,Brentford,2,0,H,1,0,H,J Moss,11,6,6,2,13,11,11,5,0,0,0,0
1279,2021/22,2021-12-02,20:15,E0,21,1,Man United,Arsenal,3,2,H,1,1,D,M Atkinson,14,17,10,8,9,10,3,8,1,0,0,0
1280,2021/22,2021-12-04,12:30,E0,31,8,West Ham,Chelsea,3,2,H,1,2,A,A Marriner,11,19,5,7,10,10,1,9,1,3,0,0
1281,2021/22,2021-12-04,15:00,E0,22,6,Newcastle,Burnley,1,0,H,1,0,H,P Tierney,19,10,4,1,11,9,10,3,1,1,0,0
1282,2021/22,2021-12-04,15:00,E0,26,5,Southampton,Brighton,1,1,D,1,0,H,A Taylor,14,14,4,4,15,12,6,2,4,2,0,0
1283,2021/22,2021-12-04,15:00,E0,32,18,Wolves,Liverpool,0,1,A,0,0,D,C Kavanagh,3,17,1,5,4,7,2,8,2,2,0,0
1284,2021/22,2021-12-04,17:30,E0,29,20,Watford,Man City,1,3,A,0,2,A,S Hooper,11,26,4,13,10,7,5,11,3,0,0,0
1285,2021/22,2021-12-05,14:00,E0,16,4,Leeds,Brentford,2,2,D,1,0,H,D Coote,13,9,6,3,11,9,5,1,5,3,0,0
1286,2021/22,2021-12-05,14:00,E0,21,10,Man United,Crystal Palace,1,0,H,0,0,D,C Pawson,16,8,3,2,16,9,9,6,2,2,0,0
1287,2021/22,2021-12-05,14:00,E0,27,23,Tottenham,Norwich,3,0,H,1,0,H,J Gillett,17,10,7,1,11,4,6,4,1,2,0,0
1288,2021/22,2021-12-05,16:30,E0,2,17,Aston Villa,Leicester,2,1,H,1,1,D,M Oliver,13,12,4,5,8,25,3,6,1,1,0,0
1289,2021/22,2021-12-06,20:00,E0,11,1,Everton,Arsenal,2,1,H,0,1,A,M Dean,11,10,5,3,8,12,3,3,2,2,0,0
1290,2021/22,2021-12-10,20:00,E0,4,29,Brentford,Watford,2,1,H,0,1,A,M Oliver,14,6,5,2,12,18,8,2,4,0,0,0
1291,2021/22,2021-12-11,12:30,E0,20,32,Man City,Wolves,1,0,H,0,0,D,J Moss,24,2,10,1,12,5,14,1,3,2,0,1
1292,2021/22,2021-12-11,15:00,E0,1,26,Arsenal,Southampton,3,0,H,2,0,H,J Gillett,15,11,5,6,5,9,9,8,2,0,0,0
1293,2021/22,2021-12-11,15:00,E0,8,16,Chelsea,Leeds,3,2,H,1,1,D,C Kavanagh,16,12,6,5,9,15,5,2,2,5,0,0
1294,2021/22,2021-12-11,15:00,E0,18,2,Liverpool,Aston Villa,1,0,H,0,0,D,S Attwell,20,4,5,0,13,6,11,3,1,2,0,0
1295,2021/22,2021-12-11,17:30,E0,23,21,Norwich,Man United,0,1,A,0,0,D,D England,11,13,5,5,6,17,8,6,1,1,0,0
1296,2021/22,2021-12-12,14:00,E0,6,31,Burnley,West Ham,0,0,D,0,0,D,G Scott,9,16,1,3,13,11,6,4,2,1,0,0
1297,2021/22,2021-12-12,14:00,E0,17,22,Leicester,Newcastle,4,0,H,1,0,H,P Bankes,8,12,5,3,9,16,4,6,2,3,0,0
1298,2021/22,2021-12-12,16:30,E0,10,11,Crystal Palace,Everton,3,1,H,1,0,H,A Madley,17,12,6,6,15,14,8,2,0,2,0,0
1299,2021/22,2021-12-14,19:45,E0,23,2,Norwich,Aston Villa,0,2,A,0,1,A,D Coote,7,17,3,6,12,9,7,10,3,1,0,0
1300,2021/22,2021-12-14,20:00,E0,20,16,Man City,Leeds,7,0,H,3,0,H,P Tierney,31,6,15,3,5,9,6,2,1,1,0,0
1301,2021/22,2021-12-15,19:30,E0,5,32,Brighton,Wolves,0,1,A,0,1,A,T Harrington,12,8,2,5,11,14,7,4,2,0,0,0
1302,2021/22,2021-12-15,19:30,E0,10,26,Crystal Palace,Southampton,2,2,D,1,2,A,S Hooper,9,15,6,4,16,20,4,6,2,4,0,0
1303,2021/22,2021-12-15,20:00,E0,1,31,Arsenal,West Ham,2,0,H,0,0,D,A Taylor,21,7,8,1,8,9,5,2,2,0,0,1
1304,2021/22,2021-12-16,19:45,E0,8,11,Chelsea,Everton,1,1,D,0,0,D,M Oliver,23,5,10,3,11,11,7,1,2,3,0,0
1305,2021/22,2021-12-16,20:00,E0,18,22,Liverpool,Newcastle,3,1,H,2,1,H,M Dean,23,4,8,2,9,4,11,0,1,3,0,0
1306,2021/22,2021-12-18,17:30,E0,16,1,Leeds,Arsenal,1,4,A,0,3,A,A Marriner,9,21,2,12,11,7,1,4,3,1,0,0
1307,2021/22,2021-12-19,14:00,E0,22,20,Newcastle,Man City,0,4,A,0,2,A,M Atkinson,5,18,1,7,9,6,3,6,1,2,0,0
1308,2021/22,2021-12-19,14:00,E0,32,8,Wolves,Chelsea,0,0,D,0,0,D,D Coote,4,8,1,1,9,7,4,9,0,2,0,0
1309,2021/22,2021-12-19,16:30,E0,27,18,Tottenham,Liverpool,2,2,D,1,1,D,P Tierney,10,18,5,6,12,11,6,4,4,4,0,1
1310,2021/22,2021-12-26,15:00,E0,20,17,Man City,Leicester,6,3,H,4,0,H,C Kavanagh,17,14,9,8,11,9,14,4,1,2,0,0
1311,2021/22,2021-12-26,15:00,E0,23,1,Norwich,Arsenal,0,5,A,0,2,A,G Scott,4,16,2,6,13,7,3,5,1,2,0,0
1312,2021/22,2021-12-26,15:00,E0,27,10,Tottenham,Crystal Palace,3,0,H,2,0,H,J Moss,17,4,6,0,16,10,4,2,1,1,0,1
1313,2021/22,2021-12-26,15:00,E0,31,26,West Ham,Southampton,2,3,A,0,1,A,K Friend,11,11,5,6,10,9,10,2,2,3,0,0
1314,2021/22,2021-12-26,17:30,E0,2,8,Aston Villa,Chelsea,1,3,A,1,1,D,M Atkinson,8,10,1,4,8,11,2,5,3,1,0,0
1315,2021/22,2021-12-26,20:00,E0,5,4,Brighton,Brentford,2,0,H,2,0,H,D England,15,16,5,6,8,10,6,9,1,3,0,0
1316,2021/22,2021-12-27,20:00,E0,22,21,Newcastle,Man United,1,1,D,1,0,H,C Pawson,13,13,8,4,11,8,2,4,3,3,0,0
1317,2021/22,2021-12-28,15:00,E0,10,23,Crystal Palace,Norwich,3,0,H,3,0,H,P Tierney,19,12,6,3,9,13,8,8,1,2,0,0
1318,2021/22,2021-12-28,15:00,E0,26,27,Southampton,Tottenham,1,1,D,1,1,D,A Taylor,9,21,2,11,15,5,3,7,2,2,1,0
1319,2021/22,2021-12-28,15:00,E0,29,31,Watford,West Ham,1,4,A,1,2,A,D England,14,13,5,6,12,12,4,5,0,1,0,0
1320,2021/22,2021-12-28,20:00,E0,17,18,Leicester,Liverpool,1,0,H,0,0,D,M Oliver,6,21,1,4,8,11,1,12,0,1,0,0
1321,2021/22,2021-12-29,19:30,E0,8,5,Chelsea,Brighton,1,1,D,1,0,H,M Dean,11,18,5,6,14,7,10,8,4,1,0,0
1322,2021/22,2021-12-29,20:15,E0,4,20,Brentford,Man City,0,1,A,0,1,A,D Coote,6,12,2,3,12,10,3,5,0,0,0,0
1323,2021/22,2021-12-30,20:15,E0,21,6,Man United,Burnley,3,1,H,3,1,H,J Moss,18,10,6,3,5,10,7,5,0,0,0,0
1324,2021/22,2022-01-01,12:30,E0,1,20,Arsenal,Man City,1,2,A,1,0,H,S Attwell,7,15,2,2,13,5,5,5,3,2,1,0
1325,2021/22,2022-01-01,15:00,E0,29,27,Watford,Tottenham,0,1,A,0,0,D,R Jones,6,21,4,9,6,9,3,7,0,1,0,0
1326,2021/22,2022-01-01,17:30,E0,10,31,Crystal Palace,West Ham,2,3,A,0,3,A,D England,22,10,6,5,6,16,9,1,0,2,0,0
1327,2021/22,2022-01-02,14:00,E0,4,2,Brentford,Aston Villa,2,1,H,1,1,D,C Pawson,10,16,4,5,17,11,3,7,2,2,0,0
1328,2021/22,2022-01-02,14:00,E0,11,5,Everton,Brighton,2,3,A,0,2,A,J Brooks,17,12,6,5,5,12,8,5,1,1,0,0
1329,2021/22,2022-01-02,14:00,E0,16,6,Leeds,Burnley,3,1,H,1,0,H,P Tierney,22,8,7,2,11,7,9,3,2,1,0,0
1330,2021/22,2022-01-02,16:30,E0,8,18,Chelsea,Liverpool,2,2,D,2,2,D,A Taylor,15,10,6,6,5,13,6,7,1,2,0,0
1331,2021/22,2022-01-03,17:30,E0,21,32,Man United,Wolves,0,1,A,0,0,D,M Dean,9,19,2,6,9,8,3,8,3,1,0,0
1332,2021/22,2022-01-11,19:45,E0,26,4,Southampton,Brentford,4,1,H,2,1,H,S Attwell,12,5,6,4,9,8,5,2,0,1,0,0
1333,2021/22,2022-01-12,19:45,E0,31,23,West Ham,Norwich,2,0,H,1,0,H,S Hooper,13,7,5,3,9,8,11,2,0,0,0,0
1334,2021/22,2022-01-14,20:00,E0,5,10,Brighton,Crystal Palace,1,1,D,0,0,D,R Jones,19,3,4,1,11,7,9,0,0,2,0,0
1335,2021/22,2022-01-15,12:30,E0,20,8,Man City,Chelsea,1,0,H,0,0,D,C Pawson,11,4,6,1,11,6,9,1,0,2,0,0
1336,2021/22,2022-01-15,15:00,E0,22,29,Newcastle,Watford,1,1,D,0,0,D,P Tierney,12,18,1,5,13,13,4,6,3,2,0,0
1337,2021/22,2022-01-15,15:00,E0,23,11,Norwich,Everton,2,1,H,2,0,H,A Madley,14,12,3,5,12,14,8,8,3,1,0,0
1338,2021/22,2022-01-15,15:00,E0,32,26,Wolves,Southampton,3,1,H,1,0,H,M Salisbury,9,13,5,10,13,14,2,10,2,3,0,0
1339,2021/22,2022-01-15,17:30,E0,2,21,Aston Villa,Man United,2,2,D,0,1,A,D Coote,13,13,9,6,8,13,3,6,1,2,0,0
1340,2021/22,2022-01-16,14:00,E0,18,4,Liverpool,Brentford,3,0,H,1,0,H,J Moss,27,6,13,1,6,6,9,0,0,1,0,0
1341,2021/22,2022-01-16,14:00,E0,31,16,West Ham,Leeds,2,3,A,1,2,A,M Dean,15,18,5,5,6,9,4,3,3,2,0,0
1342,2021/22,2022-01-18,20:00,E0,5,8,Brighton,Chelsea,1,1,D,0,1,A,K Friend,10,15,2,3,8,5,5,7,1,2,0,0
1343,2021/22,2022-01-19,19:30,E0,17,27,Leicester,Tottenham,2,3,A,1,1,D,J Moss,14,27,4,10,6,12,3,8,1,2,0,0
1344,2021/22,2022-01-19,20:00,E0,4,21,Brentford,Man United,1,3,A,0,0,D,A Marriner,18,13,8,5,7,9,6,9,0,0,0,0
1345,2021/22,2022-01-21,20:00,E0,29,23,Watford,Norwich,0,3,A,0,0,D,M Dean,15,7,4,2,16,11,5,1,0,1,1,0
1346,2021/22,2022-01-22,12:30,E0,11,2,Everton,Aston Villa,0,1,A,0,1,A,C Pawson,15,8,1,3,14,16,9,2,5,3,0,0
1347,2021/22,2022-01-22,15:00,E0,4,32,Brentford,Wolves,1,2,A,0,0,D,P Bankes,11,7,1,2,6,7,6,3,2,3,0,0
1348,2021/22,2022-01-22,15:00,E0,16,22,Leeds,Newcastle,0,1,A,0,0,D,C Kavanagh,13,15,4,3,9,9,6,7,4,2,0,0
1349,2021/22,2022-01-22,15:00,E0,21,31,Man United,West Ham,1,0,H,0,0,D,J Moss,18,6,3,1,9,8,3,3,1,1,0,0
1350,2021/22,2022-01-22,17:30,E0,26,20,Southampton,Man City,1,1,D,1,0,H,S Hooper,7,20,3,5,13,5,2,11,3,0,0,0
1351,2021/22,2022-01-23,14:00,E0,1,6,Arsenal,Burnley,0,0,D,0,0,D,D Coote,20,10,5,1,9,13,12,4,0,2,0,0
1352,2021/22,2022-01-23,14:00,E0,10,18,Crystal Palace,Liverpool,1,3,A,0,2,A,K Friend,8,15,5,7,12,10,2,5,4,1,0,0
1353,2021/22,2022-01-23,14:00,E0,17,5,Leicester,Brighton,1,1,D,0,0,D,M Atkinson,15,14,5,5,6,8,4,5,0,1,0,0
1354,2021/22,2022-01-23,16:30,E0,8,27,Chelsea,Tottenham,2,0,H,0,0,D,P Tierney,15,6,7,3,17,14,10,3,2,1,0,0
1355,2021/22,2022-02-05,18:00,E0,6,29,Burnley,Watford,0,0,D,0,0,D,C Pawson,13,11,2,5,16,9,4,7,1,2,0,0
1356,2021/22,2022-02-08,19:45,E0,22,11,Newcastle,Everton,3,1,H,1,1,D,A Taylor,20,11,9,3,13,13,6,2,2,3,0,0
1357,2021/22,2022-02-08,19:45,E0,31,29,West Ham,Watford,1,0,H,0,0,D,M Atkinson,9,6,3,1,1,6,5,6,1,0,0,0
1358,2021/22,2022-02-08,20:00,E0,6,21,Burnley,Man United,1,1,D,0,1,A,M Dean,9,22,3,5,11,10,2,10,2,1,0,0
1359,2021/22,2022-02-09,19:45,E0,20,4,Man City,Brentford,2,0,H,1,0,H,D England,15,6,7,2,7,13,9,3,0,0,0,0
1360,2021/22,2022-02-09,19:45,E0,23,10,Norwich,Crystal Palace,1,1,D,1,0,H,P Tierney,5,13,1,5,11,15,4,6,1,2,0,0
1361,2021/22,2022-02-09,19:45,E0,27,26,Tottenham,Southampton,2,3,A,1,1,D,D Coote,8,23,3,10,7,13,2,8,2,3,0,0
1362,2021/22,2022-02-09,20:00,E0,2,16,Aston Villa,Leeds,3,3,D,3,2,H,J Gillett,12,16,4,8,11,9,6,11,1,3,1,0
1363,2021/22,2022-02-10,19:45,E0,18,17,Liverpool,Leicester,2,0,H,1,0,H,C Kavanagh,22,5,11,1,11,7,7,6,1,0,0,0
1364,2021/22,2022-02-10,19:45,E0,32,1,Wolves,Arsenal,0,1,A,0,1,A,M Oliver,15,12,4,2,12,13,7,4,2,3,0,1
1365,2021/22,2022-02-12,12:30,E0,21,26,Man United,Southampton,1,1,D,1,0,H,S Attwell,12,13,8,4,12,13,1,4,4,0,0,0
1366,2021/22,2022-02-12,15:00,E0,4,10,Brentford,Crystal Palace,0,0,D,0,0,D,S Hooper,9,6,2,3,10,10,3,9,1,0,0,0
1367,2021/22,2022-02-12,15:00,E0,11,16,Everton,Leeds,3,0,H,2,0,H,G Scott,21,7,10,0,8,9,5,3,1,1,0,0
1368,2021/22,2022-02-12,15:00,E0,29,5,Watford,Brighton,0,2,A,0,1,A,J Moss,9,11,1,6,16,9,4,5,3,2,0,0
1369,2021/22,2022-02-12,17:30,E0,23,20,Norwich,Man City,0,4,A,0,1,A,A Marriner,8,22,3,9,7,8,4,12,0,2,0,0
1370,2021/22,2022-02-13,14:00,E0,6,18,Burnley,Liverpool,0,1,A,0,1,A,M Atkinson,8,12,5,4,7,6,5,8,0,1,0,0
1371,2021/22,2022-02-13,14:00,E0,22,2,Newcastle,Aston Villa,1,0,H,1,0,H,C Pawson,10,11,2,1,22,15,3,6,3,4,0,0
1372,2021/22,2022-02-13,14:00,E0,27,32,Tottenham,Wolves,0,2,A,0,2,A,K Friend,17,11,7,7,13,13,7,3,3,1,0,0
1373,2021/22,2022-02-13,16:30,E0,17,31,Leicester,West Ham,2,2,D,1,1,D,M Oliver,13,8,2,3,10,9,5,4,1,2,0,0
1374,2021/22,2022-02-15,20:15,E0,21,5,Man United,Brighton,2,0,H,0,0,D,P Bankes,19,10,7,3,8,10,10,2,3,1,0,1
1375,2021/22,2022-02-19,12:30,E0,31,22,West Ham,Newcastle,1,1,D,1,1,D,C Kavanagh,11,14,3,3,3,7,3,7,3,3,0,0
1376,2021/22,2022-02-19,15:00,E0,1,4,Arsenal,Brentford,2,1,H,0,0,D,J Moss,24,6,8,2,10,5,14,0,1,1,0,0
1377,2021/22,2022-02-19,15:00,E0,2,29,Aston Villa,Watford,0,1,A,0,0,D,R Jones,20,8,1,4,12,7,10,5,1,2,0,0
1378,2021/22,2022-02-19,15:00,E0,5,6,Brighton,Burnley,0,3,A,0,2,A,K Friend,11,10,1,4,12,12,4,4,1,4,0,0
1379,2021/22,2022-02-19,15:00,E0,10,8,Crystal Palace,Chelsea,0,1,A,0,0,D,D Coote,7,9,0,3,4,20,4,4,1,3,0,0
1380,2021/22,2022-02-19,15:00,E0,18,23,Liverpool,Norwich,3,1,H,0,0,D,M Dean,29,6,8,1,7,8,9,4,0,1,0,0
1381,2021/22,2022-02-19,15:00,E0,26,11,Southampton,Everton,2,0,H,0,0,D,A Madley,19,9,11,0,6,9,4,4,0,2,0,0
1382,2021/22,2022-02-19,17:30,E0,20,27,Man City,Tottenham,2,3,A,1,1,D,A Taylor,21,6,4,5,5,7,10,0,0,3,0,0
1383,2021/22,2022-02-20,14:00,E0,16,21,Leeds,Man United,2,4,A,0,2,A,P Tierney,16,15,6,9,13,19,3,3,6,3,0,0
1384,2021/22,2022-02-20,16:30,E0,32,17,Wolves,Leicester,2,1,H,1,1,D,C Pawson,11,17,3,7,12,9,7,10,4,4,0,0
1385,2021/22,2022-02-23,19:30,E0,6,27,Burnley,Tottenham,1,0,H,0,0,D,G Scott,15,12,4,2,8,8,3,7,0,0,0,0
1386,2021/22,2022-02-23,19:30,E0,29,10,Watford,Crystal Palace,1,4,A,1,2,A,A Marriner,8,7,1,5,12,9,6,4,2,1,0,0
1387,2021/22,2022-02-23,19:45,E0,18,16,Liverpool,Leeds,6,0,H,3,0,H,M Oliver,23,3,15,2,5,11,4,0,0,3,0,0
1388,2021/22,2022-02-24,19:45,E0,1,32,Arsenal,Wolves,2,1,H,0,1,A,M Atkinson,26,6,5,2,8,9,5,4,1,1,0,0
1389,2021/22,2022-02-25,20:00,E0,26,23,Southampton,Norwich,2,0,H,1,0,H,S Hooper,27,8,9,1,12,9,13,6,1,2,0,0
1390,2021/22,2022-02-26,12:30,E0,16,27,Leeds,Tottenham,0,4,A,0,3,A,C Pawson,19,15,3,11,16,11,3,6,4,2,0,0
1391,2021/22,2022-02-26,15:00,E0,4,22,Brentford,Newcastle,0,2,A,0,2,A,M Dean,6,26,1,11,9,7,6,6,3,1,1,0
1392,2021/22,2022-02-26,15:00,E0,10,6,Crystal Palace,Burnley,1,1,D,1,0,H,J Moss,11,5,4,1,5,17,5,4,0,2,0,0
1393,2021/22,2022-02-26,15:00,E0,21,29,Man United,Watford,0,0,D,0,0,D,K Friend,22,10,3,2,2,7,4,3,0,0,0,0
1394,2021/22,2022-02-26,15:30,E0,5,2,Brighton,Aston Villa,0,2,A,0,1,A,J Brooks,12,9,1,4,17,11,7,2,4,5,0,0
1395,2021/22,2022-02-26,17:30,E0,11,20,Everton,Man City,0,1,A,0,0,D,P Tierney,6,13,2,8,7,14,3,4,3,2,0,0
1396,2021/22,2022-02-27,14:00,E0,31,32,West Ham,Wolves,1,0,H,0,0,D,A Taylor,13,14,4,1,8,2,3,5,1,0,0,0
1397,2021/22,2022-03-01,19:45,E0,6,17,Burnley,Leicester,0,2,A,0,0,D,C Kavanagh,9,22,2,6,10,13,6,8,1,1,0,0
1398,2021/22,2022-03-05,12:30,E0,17,16,Leicester,Leeds,1,0,H,0,0,D,D Coote,7,19,4,4,9,12,5,10,1,2,0,0
1399,2021/22,2022-03-05,15:00,E0,2,26,Aston Villa,Southampton,4,0,H,2,0,H,P Bankes,14,11,9,1,10,8,4,7,1,1,0,0
1400,2021/22,2022-03-05,15:00,E0,6,8,Burnley,Chelsea,0,4,A,0,0,D,A Marriner,6,11,1,5,12,7,5,2,2,0,0,0
1401,2021/22,2022-03-05,15:00,E0,22,5,Newcastle,Brighton,2,1,H,2,0,H,M Atkinson,10,15,4,4,8,10,4,7,1,1,0,0
1402,2021/22,2022-03-05,15:00,E0,23,4,Norwich,Brentford,1,3,A,0,1,A,A Taylor,15,10,7,6,13,18,5,5,2,5,0,0
1403,2021/22,2022-03-05,15:00,E0,32,10,Wolves,Crystal Palace,0,2,A,0,2,A,A Madley,12,12,5,8,13,8,7,7,0,3,0,0
1404,2021/22,2022-03-05,17:30,E0,18,31,Liverpool,West Ham,1,0,H,1,0,H,J Moss,22,13,5,5,7,7,4,6,2,1,0,0
1405,2021/22,2022-03-06,14:00,E0,29,1,Watford,Arsenal,2,3,A,1,2,A,C Pawson,13,16,7,4,5,11,1,5,1,2,0,0
1406,2021/22,2022-03-06,16:30,E0,20,21,Man City,Man United,4,1,H,2,1,H,M Oliver,24,5,10,2,10,14,9,3,0,1,0,0
1407,2021/22,2022-03-07,20:00,E0,27,11,Tottenham,Everton,5,0,H,3,0,H,S Attwell,14,6,7,0,15,10,5,2,2,0,0,0
1408,2021/22,2022-03-10,19:30,E0,23,8,Norwich,Chelsea,1,3,A,0,2,A,M Atkinson,9,15,3,7,8,15,3,8,0,2,0,0
1409,2021/22,2022-03-10,19:30,E0,26,22,Southampton,Newcastle,1,2,A,1,1,D,K Friend,14,8,5,4,6,7,12,5,1,1,0,0
1410,2021/22,2022-03-10,19:30,E0,32,29,Wolves,Watford,4,0,H,3,0,H,D England,10,9,5,0,11,10,5,2,2,2,0,0
1411,2021/22,2022-03-10,19:45,E0,16,2,Leeds,Aston Villa,0,3,A,0,1,A,S Hooper,4,15,1,9,17,11,3,5,5,3,0,0
1412,2021/22,2022-03-12,12:30,E0,5,18,Brighton,Liverpool,0,2,A,0,1,A,M Dean,8,18,3,9,12,15,7,6,3,1,0,0
1413,2021/22,2022-03-12,15:00,E0,4,6,Brentford,Burnley,2,0,H,0,0,D,P Tierney,13,7,4,1,6,10,2,9,1,1,0,1
1414,2021/22,2022-03-12,17:30,E0,21,27,Man United,Tottenham,3,2,H,2,1,H,J Moss,10,10,6,3,8,7,4,5,2,1,0,0
1415,2021/22,2022-03-13,14:00,E0,8,22,Chelsea,Newcastle,1,0,H,0,0,D,D Coote,8,7,3,2,17,16,7,2,4,3,0,0
1416,2021/22,2022-03-13,14:00,E0,11,32,Everton,Wolves,0,1,A,0,0,D,M Oliver,8,14,2,3,13,11,5,2,2,1,1,0
1417,2021/22,2022-03-13,14:00,E0,16,23,Leeds,Norwich,2,1,H,1,0,H,S Attwell,13,12,7,4,18,8,6,2,3,1,0,0
1418,2021/22,2022-03-13,14:00,E0,26,29,Southampton,Watford,1,2,A,1,2,A,G Scott,13,9,7,5,8,12,11,3,3,2,0,0
1419,2021/22,2022-03-13,14:00,E0,31,2,West Ham,Aston Villa,2,1,H,0,0,D,J Gillett,11,13,4,7,9,3,5,7,1,0,0,0
1420,2021/22,2022-03-13,16:30,E0,1,17,Arsenal,Leicester,2,0,H,1,0,H,A Taylor,21,6,8,3,8,10,2,6,0,3,0,0
1421,2021/22,2022-03-14,20:00,E0,10,20,Crystal Palace,Man City,0,0,D,0,0,D,M Atkinson,7,18,1,4,6,11,2,6,3,1,0,0
1422,2021/22,2022-03-16,19:30,E0,5,27,Brighton,Tottenham,0,2,A,0,1,A,R Jones,15,17,0,7,11,9,6,3,2,2,0,0
1423,2021/22,2022-03-16,20:15,E0,1,18,Arsenal,Liverpool,0,2,A,0,0,D,A Marriner,9,9,2,3,9,9,1,6,0,1,0,0
1424,2021/22,2022-03-17,19:45,E0,11,22,Everton,Newcastle,1,0,H,0,0,D,C Pawson,9,17,3,6,13,11,5,7,2,1,1,0
1425,2021/22,2022-03-18,20:00,E0,32,16,Wolves,Leeds,2,3,A,2,0,H,K Friend,14,15,8,6,13,14,2,5,1,4,1,0
1426,2021/22,2022-03-19,12:30,E0,2,1,Aston Villa,Arsenal,0,1,A,0,1,A,A Madley,8,10,1,3,13,14,6,5,3,3,0,0
1427,2021/22,2022-03-20,14:00,E0,17,4,Leicester,Brentford,2,1,H,2,0,H,D England,12,15,4,6,10,10,2,5,1,2,0,0
1428,2021/22,2022-03-20,16:30,E0,27,31,Tottenham,West Ham,3,1,H,2,1,H,A Taylor,17,6,4,1,7,7,5,3,0,1,0,0
1429,2021/22,2022-04-02,12:30,E0,18,29,Liverpool,Watford,2,0,H,1,0,H,S Attwell,20,5,3,2,9,8,9,3,1,1,0,0
1430,2021/22,2022-04-02,15:00,E0,5,23,Brighton,Norwich,0,0,D,0,0,D,S Hooper,31,6,4,0,12,11,11,2,1,1,0,0
1431,2021/22,2022-04-02,15:00,E0,6,20,Burnley,Man City,0,2,A,0,2,A,C Pawson,3,18,1,6,11,6,1,8,1,0,0,0
1432,2021/22,2022-04-02,15:00,E0,8,4,Chelsea,Brentford,1,4,A,0,0,D,A Madley,21,17,8,6,11,7,12,7,0,0,0,0
1433,2021/22,2022-04-02,15:00,E0,16,26,Leeds,Southampton,1,1,D,1,0,H,A Taylor,12,14,3,6,14,7,4,7,1,1,0,0
1434,2021/22,2022-04-02,15:00,E0,32,2,Wolves,Aston Villa,2,1,H,2,0,H,D England,11,15,5,5,15,8,4,9,4,3,0,0
1435,2021/22,2022-04-02,17:30,E0,21,17,Man United,Leicester,1,1,D,0,0,D,A Marriner,11,11,5,3,13,6,6,5,2,2,0,0
1436,2021/22,2022-04-03,14:00,E0,31,11,West Ham,Everton,2,1,H,1,0,H,M Oliver,11,13,5,2,9,12,2,4,1,1,0,1
1437,2021/22,2022-04-03,16:30,E0,27,22,Tottenham,Newcastle,5,1,H,1,1,D,M Atkinson,19,8,6,1,10,7,2,3,2,3,0,0
1438,2021/22,2022-04-04,20:00,E0,10,1,Crystal Palace,Arsenal,3,0,H,2,0,H,P Tierney,6,12,5,3,11,15,0,2,0,2,0,0
1439,2021/22,2022-04-06,19:30,E0,6,11,Burnley,Everton,3,2,H,1,2,A,M Dean,13,16,4,4,11,16,9,6,2,2,0,0
1440,2021/22,2022-04-08,20:00,E0,22,32,Newcastle,Wolves,1,0,H,0,0,D,P Bankes,12,5,4,2,6,13,1,2,1,1,0,0
1441,2021/22,2022-04-09,12:30,E0,11,21,Everton,Man United,1,0,H,1,0,H,J Moss,7,12,3,4,4,10,5,7,2,2,0,0
1442,2021/22,2022-04-09,15:00,E0,1,5,Arsenal,Brighton,1,2,A,0,1,A,D Coote,20,8,4,3,12,19,11,2,3,4,0,0
1443,2021/22,2022-04-09,15:00,E0,26,8,Southampton,Chelsea,0,6,A,0,4,A,K Friend,4,24,1,14,11,10,3,3,1,0,0,0
1444,2021/22,2022-04-09,15:00,E0,29,16,Watford,Leeds,0,3,A,0,1,A,A Marriner,8,10,1,5,8,12,3,8,2,0,0,0
1445,2021/22,2022-04-09,17:30,E0,2,27,Aston Villa,Tottenham,0,4,A,0,1,A,G Scott,9,11,8,5,12,14,9,3,2,3,0,0
1446,2021/22,2022-04-10,14:00,E0,4,31,Brentford,West Ham,2,0,H,0,0,D,M Atkinson,15,5,7,1,2,6,4,6,0,1,0,0
1447,2021/22,2022-04-10,14:00,E0,17,10,Leicester,Crystal Palace,2,1,H,2,0,H,R Jones,12,11,3,3,11,12,3,4,1,1,0,0
1448,2021/22,2022-04-10,14:00,E0,23,6,Norwich,Burnley,2,0,H,1,0,H,M Oliver,17,18,6,4,12,10,6,7,1,1,0,0
1449,2021/22,2022-04-10,16:30,E0,20,18,Man City,Liverpool,2,2,D,2,1,H,A Taylor,11,6,5,4,9,11,4,1,1,4,0,0
1450,2021/22,2022-04-16,12:30,E0,27,5,Tottenham,Brighton,0,1,A,0,0,D,C Pawson,5,12,0,5,14,10,4,4,3,3,0,0
1451,2021/22,2022-04-16,15:00,E0,21,23,Man United,Norwich,3,2,H,2,1,H,A Madley,20,15,9,4,7,6,6,7,0,0,0,0
1452,2021/22,2022-04-16,15:00,E0,26,1,Southampton,Arsenal,1,0,H,1,0,H,P Bankes,9,23,3,6,6,6,6,8,2,1,0,0
1453,2021/22,2022-04-16,15:00,E0,29,4,Watford,Brentford,1,2,A,0,1,A,S Hooper,17,16,4,5,11,9,6,5,2,1,0,0
1454,2021/22,2022-04-17,14:15,E0,22,17,Newcastle,Leicester,2,1,H,1,1,D,J Gillett,16,8,7,2,10,10,3,5,2,2,0,0
1455,2021/22,2022-04-17,14:15,E0,31,6,West Ham,Burnley,1,1,D,0,1,A,P Tierney,21,9,8,1,9,10,13,4,2,2,0,0
1456,2021/22,2022-04-19,20:00,E0,18,21,Liverpool,Man United,4,0,H,2,0,H,M Atkinson,14,2,5,1,3,6,10,2,1,2,0,0
1457,2021/22,2022-04-20,19:45,E0,8,1,Chelsea,Arsenal,2,4,A,2,2,D,J Moss,11,14,2,4,7,6,6,1,3,1,0,0
1458,2021/22,2022-04-20,19:45,E0,11,17,Everton,Leicester,1,1,D,0,1,A,D Coote,13,11,3,3,8,17,5,4,3,1,0,0
1459,2021/22,2022-04-20,19:45,E0,22,10,Newcastle,Crystal Palace,1,0,H,1,0,H,T Harrington,13,10,4,2,12,12,2,5,1,1,0,0
1460,2021/22,2022-04-20,20:00,E0,20,5,Man City,Brighton,3,0,H,0,0,D,M Dean,17,2,5,1,12,7,7,4,0,3,0,0
1461,2021/22,2022-04-21,19:45,E0,6,26,Burnley,Southampton,2,0,H,2,0,H,S Attwell,16,11,6,3,7,7,10,10,2,2,0,0
1462,2021/22,2022-04-23,12:30,E0,1,21,Arsenal,Man United,3,1,H,2,1,H,C Pawson,14,14,7,5,9,12,1,7,3,4,0,0
1463,2021/22,2022-04-23,15:00,E0,17,2,Leicester,Aston Villa,0,0,D,0,0,D,A Madley,5,11,2,3,15,16,7,6,3,2,0,0
1464,2021/22,2022-04-23,15:00,E0,20,29,Man City,Watford,5,1,H,3,1,H,K Friend,21,5,8,2,9,7,11,4,1,0,0,0
1465,2021/22,2022-04-23,15:00,E0,23,22,Norwich,Newcastle,0,3,A,0,2,A,C Kavanagh,5,13,2,7,11,10,2,3,0,2,0,0
1466,2021/22,2022-04-23,17:30,E0,4,27,Brentford,Tottenham,0,0,D,0,0,D,M Atkinson,15,9,2,0,8,7,12,8,2,1,0,0
1467,2021/22,2022-04-24,14:00,E0,5,26,Brighton,Southampton,2,2,D,2,1,H,R Jones,8,18,5,5,12,7,6,6,1,0,0,0
1468,2021/22,2022-04-24,14:00,E0,6,32,Burnley,Wolves,1,0,H,0,0,D,A Taylor,14,10,5,4,8,7,3,6,3,1,0,0
1469,2021/22,2022-04-24,14:00,E0,8,31,Chelsea,West Ham,1,0,H,0,0,D,M Oliver,26,6,5,2,11,9,3,1,1,0,0,1
1470,2021/22,2022-04-24,16:30,E0,18,11,Liverpool,Everton,2,0,H,0,0,D,S Attwell,18,9,4,1,8,8,13,1,2,5,0,0
1471,2021/22,2022-04-25,20:00,E0,10,16,Crystal Palace,Leeds,0,0,D,0,0,D,D England,17,9,7,2,12,13,6,3,2,2,0,0
1472,2021/22,2022-04-28,19:45,E0,21,8,Man United,Chelsea,1,1,D,0,0,D,M Dean,6,21,3,6,9,12,2,9,0,1,0,0
1473,2021/22,2022-04-30,12:30,E0,22,18,Newcastle,Liverpool,0,1,A,0,1,A,A Marriner,4,24,2,10,11,11,0,6,1,3,0,0
1474,2021/22,2022-04-30,15:00,E0,2,23,Aston Villa,Norwich,2,0,H,1,0,H,J Brooks,21,9,6,3,16,8,2,3,4,1,0,0
1475,2021/22,2022-04-30,15:00,E0,26,10,Southampton,Crystal Palace,1,2,A,1,0,H,J Gillett,8,14,3,5,13,11,6,7,1,3,0,0
1476,2021/22,2022-04-30,15:00,E0,29,6,Watford,Burnley,1,2,A,1,0,H,C Pawson,13,17,1,6,13,9,5,6,1,2,0,0
1477,2021/22,2022-04-30,15:00,E0,32,5,Wolves,Brighton,0,3,A,0,1,A,S Hooper,11,17,1,9,6,4,7,3,2,1,0,0
1478,2021/22,2022-04-30,17:30,E0,16,20,Leeds,Man City,0,4,A,0,1,A,P Tierney,7,19,2,6,13,3,3,6,1,2,0,0
1479,2021/22,2022-05-01,14:00,E0,11,8,Everton,Chelsea,1,0,H,0,0,D,K Friend,9,17,4,5,9,12,3,8,3,5,0,0
1480,2021/22,2022-05-01,14:00,E0,27,17,Tottenham,Leicester,3,1,H,1,0,H,J Moss,13,6,7,2,13,8,7,3,2,3,0,0
1481,2021/22,2022-05-01,16:30,E0,31,1,West Ham,Arsenal,1,2,A,1,1,D,M Dean,8,13,3,7,8,9,3,7,2,2,0,0
1482,2021/22,2022-05-02,20:00,E0,21,4,Man United,Brentford,3,0,H,1,0,H,C Kavanagh,9,12,5,4,4,6,3,8,1,0,0,0
1483,2021/22,2022-05-07,15:00,E0,4,26,Brentford,Southampton,3,0,H,2,0,H,M Salisbury,18,19,5,4,12,9,4,7,0,1,0,0
1484,2021/22,2022-05-07,15:00,E0,6,2,Burnley,Aston Villa,1,3,A,0,2,A,D Coote,14,12,6,7,13,11,4,5,1,2,0,0
1485,2021/22,2022-05-07,15:00,E0,8,32,Chelsea,Wolves,2,2,D,0,0,D,P Bankes,19,14,6,4,7,11,9,3,1,3,0,0
1486,2021/22,2022-05-07,15:00,E0,10,29,Crystal Palace,Watford,1,0,H,1,0,H,G Scott,15,6,7,1,11,18,8,5,2,1,0,1
1487,2021/22,2022-05-07,17:30,E0,5,21,Brighton,Man United,4,0,H,1,0,H,A Madley,17,15,6,5,13,9,7,6,0,2,0,0
1488,2021/22,2022-05-07,19:45,E0,18,27,Liverpool,Tottenham,1,1,D,0,0,D,M Oliver,22,8,3,3,12,8,11,5,3,2,0,0
1489,2021/22,2022-05-08,14:00,E0,1,16,Arsenal,Leeds,2,1,H,2,0,H,C Kavanagh,19,3,9,2,13,15,8,2,2,2,0,1
1490,2021/22,2022-05-08,14:00,E0,17,11,Leicester,Everton,1,2,A,1,2,A,C Pawson,16,10,9,4,11,6,6,1,3,0,0,0
1491,2021/22,2022-05-08,14:00,E0,23,31,Norwich,West Ham,0,4,A,0,3,A,R Jones,8,13,2,5,7,7,9,5,1,1,0,0
1492,2021/22,2022-05-08,16:30,E0,20,22,Man City,Newcastle,5,0,H,2,0,H,S Attwell,21,7,9,3,6,11,8,2,1,3,0,0
1493,2021/22,2022-05-10,20:00,E0,2,18,Aston Villa,Liverpool,1,2,A,1,1,D,J Moss,9,17,4,6,10,12,2,3,0,0,0,0
1494,2021/22,2022-05-11,19:30,E0,16,8,Leeds,Chelsea,0,3,A,0,1,A,A Taylor,5,17,0,4,10,14,1,5,1,0,1,0
1495,2021/22,2022-05-11,19:45,E0,17,23,Leicester,Norwich,3,0,H,0,0,D,S Hooper,20,9,8,5,10,5,10,2,0,0,0,0
1496,2021/22,2022-05-11,19:45,E0,29,11,Watford,Everton,0,0,D,0,0,D,M Dean,6,16,0,5,5,12,1,13,1,2,0,0
1497,2021/22,2022-05-11,20:15,E0,32,20,Wolves,Man City,1,5,A,1,3,A,M Atkinson,7,16,3,5,2,10,6,2,0,1,0,0
1498,2021/22,2022-05-12,19:45,E0,27,1,Tottenham,Arsenal,3,0,H,2,0,H,P Tierney,16,8,6,4,8,15,2,2,1,3,0,1
1499,2021/22,2022-05-15,12:00,E0,27,6,Tottenham,Burnley,1,0,H,1,0,H,K Friend,21,8,8,1,12,8,8,2,3,2,0,0
1500,2021/22,2022-05-15,14:00,E0,2,10,Aston Villa,Crystal Palace,1,1,D,0,0,D,C Kavanagh,13,16,4,4,11,15,1,5,1,3,0,0
1501,2021/22,2022-05-15,14:00,E0,16,5,Leeds,Brighton,1,1,D,0,1,A,M Dean,19,16,5,6,16,8,8,1,3,2,0,0
1502,2021/22,2022-05-15,14:00,E0,29,17,Watford,Leicester,1,5,A,1,2,A,J Gillett,13,13,5,7,4,6,7,3,0,1,0,0
1503,2021/22,2022-05-15,14:00,E0,31,20,West Ham,Man City,2,2,D,2,0,H,A Taylor,6,31,2,8,9,5,4,9,3,1,0,0
1504,2021/22,2022-05-15,14:00,E0,32,23,Wolves,Norwich,1,1,D,0,1,A,T Harrington,17,11,4,2,5,10,5,3,0,3,0,0
1505,2021/22,2022-05-15,16:30,E0,11,4,Everton,Brentford,2,3,A,2,1,H,M Oliver,10,18,5,7,8,8,5,2,0,3,2,0
1506,2021/22,2022-05-16,20:00,E0,22,1,Newcastle,Arsenal,2,0,H,0,0,D,D England,16,11,4,2,11,8,12,8,0,3,0,0
1507,2021/22,2022-05-17,19:45,E0,26,18,Southampton,Liverpool,1,2,A,1,1,D,M Atkinson,4,24,2,5,6,6,1,9,2,0,0,0
1508,2021/22,2022-05-19,19:45,E0,11,10,Everton,Crystal Palace,3,2,H,0,2,A,A Taylor,12,7,6,5,9,13,4,5,2,3,0,0
1509,2021/22,2022-05-19,20:00,E0,2,6,Aston Villa,Burnley,1,1,D,0,1,A,P Tierney,22,10,9,5,11,20,13,6,0,1,0,1
1510,2021/22,2022-05-19,20:00,E0,8,17,Chelsea,Leicester,1,1,D,1,1,D,S Attwell,20,2,7,1,13,7,6,0,4,1,0,0
1511,2021/22,2022-05-22,16:00,E0,1,11,Arsenal,Everton,5,1,H,2,1,H,A Marriner,26,6,9,2,8,9,12,2,0,1,0,0
1512,2021/22,2022-05-22,16:00,E0,4,16,Brentford,Leeds,1,2,A,0,0,D,P Tierney,14,14,5,6,11,13,3,2,2,1,1,0
1513,2021/22,2022-05-22,16:00,E0,5,31,Brighton,West Ham,3,1,H,0,1,A,K Friend,18,7,7,2,9,9,5,6,1,1,0,0
1514,2021/22,2022-05-22,16:00,E0,6,22,Burnley,Newcastle,1,2,A,0,1,A,C Pawson,12,8,5,6,8,9,8,2,1,0,0,0
1515,2021/22,2022-05-22,16:00,E0,8,29,Chelsea,Watford,2,1,H,1,0,H,M Dean,19,8,8,3,9,9,3,3,0,0,0,0
1516,2021/22,2022-05-22,16:00,E0,10,21,Crystal Palace,Man United,1,0,H,1,0,H,M Atkinson,6,10,3,4,12,22,3,6,2,4,0,0
1517,2021/22,2022-05-22,16:00,E0,17,26,Leicester,Southampton,4,1,H,0,0,D,J Moss,12,7,6,2,10,5,3,3,0,1,0,0
1518,2021/22,2022-05-22,16:00,E0,18,32,Liverpool,Wolves,3,1,H,1,1,D,A Taylor,29,7,8,5,6,3,5,3,1,0,0,0
1519,2021/22,2022-05-22,16:00,E0,20,2,Man City,Aston Villa,3,2,H,0,1,A,M Oliver,24,4,5,2,5,11,13,1,0,1,0,0
1520,2021/22,2022-05-22,16:00,E0,23,27,Norwich,Tottenham,0,5,A,0,2,A,C Kavanagh,9,19,0,13,13,7,3,2,3,1,0,0
1521,2022/23,2022-08-05,20:00,E0,10,1,Crystal Palace,Arsenal,0,2,A,0,1,A,A Taylor,10,10,2,2,16,11,3,5,1,2,0,0
1522,2022/23,2022-08-06,12:30,E0,12,18,Fulham,Liverpool,2,2,D,1,0,H,A Madley,9,11,3,4,7,9,4,4,2,0,0,0
1523,2022/23,2022-08-06,15:00,E0,3,2,Bournemouth,Aston Villa,2,0,H,1,0,H,P Bankes,7,15,3,2,18,16,5,5,3,3,0,0
1524,2022/23,2022-08-06,15:00,E0,16,32,Leeds,Wolves,2,1,H,1,1,D,R Jones,12,15,4,6,13,9,6,4,2,0,0,0
1525,2022/23,2022-08-06,15:00,E0,22,24,Newcastle,Nott'm Forest,2,0,H,0,0,D,S Hooper,23,5,10,0,9,14,11,1,0,3,0,0
1526,2022/23,2022-08-06,15:00,E0,27,26,Tottenham,Southampton,4,1,H,2,1,H,A Marriner,18,10,8,2,11,6,10,2,3,0,0,0
1527,2022/23,2022-08-06,17:30,E0,11,8,Everton,Chelsea,0,1,A,0,1,A,C Pawson,8,15,4,6,14,11,4,16,3,2,0,0
1528,2022/23,2022-08-07,14:00,E0,17,4,Leicester,Brentford,2,2,D,1,0,H,J Gillett,14,8,5,3,6,5,5,6,0,0,0,0
1529,2022/23,2022-08-07,14:00,E0,21,5,Man United,Brighton,1,2,A,0,2,A,P Tierney,17,15,5,4,7,12,6,2,4,1,0,0
1530,2022/23,2022-08-07,16:30,E0,31,20,West Ham,Man City,0,2,A,0,1,A,M Oliver,6,14,1,2,8,4,1,4,0,1,0,0
1531,2022/23,2022-08-13,12:30,E0,2,11,Aston Villa,Everton,2,1,H,1,0,H,M Oliver,12,15,4,4,9,7,5,8,4,1,0,0
1532,2022/23,2022-08-13,15:00,E0,1,17,Arsenal,Leicester,4,2,H,2,0,H,D England,19,6,7,2,15,9,6,2,1,1,0,0
1533,2022/23,2022-08-13,15:00,E0,5,22,Brighton,Newcastle,0,0,D,0,0,D,G Scott,13,4,7,1,8,6,7,3,2,3,0,0
1534,2022/23,2022-08-13,15:00,E0,20,3,Man City,Bournemouth,4,0,H,3,0,H,D Coote,19,3,7,1,9,9,11,1,0,3,0,0
1535,2022/23,2022-08-13,15:00,E0,26,16,Southampton,Leeds,2,2,D,0,0,D,T Harrington,14,13,4,5,10,12,2,5,1,3,0,0
1536,2022/23,2022-08-13,15:00,E0,32,12,Wolves,Fulham,0,0,D,0,0,D,J Brooks,7,9,1,3,7,14,5,3,3,3,0,0
1537,2022/23,2022-08-13,17:30,E0,4,21,Brentford,Man United,4,0,H,4,0,H,S Attwell,13,15,7,4,6,15,8,2,0,4,0,0
1538,2022/23,2022-08-14,14:00,E0,24,31,Nott'm Forest,West Ham,1,0,H,1,0,H,R Jones,13,19,6,5,10,11,6,7,4,1,0,0
1539,2022/23,2022-08-14,16:30,E0,8,27,Chelsea,Tottenham,2,2,D,1,0,H,A Taylor,16,10,3,5,9,9,8,5,3,0,0,0
1540,2022/23,2022-08-15,20:00,E0,18,10,Liverpool,Crystal Palace,1,1,D,0,1,A,P Tierney,24,7,4,3,7,8,4,2,2,4,1,0
1541,2022/23,2022-08-20,12:30,E0,27,32,Tottenham,Wolves,1,0,H,0,0,D,S Hooper,11,20,4,3,10,8,8,6,2,2,0,0
1542,2022/23,2022-08-20,15:00,E0,10,2,Crystal Palace,Aston Villa,3,1,H,1,1,D,A Madley,17,13,9,5,16,14,4,2,2,1,0,0
1543,2022/23,2022-08-20,15:00,E0,11,24,Everton,Nott'm Forest,1,1,D,0,0,D,A Marriner,19,14,8,5,6,9,6,2,3,2,0,0
1544,2022/23,2022-08-20,15:00,E0,12,4,Fulham,Brentford,3,2,H,2,1,H,P Bankes,18,13,9,5,13,7,6,3,3,2,0,0
1545,2022/23,2022-08-20,15:00,E0,17,26,Leicester,Southampton,1,2,A,0,0,D,M Salisbury,6,9,1,3,11,15,2,5,2,3,0,0
1546,2022/23,2022-08-20,17:30,E0,3,1,Bournemouth,Arsenal,0,3,A,0,2,A,C Pawson,6,14,1,6,12,10,3,4,2,1,0,0
1547,2022/23,2022-08-21,14:00,E0,16,8,Leeds,Chelsea,3,0,H,2,0,H,S Attwell,12,14,6,3,16,15,4,6,0,1,0,1
1548,2022/23,2022-08-21,14:00,E0,31,5,West Ham,Brighton,0,2,A,0,1,A,A Taylor,13,11,3,2,10,7,5,4,2,0,0,0
1549,2022/23,2022-08-21,16:30,E0,22,20,Newcastle,Man City,3,3,D,2,1,H,J Gillett,12,21,6,10,14,7,5,5,4,2,0,0
1550,2022/23,2022-08-22,20:00,E0,21,18,Man United,Liverpool,2,1,H,1,0,H,M Oliver,12,17,4,5,11,7,6,8,3,1,0,0
1551,2022/23,2022-08-27,12:30,E0,26,21,Southampton,Man United,0,1,A,0,0,D,A Madley,17,11,5,6,4,14,5,3,0,3,0,0
1552,2022/23,2022-08-27,15:00,E0,4,11,Brentford,Everton,1,1,D,0,1,A,J Brooks,19,14,5,7,8,8,8,5,2,2,0,0
1553,2022/23,2022-08-27,15:00,E0,5,16,Brighton,Leeds,1,0,H,0,0,D,M Salisbury,13,10,4,2,10,14,5,3,2,3,0,0
1554,2022/23,2022-08-27,15:00,E0,8,17,Chelsea,Leicester,2,1,H,0,0,D,P Tierney,7,17,3,5,10,7,3,11,1,2,1,0
1555,2022/23,2022-08-27,15:00,E0,18,3,Liverpool,Bournemouth,9,0,H,5,0,H,S Attwell,19,5,12,2,6,5,8,1,0,1,0,0
1556,2022/23,2022-08-27,15:00,E0,20,10,Man City,Crystal Palace,4,2,H,0,2,A,D England,18,2,5,2,14,8,6,1,1,2,0,0
1557,2022/23,2022-08-27,17:30,E0,1,12,Arsenal,Fulham,2,1,H,0,0,D,J Gillett,22,11,8,3,6,12,9,2,2,3,0,0
1558,2022/23,2022-08-28,14:00,E0,2,31,Aston Villa,West Ham,0,1,A,0,0,D,D Coote,9,7,3,2,10,10,3,2,2,0,0,0
1559,2022/23,2022-08-28,14:00,E0,32,22,Wolves,Newcastle,1,1,D,1,0,H,P Bankes,10,21,4,6,10,11,4,13,2,1,0,0
1560,2022/23,2022-08-28,16:30,E0,24,27,Nott'm Forest,Tottenham,0,2,A,0,1,A,C Pawson,17,18,1,7,11,13,6,1,6,1,0,0
1561,2022/23,2022-08-30,19:30,E0,10,4,Crystal Palace,Brentford,1,1,D,0,0,D,S Hooper,13,9,4,3,11,8,4,6,1,2,0,0
1562,2022/23,2022-08-30,19:30,E0,12,5,Fulham,Brighton,2,1,H,0,0,D,T Bramall,10,7,3,4,9,11,3,3,2,1,0,0
1563,2022/23,2022-08-30,19:45,E0,26,8,Southampton,Chelsea,2,1,H,2,1,H,M Oliver,9,10,7,4,15,10,5,3,2,1,0,0
1564,2022/23,2022-08-30,20:00,E0,16,11,Leeds,Everton,1,1,D,0,1,A,D England,14,7,5,2,10,9,10,2,3,3,0,0
1565,2022/23,2022-08-31,19:30,E0,1,2,Arsenal,Aston Villa,2,1,H,1,0,H,R Jones,22,4,9,3,10,14,10,3,2,3,0,0
1566,2022/23,2022-08-31,19:30,E0,3,32,Bournemouth,Wolves,0,0,D,0,0,D,A Taylor,5,17,2,4,12,12,2,5,2,1,0,0
1567,2022/23,2022-08-31,19:30,E0,20,24,Man City,Nott'm Forest,6,0,H,3,0,H,P Tierney,17,8,9,1,9,7,10,1,0,1,0,0
1568,2022/23,2022-08-31,19:45,E0,31,27,West Ham,Tottenham,1,1,D,0,1,A,P Bankes,14,13,4,4,10,9,3,4,2,5,0,0
1569,2022/23,2022-08-31,20:00,E0,18,22,Liverpool,Newcastle,2,1,H,0,1,A,A Marriner,23,5,6,2,9,10,13,0,0,2,0,0
1570,2022/23,2022-09-01,20:00,E0,17,21,Leicester,Man United,0,1,A,0,1,A,C Pawson,10,9,2,2,7,15,1,3,1,3,0,0
1571,2022/23,2022-09-03,12:30,E0,11,18,Everton,Liverpool,0,0,D,0,0,D,A Taylor,14,23,3,8,7,11,7,9,2,2,0,0
1572,2022/23,2022-09-03,15:00,E0,4,16,Brentford,Leeds,5,2,H,2,1,H,R Jones,14,17,8,6,8,9,2,6,2,2,0,0
1573,2022/23,2022-09-03,15:00,E0,8,31,Chelsea,West Ham,2,1,H,0,0,D,A Madley,8,6,3,3,6,11,10,3,4,2,0,0
1574,2022/23,2022-09-03,15:00,E0,22,10,Newcastle,Crystal Palace,0,0,D,0,0,D,M Salisbury,23,19,6,9,19,12,13,5,2,1,0,0
1575,2022/23,2022-09-03,15:00,E0,24,3,Nott'm Forest,Bournemouth,2,3,A,2,0,H,M Oliver,11,8,3,3,13,10,4,6,2,1,0,0
1576,2022/23,2022-09-03,15:00,E0,27,12,Tottenham,Fulham,2,1,H,1,0,H,S Attwell,23,9,10,3,9,6,10,3,3,4,0,0
1577,2022/23,2022-09-03,15:00,E0,32,26,Wolves,Southampton,1,0,H,1,0,H,J Brooks,7,12,2,1,10,14,5,6,4,2,0,0
1578,2022/23,2022-09-03,17:30,E0,2,20,Aston Villa,Man City,1,1,D,0,0,D,S Hooper,3,13,1,4,7,6,1,4,2,0,0,0
1579,2022/23,2022-09-04,14:00,E0,5,17,Brighton,Leicester,5,2,H,2,2,D,T Harrington,23,6,11,4,6,8,10,1,1,1,0,0
1580,2022/23,2022-09-04,16:30,E0,21,1,Man United,Arsenal,3,1,H,1,0,H,P Tierney,10,16,6,3,13,9,2,5,3,3,0,0
1581,2022/23,2022-09-16,20:00,E0,2,26,Aston Villa,Southampton,1,0,H,1,0,H,T Harrington,11,7,3,1,13,13,6,3,3,1,0,0
1582,2022/23,2022-09-16,20:00,E0,24,12,Nott'm Forest,Fulham,2,3,A,1,0,H,J Gillett,11,15,3,7,11,10,2,10,2,4,0,0
1583,2022/23,2022-09-17,12:30,E0,32,20,Wolves,Man City,0,3,A,0,2,A,A Taylor,6,16,1,7,7,9,5,7,2,1,1,0
1584,2022/23,2022-09-17,15:00,E0,22,3,Newcastle,Bournemouth,1,1,D,0,0,D,C Pawson,20,10,7,3,10,11,8,1,2,2,0,0
1585,2022/23,2022-09-17,17:30,E0,27,17,Tottenham,Leicester,6,2,H,2,2,D,S Hooper,16,19,11,7,9,9,6,1,1,2,0,0
1586,2022/23,2022-09-18,12:00,E0,4,1,Brentford,Arsenal,0,3,A,0,2,A,D Coote,5,13,2,7,10,10,3,3,0,2,0,0
1587,2022/23,2022-09-18,14:15,E0,11,31,Everton,West Ham,1,0,H,0,0,D,M Oliver,7,14,2,4,8,11,5,14,3,1,0,0
1588,2022/23,2022-10-01,12:30,E0,1,27,Arsenal,Tottenham,3,1,H,1,1,D,A Taylor,22,7,9,3,10,10,5,2,2,1,0,1
1589,2022/23,2022-10-01,15:00,E0,3,4,Bournemouth,Brentford,0,0,D,0,0,D,T Bramall,7,13,1,4,11,10,7,8,1,2,0,0
1590,2022/23,2022-10-01,15:00,E0,10,8,Crystal Palace,Chelsea,1,2,A,1,1,D,C Kavanagh,7,13,3,3,11,13,5,2,1,3,0,0
1591,2022/23,2022-10-01,15:00,E0,12,22,Fulham,Newcastle,1,4,A,0,3,A,D England,3,19,1,10,9,10,1,8,2,0,1,0
1592,2022/23,2022-10-01,15:00,E0,18,5,Liverpool,Brighton,3,3,D,1,2,A,A Madley,15,6,7,6,9,13,9,2,1,1,0,0
1593,2022/23,2022-10-01,15:00,E0,26,11,Southampton,Everton,1,2,A,0,0,D,A Marriner,22,12,6,5,11,10,7,6,2,2,0,0
1594,2022/23,2022-10-01,17:30,E0,31,32,West Ham,Wolves,2,0,H,1,0,H,P Tierney,18,15,5,4,8,6,1,6,2,2,0,0
1595,2022/23,2022-10-02,14:00,E0,20,21,Man City,Man United,6,3,H,4,0,H,M Oliver,22,12,10,8,3,9,5,1,0,3,0,0
1596,2022/23,2022-10-02,16:30,E0,16,2,Leeds,Aston Villa,0,0,D,0,0,D,S Attwell,9,19,1,7,23,12,2,9,3,2,1,0
1597,2022/23,2022-10-03,20:00,E0,17,24,Leicester,Nott'm Forest,4,0,H,3,0,H,R Jones,17,10,7,3,13,12,6,6,2,4,0,0
1598,2022/23,2022-10-08,15:00,E0,3,17,Bournemouth,Leicester,2,1,H,0,1,A,M Salisbury,10,9,4,5,8,16,7,2,1,2,0,0
1599,2022/23,2022-10-08,15:00,E0,8,32,Chelsea,Wolves,3,0,H,1,0,H,S Hooper,20,8,7,2,8,8,4,2,2,0,0,0
1600,2022/23,2022-10-08,15:00,E0,20,26,Man City,Southampton,4,0,H,2,0,H,A Madley,21,5,8,0,4,8,9,1,0,1,0,0
1601,2022/23,2022-10-08,15:00,E0,22,4,Newcastle,Brentford,5,1,H,2,0,H,J Brooks,16,6,6,3,14,9,9,5,0,1,0,0
1602,2022/23,2022-10-08,17:30,E0,5,27,Brighton,Tottenham,0,1,A,0,1,A,T Harrington,14,8,4,3,9,14,6,2,1,2,0,0
1603,2022/23,2022-10-09,14:00,E0,10,16,Crystal Palace,Leeds,2,1,H,1,1,D,P Tierney,13,10,5,4,13,23,5,3,3,3,0,0
1604,2022/23,2022-10-09,14:00,E0,31,12,West Ham,Fulham,3,1,H,1,1,D,C Kavanagh,17,8,8,2,9,7,4,2,1,3,0,0
1605,2022/23,2022-10-09,16:30,E0,1,18,Arsenal,Liverpool,3,2,H,2,1,H,M Oliver,11,8,7,3,11,11,4,3,1,2,0,0
1606,2022/23,2022-10-09,19:00,E0,11,21,Everton,Man United,1,2,A,1,2,A,D Coote,11,12,2,4,7,13,5,4,2,1,0,0
1607,2022/23,2022-10-10,20:00,E0,24,2,Nott'm Forest,Aston Villa,1,1,D,1,1,D,A Taylor,6,12,3,2,13,19,1,4,3,3,0,0
1608,2022/23,2022-10-14,20:00,E0,4,5,Brentford,Brighton,2,0,H,1,0,H,M Salisbury,7,21,3,7,12,15,2,11,3,1,0,0
1609,2022/23,2022-10-15,12:30,E0,17,10,Leicester,Crystal Palace,0,0,D,0,0,D,A Madley,14,8,5,1,18,13,9,2,2,2,0,0
1610,2022/23,2022-10-15,15:00,E0,12,3,Fulham,Bournemouth,2,2,D,1,2,A,G Scott,19,10,4,6,9,11,5,6,2,0,0,0
1611,2022/23,2022-10-15,15:00,E0,32,24,Wolves,Nott'm Forest,1,0,H,0,0,D,T Bramall,9,10,2,2,17,13,4,5,2,2,0,0
1612,2022/23,2022-10-15,17:30,E0,27,11,Tottenham,Everton,2,0,H,0,0,D,P Tierney,21,4,7,0,12,13,7,1,1,4,0,0
1613,2022/23,2022-10-16,14:00,E0,2,8,Aston Villa,Chelsea,0,2,A,0,1,A,R Jones,18,8,7,4,12,11,7,1,0,3,0,0
1614,2022/23,2022-10-16,14:00,E0,16,1,Leeds,Arsenal,0,1,A,0,1,A,C Kavanagh,16,9,4,4,10,11,6,3,0,2,0,0
1615,2022/23,2022-10-16,14:00,E0,21,22,Man United,Newcastle,0,0,D,0,0,D,C Pawson,15,9,2,2,13,11,4,4,3,1,0,0
1616,2022/23,2022-10-16,14:00,E0,26,31,Southampton,West Ham,1,1,D,1,0,H,P Bankes,10,25,8,4,7,3,4,14,1,1,0,0
1617,2022/23,2022-10-16,16:30,E0,18,20,Liverpool,Man City,1,0,H,0,0,D,A Taylor,13,16,2,6,10,7,5,6,3,1,0,0
1618,2022/23,2022-10-18,19:30,E0,5,24,Brighton,Nott'm Forest,0,0,D,0,0,D,D England,19,3,7,0,10,14,9,1,3,1,0,0
1619,2022/23,2022-10-18,20:15,E0,10,32,Crystal Palace,Wolves,2,1,H,0,1,A,D Coote,14,10,4,4,14,18,4,3,3,1,0,0
1620,2022/23,2022-10-19,19:30,E0,3,26,Bournemouth,Southampton,0,1,A,0,1,A,J Brooks,15,9,3,3,8,13,7,3,1,3,0,0
1621,2022/23,2022-10-19,19:30,E0,4,8,Brentford,Chelsea,0,0,D,0,0,D,J Gillett,8,14,5,5,7,7,6,2,0,0,0,0
1622,2022/23,2022-10-19,19:30,E0,18,31,Liverpool,West Ham,1,0,H,1,0,H,S Attwell,22,8,7,3,9,8,8,3,0,0,0,0
1623,2022/23,2022-10-19,19:30,E0,22,11,Newcastle,Everton,1,0,H,1,0,H,T Harrington,16,1,4,0,9,12,8,2,2,4,0,0
1624,2022/23,2022-10-19,20:15,E0,21,27,Man United,Tottenham,2,0,H,0,0,D,S Hooper,28,9,10,2,7,7,8,3,1,0,0,0
1625,2022/23,2022-10-20,19:30,E0,12,2,Fulham,Aston Villa,3,0,H,1,0,H,M Oliver,18,12,8,6,11,11,9,7,0,2,0,1
1626,2022/23,2022-10-20,20:15,E0,17,16,Leicester,Leeds,2,0,H,2,0,H,P Bankes,5,14,1,2,15,11,2,9,2,1,0,0
1627,2022/23,2022-10-22,12:30,E0,24,18,Nott'm Forest,Liverpool,1,0,H,0,0,D,P Tierney,10,15,7,7,14,8,2,11,2,1,0,0
1628,2022/23,2022-10-22,15:00,E0,11,10,Everton,Crystal Palace,3,0,H,1,0,H,S Hooper,9,9,6,2,16,14,3,4,3,4,0,0
1629,2022/23,2022-10-22,15:00,E0,20,5,Man City,Brighton,3,1,H,2,0,H,C Pawson,10,8,4,2,11,12,7,3,1,3,0,0
1630,2022/23,2022-10-22,17:30,E0,8,21,Chelsea,Man United,1,1,D,0,0,D,S Attwell,6,13,2,6,8,10,6,4,1,4,0,0
1631,2022/23,2022-10-23,14:00,E0,2,4,Aston Villa,Brentford,4,0,H,3,0,H,D England,19,12,11,3,14,11,7,6,1,0,0,0
1632,2022/23,2022-10-23,14:00,E0,16,12,Leeds,Fulham,2,3,A,1,1,D,A Taylor,14,11,5,5,12,8,3,6,1,1,0,0
1633,2022/23,2022-10-23,14:00,E0,26,1,Southampton,Arsenal,1,1,D,0,1,A,R Jones,10,12,3,3,11,8,9,4,2,1,0,0
1634,2022/23,2022-10-23,14:00,E0,32,17,Wolves,Leicester,0,4,A,0,2,A,M Oliver,21,5,5,4,10,13,9,2,2,1,0,0
1635,2022/23,2022-10-23,16:30,E0,27,22,Tottenham,Newcastle,1,2,A,0,2,A,J Gillett,17,13,5,5,12,6,6,7,4,2,0,0
1636,2022/23,2022-10-24,20:00,E0,31,3,West Ham,Bournemouth,2,0,H,1,0,H,D Coote,20,5,4,3,9,11,5,0,0,2,0,0
1637,2022/23,2022-10-29,12:30,E0,17,20,Leicester,Man City,0,1,A,0,0,D,R Jones,10,15,5,5,5,10,3,10,0,0,0,0
1638,2022/23,2022-10-29,15:00,E0,3,27,Bournemouth,Tottenham,2,3,A,1,0,H,A Taylor,6,23,4,7,10,5,2,19,1,2,0,0
1639,2022/23,2022-10-29,15:00,E0,4,32,Brentford,Wolves,1,1,D,0,0,D,R Madley,12,14,3,4,10,17,3,6,3,3,0,1
1640,2022/23,2022-10-29,15:00,E0,5,8,Brighton,Chelsea,4,1,H,3,0,H,A Madley,19,15,9,7,16,6,8,7,1,2,0,0
1641,2022/23,2022-10-29,15:00,E0,10,26,Crystal Palace,Southampton,1,0,H,1,0,H,M Salisbury,12,14,3,4,13,12,8,4,3,3,0,0
1642,2022/23,2022-10-29,15:00,E0,22,2,Newcastle,Aston Villa,4,0,H,1,0,H,P Tierney,20,3,7,0,11,11,3,0,1,1,0,0
1643,2022/23,2022-10-29,17:30,E0,12,11,Fulham,Everton,0,0,D,0,0,D,J Brooks,24,9,6,4,10,8,13,4,2,1,0,0
1644,2022/23,2022-10-29,19:45,E0,18,16,Liverpool,Leeds,1,2,A,1,1,D,M Oliver,22,14,10,6,9,3,14,5,0,1,0,0
1645,2022/23,2022-10-30,14:00,E0,1,24,Arsenal,Nott'm Forest,5,0,H,1,0,H,S Hooper,24,5,10,2,9,8,9,4,0,1,0,0
1646,2022/23,2022-10-30,16:15,E0,21,31,Man United,West Ham,1,0,H,1,0,H,C Kavanagh,16,13,3,5,12,10,5,10,1,3,0,0
1647,2022/23,2022-11-05,15:00,E0,16,3,Leeds,Bournemouth,4,3,H,1,2,A,T Harrington,18,9,4,6,16,10,13,3,2,2,0,0
1648,2022/23,2022-11-05,15:00,E0,20,12,Man City,Fulham,2,1,H,1,1,D,D England,16,4,5,2,6,11,9,0,2,4,1,0
1649,2022/23,2022-11-05,15:00,E0,24,4,Nott'm Forest,Brentford,2,2,D,1,1,D,A Marriner,15,6,7,2,10,11,3,3,2,2,0,0
1650,2022/23,2022-11-05,15:00,E0,32,5,Wolves,Brighton,2,3,A,2,2,D,G Scott,8,19,5,8,15,11,4,9,2,0,1,0
1651,2022/23,2022-11-05,17:30,E0,11,17,Everton,Leicester,0,2,A,0,1,A,D Coote,12,22,2,8,9,5,8,3,0,0,0,0
1652,2022/23,2022-11-06,12:00,E0,8,1,Chelsea,Arsenal,0,1,A,0,0,D,M Oliver,5,14,1,2,20,13,4,6,5,2,0,0
1653,2022/23,2022-11-06,14:00,E0,2,21,Aston Villa,Man United,3,1,H,2,1,H,A Taylor,6,8,4,3,6,12,3,5,3,3,0,0
1654,2022/23,2022-11-06,14:00,E0,26,22,Southampton,Newcastle,1,4,A,0,1,A,S Attwell,16,7,5,4,7,10,8,2,1,0,0,0
1655,2022/23,2022-11-06,14:00,E0,31,10,West Ham,Crystal Palace,1,2,A,1,1,D,P Tierney,5,15,2,6,10,7,2,5,1,1,0,0
1656,2022/23,2022-11-06,16:30,E0,27,18,Tottenham,Liverpool,1,2,A,0,2,A,A Madley,14,13,5,6,10,8,5,3,0,0,0,0
1657,2022/23,2022-11-12,12:30,E0,20,4,Man City,Brentford,1,2,A,1,1,D,P Bankes,29,10,6,8,9,7,10,2,2,2,0,0
1658,2022/23,2022-11-12,15:00,E0,3,11,Bournemouth,Everton,3,0,H,2,0,H,C Pawson,16,15,9,3,12,8,3,5,2,0,0,0
1659,2022/23,2022-11-12,15:00,E0,18,26,Liverpool,Southampton,3,1,H,3,1,H,S Hooper,15,9,7,5,8,8,6,0,0,2,0,0
1660,2022/23,2022-11-12,15:00,E0,24,10,Nott'm Forest,Crystal Palace,1,0,H,0,0,D,J Brooks,9,8,2,0,11,13,1,5,1,4,0,0
1661,2022/23,2022-11-12,15:00,E0,27,16,Tottenham,Leeds,4,3,H,1,2,A,M Salisbury,14,12,8,5,8,7,9,2,1,1,0,1
1662,2022/23,2022-11-12,15:00,E0,31,17,West Ham,Leicester,0,2,A,0,1,A,J Gillett,18,9,6,6,9,8,7,2,3,1,0,0
1663,2022/23,2022-11-12,17:30,E0,22,8,Newcastle,Chelsea,1,0,H,0,0,D,R Jones,10,5,3,2,14,11,5,3,3,2,0,0
1664,2022/23,2022-11-12,19:45,E0,32,1,Wolves,Arsenal,0,2,A,0,0,D,S Attwell,11,14,2,4,5,6,6,4,3,2,0,0
1665,2022/23,2022-11-13,14:00,E0,5,2,Brighton,Aston Villa,1,2,A,1,1,D,C Kavanagh,7,8,2,2,14,11,11,4,2,7,0,0
1666,2022/23,2022-11-13,16:30,E0,12,21,Fulham,Man United,1,2,A,0,1,A,P Tierney,14,14,7,9,9,10,10,3,1,1,0,0
1667,2022/23,2022-12-26,12:30,E0,4,27,Brentford,Tottenham,2,2,D,1,0,H,D Coote,9,16,5,8,11,10,6,5,3,1,0,0
1668,2022/23,2022-12-26,15:00,E0,10,12,Crystal Palace,Fulham,0,3,A,0,1,A,A Madley,4,23,0,11,12,15,1,8,0,0,2,0
1669,2022/23,2022-12-26,15:00,E0,11,32,Everton,Wolves,1,2,A,1,1,D,C Pawson,12,7,6,4,9,22,2,2,1,6,0,0
1670,2022/23,2022-12-26,15:00,E0,17,22,Leicester,Newcastle,0,3,A,0,3,A,J Gillett,8,12,2,5,9,6,5,5,0,0,0,0
1671,2022/23,2022-12-26,15:00,E0,26,5,Southampton,Brighton,1,3,A,0,2,A,R Jones,14,7,4,4,9,10,4,2,1,2,0,0
1672,2022/23,2022-12-26,17:30,E0,2,18,Aston Villa,Liverpool,1,3,A,0,2,A,P Tierney,12,16,6,9,7,12,0,6,0,0,0,0
1673,2022/23,2022-12-26,20:00,E0,1,31,Arsenal,West Ham,3,1,H,0,1,A,M Oliver,16,8,5,4,13,17,7,5,0,2,0,0
1674,2022/23,2022-12-27,17:30,E0,8,3,Chelsea,Bournemouth,2,0,H,2,0,H,S Hooper,15,9,5,4,8,10,6,8,0,0,0,0
1675,2022/23,2022-12-27,20:00,E0,21,24,Man United,Nott'm Forest,3,0,H,2,0,H,A Taylor,17,8,8,3,13,4,9,9,3,1,0,0
1676,2022/23,2022-12-28,20:00,E0,16,20,Leeds,Man City,1,3,A,0,1,A,S Attwell,9,26,1,9,11,14,3,5,3,3,0,0
1677,2022/23,2022-12-30,19:45,E0,31,4,West Ham,Brentford,0,2,A,0,2,A,D England,20,9,5,6,9,5,8,1,1,0,0,0
1678,2022/23,2022-12-30,20:00,E0,18,17,Liverpool,Leicester,2,1,H,2,1,H,C Pawson,21,7,5,2,8,15,4,5,0,1,0,0
1679,2022/23,2022-12-31,12:30,E0,32,21,Wolves,Man United,0,1,A,0,0,D,R Jones,10,16,3,6,11,11,7,5,1,3,0,0
1680,2022/23,2022-12-31,15:00,E0,3,10,Bournemouth,Crystal Palace,0,2,A,0,2,A,A Marriner,6,15,2,6,17,11,2,7,4,1,0,0
1681,2022/23,2022-12-31,15:00,E0,12,26,Fulham,Southampton,2,1,H,1,0,H,G Scott,8,9,2,3,8,13,4,4,0,1,0,0
1682,2022/23,2022-12-31,15:00,E0,20,11,Man City,Everton,1,1,D,1,0,H,A Madley,16,2,3,1,13,14,7,1,3,4,0,0
1683,2022/23,2022-12-31,15:00,E0,22,16,Newcastle,Leeds,0,0,D,0,0,D,S Hooper,16,8,5,1,13,19,9,3,3,5,0,0
1684,2022/23,2022-12-31,17:30,E0,5,1,Brighton,Arsenal,2,4,A,0,2,A,A Taylor,9,14,5,7,7,11,7,4,3,3,0,0
1685,2022/23,2023-01-01,14:00,E0,27,2,Tottenham,Aston Villa,0,2,A,0,0,D,J Brooks,6,13,2,4,15,10,5,3,4,3,0,0
1686,2022/23,2023-01-01,16:30,E0,24,8,Nott'm Forest,Chelsea,1,1,D,0,1,A,P Bankes,12,7,5,2,16,14,1,2,2,2,0,0
1687,2022/23,2023-01-02,17:30,E0,4,18,Brentford,Liverpool,3,1,H,2,0,H,S Attwell,10,16,7,6,5,8,4,9,1,3,0,0
1688,2022/23,2023-01-03,19:45,E0,1,22,Arsenal,Newcastle,0,0,D,0,0,D,A Madley,17,8,4,1,10,16,5,5,4,4,0,0
1689,2022/23,2023-01-03,19:45,E0,11,5,Everton,Brighton,1,4,A,0,1,A,A Marriner,10,19,4,8,8,10,5,2,3,1,0,0
1690,2022/23,2023-01-03,19:45,E0,17,12,Leicester,Fulham,0,1,A,0,1,A,D Bond,15,11,6,2,12,11,6,3,2,6,0,0
1691,2022/23,2023-01-03,20:00,E0,21,3,Man United,Bournemouth,3,0,H,1,0,H,M Salisbury,18,7,6,4,13,7,6,5,0,3,0,0
1692,2022/23,2023-01-04,19:30,E0,26,24,Southampton,Nott'm Forest,0,1,A,0,1,A,T Bramall,8,11,0,1,14,17,6,2,2,2,0,0
1693,2022/23,2023-01-04,19:45,E0,16,31,Leeds,West Ham,2,2,D,1,1,D,D Coote,14,15,6,2,11,18,8,1,3,1,0,0
1694,2022/23,2023-01-04,20:00,E0,2,32,Aston Villa,Wolves,1,1,D,0,1,A,J Gillett,13,10,4,3,6,12,7,8,1,3,0,0
1695,2022/23,2023-01-04,20:00,E0,10,27,Crystal Palace,Tottenham,0,4,A,0,0,D,M Oliver,19,14,4,6,11,8,10,4,1,2,0,0
1696,2022/23,2023-01-05,20:00,E0,8,20,Chelsea,Man City,0,1,A,0,0,D,P Tierney,8,12,2,3,9,9,3,2,2,0,0,0
1697,2022/23,2023-01-12,20:00,E0,12,8,Fulham,Chelsea,2,1,H,1,0,H,D Coote,8,20,3,10,12,16,5,7,4,3,0,1
1698,2022/23,2023-01-13,20:00,E0,2,16,Aston Villa,Leeds,2,1,H,1,0,H,M Oliver,11,16,5,4,12,8,0,11,2,2,0,0
1699,2022/23,2023-01-14,12:30,E0,21,20,Man United,Man City,2,1,H,0,0,D,S Attwell,8,5,4,1,15,5,1,2,3,0,0,0
1700,2022/23,2023-01-14,15:00,E0,5,18,Brighton,Liverpool,3,0,H,0,0,D,D England,16,6,9,2,8,15,7,1,1,3,0,0
1701,2022/23,2023-01-14,15:00,E0,11,26,Everton,Southampton,1,2,A,1,0,H,J Brooks,12,13,4,5,7,19,6,4,0,3,0,0
1702,2022/23,2023-01-14,15:00,E0,24,17,Nott'm Forest,Leicester,2,0,H,0,0,D,P Tierney,15,6,5,1,11,12,3,5,1,2,0,0
1703,2022/23,2023-01-14,15:00,E0,32,31,Wolves,West Ham,1,0,H,0,0,D,S Hooper,17,16,4,4,10,7,4,3,0,2,0,0
1704,2022/23,2023-01-14,17:30,E0,4,3,Brentford,Bournemouth,2,0,H,1,0,H,J Gillett,12,7,4,2,5,9,5,3,1,1,0,0
1705,2022/23,2023-01-15,14:00,E0,8,10,Chelsea,Crystal Palace,1,0,H,0,0,D,P Bankes,15,10,5,5,10,17,11,7,2,5,0,0
1706,2022/23,2023-01-15,14:00,E0,22,12,Newcastle,Fulham,1,0,H,0,0,D,R Jones,20,5,5,0,6,14,10,5,1,3,0,0
1707,2022/23,2023-01-15,16:30,E0,27,1,Tottenham,Arsenal,0,2,A,0,2,A,C Pawson,17,14,7,5,16,15,4,3,4,2,0,0
1708,2022/23,2023-01-18,20:00,E0,10,21,Crystal Palace,Man United,1,1,D,0,1,A,R Jones,10,15,5,4,9,10,3,3,1,2,0,0
1709,2022/23,2023-01-19,20:00,E0,20,27,Man City,Tottenham,4,2,H,0,2,A,S Hooper,16,9,6,3,10,14,8,3,1,2,0,0
1710,2022/23,2023-01-21,12:30,E0,18,8,Liverpool,Chelsea,0,0,D,0,0,D,M Oliver,15,11,3,2,16,9,5,5,3,1,0,0
1711,2022/23,2023-01-21,15:00,E0,3,24,Bournemouth,Nott'm Forest,1,1,D,1,0,H,A Madley,16,20,4,5,10,7,4,6,1,2,0,0
1712,2022/23,2023-01-21,15:00,E0,17,5,Leicester,Brighton,2,2,D,1,1,D,T Bramall,9,13,2,4,9,9,5,6,0,1,0,0
1713,2022/23,2023-01-21,15:00,E0,26,2,Southampton,Aston Villa,0,1,A,0,0,D,M Salisbury,8,16,5,5,19,9,2,2,1,2,0,0
1714,2022/23,2023-01-21,15:00,E0,31,11,West Ham,Everton,2,0,H,2,0,H,S Attwell,11,5,4,2,9,6,4,9,1,1,0,0
1715,2022/23,2023-01-21,17:30,E0,10,22,Crystal Palace,Newcastle,0,0,D,0,0,D,C Pawson,6,16,1,7,13,7,3,15,4,2,0,0
1716,2022/23,2023-01-22,14:00,E0,16,4,Leeds,Brentford,0,0,D,0,0,D,P Bankes,9,6,5,0,10,18,2,3,2,2,0,0
1717,2022/23,2023-01-22,14:00,E0,20,32,Man City,Wolves,3,0,H,1,0,H,D Coote,13,10,7,1,10,10,5,7,1,2,0,0
1718,2022/23,2023-01-22,16:30,E0,1,21,Arsenal,Man United,3,2,H,1,1,D,A Taylor,25,6,5,4,8,9,12,4,1,2,0,0
1719,2022/23,2023-01-23,20:00,E0,12,27,Fulham,Tottenham,0,1,A,0,1,A,P Tierney,10,10,5,3,10,10,3,8,1,3,0,0
1720,2022/23,2023-02-03,20:00,E0,8,12,Chelsea,Fulham,0,0,D,0,0,D,S Attwell,12,10,3,4,16,12,6,2,1,4,0,0
1721,2022/23,2023-02-04,12:30,E0,11,1,Everton,Arsenal,1,0,H,0,0,D,D Coote,12,15,4,3,13,8,7,5,4,1,0,0
1722,2022/23,2023-02-04,15:00,E0,2,17,Aston Villa,Leicester,2,4,A,2,3,A,D England,19,9,4,5,10,10,11,3,0,2,0,0
1723,2022/23,2023-02-04,15:00,E0,4,26,Brentford,Southampton,3,0,H,2,0,H,D Bond,14,14,4,6,10,9,4,4,1,2,0,0
1724,2022/23,2023-02-04,15:00,E0,5,3,Brighton,Bournemouth,1,0,H,0,0,D,C Pawson,20,12,6,2,14,7,7,3,3,1,0,0
1725,2022/23,2023-02-04,15:00,E0,21,10,Man United,Crystal Palace,2,1,H,1,0,H,A Marriner,14,10,5,3,9,9,5,5,1,2,1,0
1726,2022/23,2023-02-04,15:00,E0,32,18,Wolves,Liverpool,3,0,H,2,0,H,P Tierney,12,22,6,4,9,7,2,7,1,1,0,0
1727,2022/23,2023-02-04,17:30,E0,22,31,Newcastle,West Ham,1,1,D,1,1,D,P Bankes,8,10,2,1,11,13,4,2,2,1,0,0
1728,2022/23,2023-02-05,14:00,E0,24,16,Nott'm Forest,Leeds,1,0,H,1,0,H,R Jones,6,10,2,4,15,14,0,2,4,2,0,0
1729,2022/23,2023-02-05,16:30,E0,27,20,Tottenham,Man City,1,0,H,1,0,H,A Madley,12,15,3,5,19,14,4,6,2,3,1,0
1730,2022/23,2023-02-08,20:00,E0,21,16,Man United,Leeds,2,2,D,0,1,A,S Hooper,24,8,7,2,7,11,6,5,1,3,0,0
1731,2022/23,2023-02-11,12:30,E0,31,8,West Ham,Chelsea,1,1,D,1,1,D,C Pawson,10,12,2,4,9,11,5,6,1,1,0,0
1732,2022/23,2023-02-11,15:00,E0,1,4,Arsenal,Brentford,1,1,D,0,0,D,P Bankes,23,9,7,2,9,9,7,4,0,2,0,0
1733,2022/23,2023-02-11,15:00,E0,10,5,Crystal Palace,Brighton,1,1,D,0,0,D,M Oliver,6,17,1,7,10,11,1,6,4,1,0,0
1734,2022/23,2023-02-11,15:00,E0,12,24,Fulham,Nott'm Forest,2,0,H,1,0,H,A Madley,16,10,3,1,9,11,5,4,0,1,0,0
1735,2022/23,2023-02-11,15:00,E0,17,27,Leicester,Tottenham,4,1,H,3,1,H,M Salisbury,15,11,7,4,14,9,1,5,5,2,0,0
1736,2022/23,2023-02-11,15:00,E0,26,32,Southampton,Wolves,1,2,A,1,0,H,J Gillett,17,11,2,2,12,14,5,2,2,2,0,1
1737,2022/23,2023-02-11,17:30,E0,3,22,Bournemouth,Newcastle,1,1,D,1,1,D,S Attwell,11,15,5,7,8,10,4,6,2,3,0,0
1738,2022/23,2023-02-12,14:00,E0,16,21,Leeds,Man United,0,2,A,0,0,D,P Tierney,16,11,6,5,10,13,7,3,2,1,0,0
1739,2022/23,2023-02-12,16:30,E0,20,2,Man City,Aston Villa,3,1,H,3,0,H,R Jones,17,6,9,2,13,14,8,4,1,2,0,0
1740,2022/23,2023-02-13,20:00,E0,18,11,Liverpool,Everton,2,0,H,1,0,H,S Hooper,15,6,6,1,8,16,3,3,1,3,0,0
1741,2022/23,2023-02-15,19:30,E0,1,20,Arsenal,Man City,1,3,A,1,1,D,A Taylor,10,9,1,6,11,15,1,3,2,3,0,0
1742,2022/23,2023-02-18,12:30,E0,2,1,Aston Villa,Arsenal,2,4,A,2,1,H,S Hooper,7,20,5,5,13,4,2,9,2,1,0,0
1743,2022/23,2023-02-18,15:00,E0,4,10,Brentford,Crystal Palace,1,1,D,0,0,D,P Tierney,12,10,5,4,10,8,2,6,2,2,0,0
1744,2022/23,2023-02-18,15:00,E0,5,12,Brighton,Fulham,0,1,A,0,0,D,D England,21,5,7,2,12,14,10,2,0,5,0,0
1745,2022/23,2023-02-18,15:00,E0,8,26,Chelsea,Southampton,0,1,A,0,1,A,D Coote,17,8,5,5,16,24,8,2,3,6,0,0
1746,2022/23,2023-02-18,15:00,E0,11,16,Everton,Leeds,1,0,H,0,0,D,A Madley,15,8,6,0,8,6,6,4,2,3,0,0
1747,2022/23,2023-02-18,15:00,E0,24,20,Nott'm Forest,Man City,1,1,D,0,1,A,G Scott,4,26,1,6,8,6,0,10,1,0,0,0
1748,2022/23,2023-02-18,15:00,E0,32,3,Wolves,Bournemouth,0,1,A,0,0,D,M Salisbury,15,5,4,1,12,10,12,2,3,3,0,0
1749,2022/23,2023-02-18,17:30,E0,22,18,Newcastle,Liverpool,0,2,A,0,2,A,A Taylor,14,13,4,7,3,8,6,7,1,1,1,0
1750,2022/23,2023-02-19,14:00,E0,21,17,Man United,Leicester,3,0,H,1,0,H,S Attwell,26,19,8,3,9,9,6,6,0,2,0,0
1751,2022/23,2023-02-19,16:30,E0,27,31,Tottenham,West Ham,2,0,H,0,0,D,M Oliver,16,6,6,1,16,10,4,7,2,1,0,0
1752,2022/23,2023-02-24,20:00,E0,12,32,Fulham,Wolves,1,1,D,0,1,A,M Oliver,10,8,5,2,12,17,4,3,2,0,0,0
1753,2022/23,2023-02-25,15:00,E0,11,2,Everton,Aston Villa,0,2,A,0,0,D,A Taylor,15,9,5,5,12,12,5,1,2,1,0,0
1754,2022/23,2023-02-25,15:00,E0,16,26,Leeds,Southampton,1,0,H,0,0,D,P Bankes,14,8,4,2,15,13,9,2,2,4,0,0
1755,2022/23,2023-02-25,15:00,E0,17,1,Leicester,Arsenal,0,1,A,0,0,D,C Pawson,1,10,0,2,14,9,0,8,0,1,0,0
1756,2022/23,2023-02-25,15:00,E0,31,24,West Ham,Nott'm Forest,4,0,H,0,0,D,J Gillett,18,8,5,3,8,5,12,3,0,0,0,0
1757,2022/23,2023-02-25,17:30,E0,3,20,Bournemouth,Man City,1,4,A,0,3,A,P Tierney,13,20,2,5,10,9,4,6,2,2,0,0
1758,2022/23,2023-02-25,19:45,E0,10,18,Crystal Palace,Liverpool,0,0,D,0,0,D,D England,6,12,0,4,11,14,5,3,2,5,0,0
1759,2022/23,2023-02-26,13:30,E0,27,8,Tottenham,Chelsea,2,0,H,0,0,D,S Attwell,8,10,3,2,10,10,4,4,2,3,0,0
1760,2022/23,2023-03-01,19:45,E0,1,11,Arsenal,Everton,4,0,H,2,0,H,M Oliver,15,8,5,5,5,12,5,1,0,2,0,0
1761,2022/23,2023-03-01,20:00,E0,18,32,Liverpool,Wolves,2,0,H,0,0,D,P Tierney,15,4,6,1,13,14,5,2,2,3,0,0
1762,2022/23,2023-03-04,12:30,E0,20,22,Man City,Newcastle,2,0,H,1,0,H,S Hooper,11,5,3,2,8,13,8,4,2,4,0,0
1763,2022/23,2023-03-04,15:00,E0,1,3,Arsenal,Bournemouth,3,2,H,0,1,A,C Kavanagh,31,4,9,4,6,8,17,1,0,2,0,0
1764,2022/23,2023-03-04,15:00,E0,2,10,Aston Villa,Crystal Palace,1,0,H,1,0,H,C Pawson,8,3,1,0,14,17,2,4,2,3,0,1
1765,2022/23,2023-03-04,15:00,E0,5,31,Brighton,West Ham,4,0,H,1,0,H,S Attwell,20,3,9,2,6,8,7,3,0,3,0,0
1766,2022/23,2023-03-04,15:00,E0,8,16,Chelsea,Leeds,1,0,H,0,0,D,M Oliver,13,11,3,2,10,7,5,7,2,0,0,0
1767,2022/23,2023-03-04,15:00,E0,32,27,Wolves,Tottenham,1,0,H,0,0,D,T Robinson,8,21,5,6,11,18,4,8,1,1,0,0
1768,2022/23,2023-03-04,17:30,E0,26,17,Southampton,Leicester,1,0,H,1,0,H,R Jones,11,11,5,0,12,11,3,4,4,2,0,0
1769,2022/23,2023-03-05,14:00,E0,24,11,Nott'm Forest,Everton,2,2,D,1,2,A,J Brooks,10,10,4,3,11,17,3,3,3,5,0,0
1770,2022/23,2023-03-05,16:30,E0,18,21,Liverpool,Man United,7,0,H,1,0,H,A Madley,18,8,8,4,13,14,4,3,2,3,0,0
1771,2022/23,2023-03-06,20:00,E0,4,12,Brentford,Fulham,3,2,H,1,1,D,A Taylor,14,9,6,5,12,17,2,3,0,3,0,0
1772,2022/23,2023-03-11,12:30,E0,3,18,Bournemouth,Liverpool,1,0,H,1,0,H,J Brooks,5,15,2,6,7,9,3,8,2,1,0,0
1773,2022/23,2023-03-11,15:00,E0,11,4,Everton,Brentford,1,0,H,1,0,H,S Hooper,13,12,6,4,11,12,5,8,2,1,0,0
1774,2022/23,2023-03-11,15:00,E0,16,5,Leeds,Brighton,2,2,D,1,1,D,P Tierney,12,14,4,2,12,9,4,7,1,1,0,0
1775,2022/23,2023-03-11,15:00,E0,17,8,Leicester,Chelsea,1,3,A,1,2,A,A Marriner,17,12,7,6,10,11,2,5,1,2,1,0
1776,2022/23,2023-03-11,15:00,E0,27,24,Tottenham,Nott'm Forest,3,1,H,2,0,H,C Pawson,15,9,7,5,13,13,2,10,3,1,0,0
1777,2022/23,2023-03-11,17:30,E0,10,20,Crystal Palace,Man City,0,1,A,0,0,D,R Jones,4,14,0,4,11,17,2,6,2,2,0,0
1778,2022/23,2023-03-12,14:00,E0,12,1,Fulham,Arsenal,0,3,A,0,3,A,D Coote,12,15,2,7,10,9,4,8,0,1,0,0
1779,2022/23,2023-03-12,14:00,E0,21,26,Man United,Southampton,0,0,D,0,0,D,A Taylor,10,17,4,4,12,9,7,8,2,0,0,0
1780,2022/23,2023-03-12,14:00,E0,31,2,West Ham,Aston Villa,1,1,D,1,1,D,C Kavanagh,17,12,6,4,8,6,13,2,1,0,0,0
1781,2022/23,2023-03-12,16:30,E0,22,32,Newcastle,Wolves,2,1,H,1,0,H,A Madley,19,7,8,4,11,10,10,3,1,2,0,0
1782,2022/23,2023-03-15,19:30,E0,5,10,Brighton,Crystal Palace,1,0,H,1,0,H,P Bankes,11,11,5,3,13,20,1,4,1,2,0,0
1783,2022/23,2023-03-15,19:30,E0,26,4,Southampton,Brentford,0,2,A,0,1,A,M Salisbury,7,11,1,5,14,10,3,3,1,2,0,0
1784,2022/23,2023-03-17,20:00,E0,24,22,Nott'm Forest,Newcastle,1,2,A,1,1,D,P Tierney,5,15,3,4,17,9,3,7,5,1,0,0
1785,2022/23,2023-03-18,15:00,E0,2,3,Aston Villa,Bournemouth,3,0,H,1,0,H,R Jones,20,10,9,3,8,13,9,6,1,4,0,0
1786,2022/23,2023-03-18,15:00,E0,4,17,Brentford,Leicester,1,1,D,1,0,H,D Bond,11,14,2,1,10,11,8,4,1,2,1,0
1787,2022/23,2023-03-18,15:00,E0,26,27,Southampton,Tottenham,3,3,D,0,1,A,S Hooper,19,17,7,3,13,8,10,3,1,1,0,0
1788,2022/23,2023-03-18,15:00,E0,32,16,Wolves,Leeds,2,4,A,0,1,A,M Salisbury,23,11,8,4,15,9,5,4,3,5,1,0
1789,2022/23,2023-03-18,17:30,E0,8,11,Chelsea,Everton,2,2,D,0,0,D,D England,20,12,7,3,8,12,8,2,2,2,0,0
1790,2022/23,2023-03-19,14:00,E0,1,10,Arsenal,Crystal Palace,4,1,H,2,0,H,S Attwell,15,8,5,4,8,10,5,4,0,1,0,0
1791,2022/23,2023-04-01,12:30,E0,20,18,Man City,Liverpool,4,1,H,1,1,D,S Hooper,17,4,8,1,9,12,7,1,1,1,0,0
1792,2022/23,2023-04-01,15:00,E0,1,16,Arsenal,Leeds,4,1,H,1,0,H,D England,13,7,6,5,11,13,4,3,0,2,0,0
1793,2022/23,2023-04-01,15:00,E0,3,12,Bournemouth,Fulham,2,1,H,0,1,A,P Bankes,12,10,7,2,15,13,4,3,1,4,0,0
1794,2022/23,2023-04-01,15:00,E0,5,4,Brighton,Brentford,3,3,D,2,2,D,M Oliver,33,7,15,5,16,10,14,0,2,1,0,0
1795,2022/23,2023-04-01,15:00,E0,10,17,Crystal Palace,Leicester,2,1,H,0,0,D,T Robinson,31,3,9,2,12,16,10,1,3,4,0,0
1796,2022/23,2023-04-01,15:00,E0,24,32,Nott'm Forest,Wolves,1,1,D,1,0,H,C Kavanagh,17,8,7,1,14,13,4,3,3,5,0,0
1797,2022/23,2023-04-01,17:30,E0,8,2,Chelsea,Aston Villa,0,2,A,0,1,A,A Madley,27,5,8,2,14,16,13,2,3,3,0,0
1798,2022/23,2023-04-02,14:00,E0,31,26,West Ham,Southampton,1,0,H,1,0,H,P Tierney,12,9,2,3,10,11,5,3,0,2,0,0
1799,2022/23,2023-04-02,16:30,E0,22,21,Newcastle,Man United,2,0,H,0,0,D,S Attwell,22,6,6,1,8,12,7,4,0,0,0,0
1800,2022/23,2023-04-03,20:00,E0,11,27,Everton,Tottenham,1,1,D,0,0,D,D Coote,15,8,6,2,10,14,3,3,0,3,1,1
1801,2022/23,2023-04-04,19:45,E0,3,5,Bournemouth,Brighton,0,2,A,0,1,A,D Bond,14,16,3,6,11,5,5,5,1,1,0,0
1802,2022/23,2023-04-04,19:45,E0,16,24,Leeds,Nott'm Forest,2,1,H,2,1,H,R Jones,21,13,6,1,11,13,11,4,1,4,0,0
1803,2022/23,2023-04-04,19:45,E0,17,2,Leicester,Aston Villa,1,2,A,1,1,D,G Scott,9,15,4,5,10,14,4,8,2,0,1,0
1804,2022/23,2023-04-04,20:00,E0,8,18,Chelsea,Liverpool,0,0,D,0,0,D,A Taylor,12,7,3,4,6,17,3,5,1,4,0,0
1805,2022/23,2023-04-05,20:00,E0,21,4,Man United,Brentford,1,0,H,1,0,H,J Brooks,18,6,3,1,8,13,12,3,3,2,0,0
1806,2022/23,2023-04-05,20:00,E0,31,22,West Ham,Newcastle,1,5,A,1,2,A,C Pawson,7,15,2,8,11,12,7,6,2,1,0,0
1807,2022/23,2023-04-08,12:30,E0,21,11,Man United,Everton,2,0,H,1,0,H,M Oliver,29,15,11,1,10,9,10,4,0,0,0,0
1808,2022/23,2023-04-08,15:00,E0,2,24,Aston Villa,Nott'm Forest,2,0,H,0,0,D,A Taylor,8,6,3,2,7,17,1,8,3,4,0,0
1809,2022/23,2023-04-08,15:00,E0,4,22,Brentford,Newcastle,1,2,A,1,0,H,C Kavanagh,12,10,6,4,10,15,6,5,0,0,0,0
1810,2022/23,2023-04-08,15:00,E0,12,31,Fulham,West Ham,0,1,A,0,1,A,J Gillett,16,9,3,5,10,12,11,4,1,1,0,0
1811,2022/23,2023-04-08,15:00,E0,17,3,Leicester,Bournemouth,0,1,A,0,1,A,D Coote,14,19,4,7,10,13,6,6,0,3,0,0
1812,2022/23,2023-04-08,15:00,E0,27,5,Tottenham,Brighton,2,1,H,1,1,D,S Attwell,9,17,3,4,15,15,3,7,3,1,0,0
1813,2022/23,2023-04-08,15:00,E0,32,8,Wolves,Chelsea,1,0,H,1,0,H,P Bankes,9,13,4,1,14,10,8,8,2,5,0,0
1814,2022/23,2023-04-08,17:30,E0,26,20,Southampton,Man City,1,4,A,0,1,A,R Jones,4,13,1,8,6,10,0,10,0,2,0,0
1815,2022/23,2023-04-09,14:00,E0,16,10,Leeds,Crystal Palace,1,5,A,1,1,D,S Hooper,11,16,7,8,11,8,2,4,3,1,0,0
1816,2022/23,2023-04-09,16:30,E0,18,1,Liverpool,Arsenal,2,2,D,1,2,A,P Tierney,21,9,6,5,11,11,5,4,4,4,0,0
1817,2022/23,2023-04-15,12:30,E0,2,22,Aston Villa,Newcastle,3,0,H,1,0,H,J Brooks,16,8,6,2,13,15,7,2,1,1,0,0
1818,2022/23,2023-04-15,15:00,E0,8,5,Chelsea,Brighton,1,2,A,1,1,D,R Jones,8,26,2,10,11,11,2,8,2,2,0,0
1819,2022/23,2023-04-15,15:00,E0,11,12,Everton,Fulham,1,3,A,1,1,D,A Taylor,15,21,7,7,10,6,4,8,3,2,0,0
1820,2022/23,2023-04-15,15:00,E0,26,10,Southampton,Crystal Palace,0,2,A,0,0,D,M Oliver,11,9,4,2,6,13,6,2,3,1,0,0
1821,2022/23,2023-04-15,15:00,E0,27,3,Tottenham,Bournemouth,2,3,A,1,1,D,A Madley,24,6,8,6,8,9,8,1,1,2,0,0
1822,2022/23,2023-04-15,15:00,E0,32,4,Wolves,Brentford,2,0,H,1,0,H,P Tierney,11,10,9,3,12,8,5,2,1,1,0,0
1823,2022/23,2023-04-15,17:30,E0,20,17,Man City,Leicester,3,1,H,3,0,H,D England,12,10,4,4,8,8,6,2,1,1,0,0
1824,2022/23,2023-04-16,14:00,E0,31,1,West Ham,Arsenal,2,2,D,1,2,A,D Coote,16,11,3,5,11,8,7,2,1,2,0,0
1825,2022/23,2023-04-16,16:30,E0,24,21,Nott'm Forest,Man United,0,2,A,0,1,A,S Hooper,6,22,0,8,9,9,4,9,2,2,0,0
1826,2022/23,2023-04-17,20:00,E0,16,18,Leeds,Liverpool,1,6,A,0,2,A,C Pawson,13,13,3,7,6,12,4,2,0,1,0,0
1827,2022/23,2023-04-21,20:00,E0,1,26,Arsenal,Southampton,3,3,D,1,2,A,S Hooper,25,8,6,6,10,14,7,2,1,5,0,0
1828,2022/23,2023-04-22,12:30,E0,12,16,Fulham,Leeds,2,1,H,0,0,D,P Bankes,12,10,5,2,10,15,8,6,1,4,0,0
1829,2022/23,2023-04-22,15:00,E0,4,2,Brentford,Aston Villa,1,1,D,0,0,D,M Salisbury,6,14,5,2,12,8,8,4,3,2,0,0
1830,2022/23,2023-04-22,15:00,E0,10,11,Crystal Palace,Everton,0,0,D,0,0,D,J Brooks,12,10,2,5,12,14,8,1,1,1,0,1
1831,2022/23,2023-04-22,15:00,E0,17,32,Leicester,Wolves,2,1,H,1,1,D,A Madley,15,16,8,3,17,16,1,7,1,3,0,0
1832,2022/23,2023-04-22,15:00,E0,18,24,Liverpool,Nott'm Forest,3,2,H,0,0,D,M Oliver,18,11,6,5,9,12,9,3,0,1,0,0
1833,2022/23,2023-04-23,14:00,E0,3,31,Bournemouth,West Ham,0,4,A,0,3,A,A Taylor,17,18,5,10,7,8,8,5,1,2,0,0
1834,2022/23,2023-04-23,14:00,E0,22,27,Newcastle,Tottenham,6,1,H,5,0,H,D Coote,25,11,8,3,7,13,9,3,0,3,0,0
1835,2022/23,2023-04-25,19:30,E0,32,10,Wolves,Crystal Palace,2,0,H,1,0,H,R Jones,9,14,3,4,13,14,6,11,5,4,0,0
1836,2022/23,2023-04-25,19:45,E0,2,12,Aston Villa,Fulham,1,0,H,1,0,H,T Bramall,14,1,3,0,6,18,8,2,3,2,0,0
1837,2022/23,2023-04-25,20:00,E0,16,17,Leeds,Leicester,1,1,D,1,0,H,P Tierney,13,15,3,3,14,15,3,6,4,2,0,0
1838,2022/23,2023-04-26,19:30,E0,24,5,Nott'm Forest,Brighton,3,1,H,1,1,D,J Gillett,12,17,5,7,7,8,2,7,2,0,0,0
1839,2022/23,2023-04-26,19:45,E0,8,4,Chelsea,Brentford,0,2,A,0,1,A,A Madley,15,7,4,1,5,13,5,2,1,2,0,0
1840,2022/23,2023-04-26,19:45,E0,31,18,West Ham,Liverpool,1,2,A,1,1,D,C Kavanagh,7,20,2,4,6,8,3,6,0,0,0,0
1841,2022/23,2023-04-26,20:00,E0,20,1,Man City,Arsenal,4,1,H,2,0,H,M Oliver,14,8,9,2,13,13,1,3,3,1,0,0
1842,2022/23,2023-04-27,19:45,E0,11,22,Everton,Newcastle,1,4,A,0,1,A,A Marriner,13,15,5,8,8,6,3,14,2,1,0,0
1843,2022/23,2023-04-27,19:45,E0,26,3,Southampton,Bournemouth,0,1,A,0,0,D,D England,11,16,2,2,9,11,6,4,0,3,0,0
1844,2022/23,2023-04-27,20:15,E0,27,21,Tottenham,Man United,2,2,D,0,2,A,A Taylor,18,17,7,8,8,7,6,8,1,2,0,0
1845,2022/23,2023-04-29,12:30,E0,10,31,Crystal Palace,West Ham,4,3,H,3,2,H,C Pawson,16,8,6,4,9,17,8,5,1,2,0,0
1846,2022/23,2023-04-29,15:00,E0,4,24,Brentford,Nott'm Forest,2,1,H,0,1,A,P Bankes,14,5,8,3,6,13,6,0,1,2,0,0
1847,2022/23,2023-04-29,15:00,E0,5,32,Brighton,Wolves,6,0,H,4,0,H,D Coote,22,10,8,2,14,11,2,5,1,1,0,0
1848,2022/23,2023-04-30,14:00,E0,3,16,Bournemouth,Leeds,4,1,H,2,1,H,C Kavanagh,12,15,7,6,12,14,2,6,1,0,0,0
1849,2022/23,2023-04-30,14:00,E0,12,20,Fulham,Man City,1,2,A,1,2,A,S Hooper,4,12,1,9,9,10,2,5,1,3,0,0
1850,2022/23,2023-04-30,14:00,E0,21,2,Man United,Aston Villa,1,0,H,1,0,H,J Gillett,14,7,6,1,16,7,1,4,2,0,0,0
1851,2022/23,2023-04-30,14:00,E0,22,26,Newcastle,Southampton,3,1,H,0,1,A,A Taylor,22,4,5,3,7,10,11,2,1,4,0,0
1852,2022/23,2023-04-30,16:30,E0,18,27,Liverpool,Tottenham,4,3,H,3,1,H,P Tierney,12,10,4,7,12,6,5,2,3,2,0,0
1853,2022/23,2023-05-01,20:00,E0,17,11,Leicester,Everton,2,2,D,2,1,H,M Oliver,15,23,6,8,10,12,2,9,4,1,0,0
1854,2022/23,2023-05-02,20:00,E0,1,8,Arsenal,Chelsea,3,1,H,3,0,H,R Jones,16,7,10,4,10,10,7,2,0,2,0,0
1855,2022/23,2023-05-03,20:00,E0,18,12,Liverpool,Fulham,1,0,H,1,0,H,S Attwell,15,9,3,3,10,8,7,5,0,0,0,0
1856,2022/23,2023-05-03,20:00,E0,20,31,Man City,West Ham,3,0,H,0,0,D,J Brooks,16,6,7,2,8,8,6,3,0,1,0,0
1857,2022/23,2023-05-04,20:00,E0,5,21,Brighton,Man United,1,0,H,0,0,D,A Marriner,22,16,6,5,10,14,8,6,4,4,0,0
1858,2022/23,2023-05-06,15:00,E0,3,8,Bournemouth,Chelsea,1,3,A,1,1,D,J Brooks,10,11,4,5,9,11,7,7,1,3,0,0
1859,2022/23,2023-05-06,15:00,E0,20,16,Man City,Leeds,2,1,H,2,0,H,A Madley,18,4,6,2,3,16,10,1,0,3,0,0
1860,2022/23,2023-05-06,15:00,E0,27,10,Tottenham,Crystal Palace,1,0,H,1,0,H,D England,8,7,3,2,15,14,8,4,3,5,0,0
1861,2022/23,2023-05-06,15:00,E0,32,2,Wolves,Aston Villa,1,0,H,1,0,H,S Attwell,6,16,2,3,20,9,5,6,3,3,0,0
1862,2022/23,2023-05-06,17:30,E0,18,4,Liverpool,Brentford,1,0,H,1,0,H,A Taylor,15,5,5,1,19,10,7,3,4,2,0,0
1863,2022/23,2023-05-07,16:30,E0,22,1,Newcastle,Arsenal,0,2,A,0,1,A,C Kavanagh,12,10,5,6,16,12,9,4,2,1,0,0
1864,2022/23,2023-05-07,19:00,E0,31,21,West Ham,Man United,1,0,H,1,0,H,P Bankes,15,19,4,4,4,9,5,6,0,2,0,0
1865,2022/23,2023-05-08,15:00,E0,12,17,Fulham,Leicester,5,3,H,3,0,H,R Jones,17,18,7,9,13,15,2,7,0,3,0,0
1866,2022/23,2023-05-08,17:30,E0,5,11,Brighton,Everton,1,5,A,0,3,A,S Hooper,23,10,5,5,11,13,15,1,1,5,0,0
1867,2022/23,2023-05-08,20:00,E0,24,26,Nott'm Forest,Southampton,4,3,H,3,1,H,M Oliver,9,19,4,5,16,10,2,11,1,0,0,0
1868,2022/23,2023-05-13,12:30,E0,16,22,Leeds,Newcastle,2,2,D,1,1,D,S Hooper,9,18,4,5,16,14,2,6,3,2,1,0
1869,2022/23,2023-05-13,15:00,E0,2,27,Aston Villa,Tottenham,2,1,H,1,0,H,P Bankes,8,5,4,2,9,14,8,3,3,3,0,0
1870,2022/23,2023-05-13,15:00,E0,8,24,Chelsea,Nott'm Forest,2,2,D,0,1,A,P Tierney,14,11,6,2,13,15,2,5,3,1,0,0
1871,2022/23,2023-05-13,15:00,E0,10,3,Crystal Palace,Bournemouth,2,0,H,1,0,H,M Salisbury,17,5,5,0,5,12,11,2,0,2,0,0
1872,2022/23,2023-05-13,15:00,E0,21,32,Man United,Wolves,2,0,H,1,0,H,J Brooks,27,5,9,0,9,9,11,7,3,2,0,0
1873,2022/23,2023-05-13,15:00,E0,26,12,Southampton,Fulham,0,2,A,0,0,D,T Bramall,5,9,1,4,17,12,1,8,2,0,0,0
1874,2022/23,2023-05-14,14:00,E0,4,31,Brentford,West Ham,2,0,H,2,0,H,M Oliver,24,4,10,4,5,5,7,5,1,0,0,0
1875,2022/23,2023-05-14,14:00,E0,11,20,Everton,Man City,0,3,A,0,2,A,A Taylor,7,9,3,4,12,4,8,6,1,0,0,0
1876,2022/23,2023-05-14,16:30,E0,1,5,Arsenal,Brighton,0,3,A,0,0,D,A Madley,14,12,2,6,13,17,5,2,1,2,0,0
1877,2022/23,2023-05-15,20:00,E0,17,18,Leicester,Liverpool,0,3,A,0,2,A,C Pawson,4,16,4,5,11,17,4,4,2,1,0,0
1878,2022/23,2023-05-18,19:30,E0,22,5,Newcastle,Brighton,4,1,H,2,0,H,R Jones,22,8,9,2,17,16,6,1,2,4,0,0
1879,2022/23,2023-05-20,12:30,E0,27,4,Tottenham,Brentford,1,3,A,1,0,H,J Gillett,22,11,8,4,11,9,8,2,1,1,0,0
1880,2022/23,2023-05-20,15:00,E0,3,21,Bournemouth,Man United,0,1,A,0,1,A,C Kavanagh,10,20,4,5,6,7,3,6,1,0,0,0
1881,2022/23,2023-05-20,15:00,E0,12,10,Fulham,Crystal Palace,2,2,D,1,1,D,J Smith,11,11,4,5,13,12,7,4,3,0,0,0
1882,2022/23,2023-05-20,15:00,E0,18,2,Liverpool,Aston Villa,1,1,D,0,1,A,J Brooks,10,6,5,3,16,13,9,4,3,5,0,0
1883,2022/23,2023-05-20,15:00,E0,32,11,Wolves,Everton,1,1,D,1,0,H,D Coote,13,19,5,4,18,10,1,7,5,1,0,0
1884,2022/23,2023-05-20,17:30,E0,24,1,Nott'm Forest,Arsenal,1,0,H,1,0,H,A Taylor,6,11,2,3,11,12,3,6,3,2,0,0
1885,2022/23,2023-05-21,13:30,E0,31,16,West Ham,Leeds,3,1,H,1,1,D,P Bankes,19,12,9,3,6,11,9,5,1,3,0,0
1886,2022/23,2023-05-21,14:00,E0,5,26,Brighton,Southampton,3,1,H,2,0,H,P Tierney,26,5,8,1,8,9,4,3,2,5,0,0
1887,2022/23,2023-05-21,16:00,E0,20,8,Man City,Chelsea,1,0,H,1,0,H,M Oliver,15,13,2,6,12,9,5,2,0,2,0,0
1888,2022/23,2023-05-22,20:00,E0,22,17,Newcastle,Leicester,0,0,D,0,0,D,A Marriner,23,1,4,1,9,5,12,1,2,0,0,0
1889,2022/23,2023-05-24,20:00,E0,5,20,Brighton,Man City,1,1,D,1,1,D,S Hooper,20,13,7,4,16,11,5,1,2,1,0,0
1890,2022/23,2023-05-25,20:00,E0,21,8,Man United,Chelsea,4,1,H,2,0,H,S Attwell,18,14,9,5,12,6,3,4,1,1,0,0
1891,2022/23,2023-05-28,16:30,E0,1,32,Arsenal,Wolves,5,0,H,3,0,H,A Marriner,14,6,8,0,8,11,8,4,0,0,0,0
1892,2022/23,2023-05-28,16:30,E0,2,5,Aston Villa,Brighton,2,1,H,2,1,H,D Coote,12,8,5,4,15,16,4,3,4,4,0,0
1893,2022/23,2023-05-28,16:30,E0,4,20,Brentford,Man City,1,0,H,0,0,D,J Brooks,11,17,4,3,12,8,3,4,4,0,0,0
1894,2022/23,2023-05-28,16:30,E0,8,22,Chelsea,Newcastle,1,1,D,1,1,D,J Gillett,22,13,5,4,9,11,10,3,0,0,0,0
1895,2022/23,2023-05-28,16:30,E0,10,24,Crystal Palace,Nott'm Forest,1,1,D,0,1,A,T Bramall,16,7,4,4,9,13,5,4,0,2,0,0
1896,2022/23,2023-05-28,16:30,E0,11,3,Everton,Bournemouth,1,0,H,0,0,D,S Attwell,13,7,6,2,11,12,9,3,1,3,0,0
1897,2022/23,2023-05-28,16:30,E0,16,27,Leeds,Tottenham,1,4,A,0,1,A,A Taylor,19,11,2,7,7,5,12,3,3,0,0,0
1898,2022/23,2023-05-28,16:30,E0,17,31,Leicester,West Ham,2,1,H,1,0,H,S Hooper,13,16,4,3,8,10,3,5,1,1,0,0
1899,2022/23,2023-05-28,16:30,E0,21,12,Man United,Fulham,2,1,H,1,1,D,R Jones,21,10,8,3,14,10,5,4,1,2,0,0
1900,2022/23,2023-05-28,16:30,E0,26,18,Southampton,Liverpool,4,4,D,2,2,D,D England,15,30,10,8,4,10,2,9,0,2,0,0
1901,2023/24,2023-08-11,20:00,E0,6,20,Burnley,Man City,0,3,A,0,2,A,C Pawson,6,17,1,8,11,8,6,5,0,0,1,0
1902,2023/24,2023-08-12,12:30,E0,1,24,Arsenal,Nott'm Forest,2,1,H,2,0,H,M Oliver,15,6,7,2,12,12,8,3,2,2,0,0
1903,2023/24,2023-08-12,15:00,E0,3,31,Bournemouth,West Ham,1,1,D,0,0,D,P Bankes,14,16,5,3,9,14,10,4,1,4,0,0
1904,2023/24,2023-08-12,15:00,E0,5,19,Brighton,Luton,4,1,H,1,0,H,D Coote,27,9,12,3,11,12,6,7,2,2,0,0
1905,2023/24,2023-08-12,15:00,E0,11,12,Everton,Fulham,0,1,A,0,0,D,S Attwell,19,9,9,2,12,6,10,4,0,2,0,0
1906,2023/24,2023-08-12,15:00,E0,25,10,Sheffield United,Crystal Palace,0,1,A,0,0,D,J Brooks,8,24,1,8,18,11,5,5,3,0,0,0
1907,2023/24,2023-08-12,17:30,E0,22,2,Newcastle,Aston Villa,5,1,H,2,1,H,A Madley,17,16,13,6,12,17,6,5,4,4,0,0
1908,2023/24,2023-08-13,14:00,E0,4,27,Brentford,Tottenham,2,2,D,2,2,D,R Jones,11,18,6,6,12,13,3,6,1,4,0,0
1909,2023/24,2023-08-13,16:30,E0,8,18,Chelsea,Liverpool,1,1,D,1,1,D,A Taylor,10,13,4,1,5,12,4,4,3,3,0,0
1910,2023/24,2023-08-14,20:00,E0,21,32,Man United,Wolves,1,0,H,0,0,D,S Hooper,15,23,3,6,14,10,8,7,2,3,0,0
1911,2023/24,2023-08-18,19:45,E0,24,25,Nott'm Forest,Sheffield United,2,1,H,1,0,H,P Bankes,16,7,4,3,5,9,6,7,2,3,0,0
1912,2023/24,2023-08-19,15:00,E0,12,4,Fulham,Brentford,0,3,A,0,1,A,D Bond,10,17,2,8,13,12,5,5,2,2,1,0
1913,2023/24,2023-08-19,15:00,E0,18,3,Liverpool,Bournemouth,3,1,H,2,1,H,T Bramall,26,13,10,5,11,13,10,2,1,3,1,0
1914,2023/24,2023-08-19,15:00,E0,32,5,Wolves,Brighton,1,4,A,0,1,A,A Madley,16,16,5,8,14,11,5,3,3,6,1,0
1915,2023/24,2023-08-19,17:30,E0,27,21,Tottenham,Man United,2,0,H,0,0,D,M Oliver,17,22,6,6,9,8,5,6,1,3,0,0
1916,2023/24,2023-08-19,20:00,E0,20,22,Man City,Newcastle,1,0,H,1,0,H,R Jones,14,7,4,1,12,11,3,0,1,5,0,0
1917,2023/24,2023-08-20,14:00,E0,2,11,Aston Villa,Everton,4,0,H,2,0,H,A Taylor,13,9,7,2,8,12,7,6,3,4,0,0
1918,2023/24,2023-08-20,16:30,E0,31,8,West Ham,Chelsea,3,1,H,1,1,D,J Brooks,12,17,6,4,12,9,3,9,2,3,1,0
1919,2023/24,2023-08-21,20:00,E0,10,1,Crystal Palace,Arsenal,0,1,A,0,0,D,D Coote,14,14,2,3,14,10,1,8,2,1,0,1
1920,2023/24,2023-08-25,20:00,E0,8,19,Chelsea,Luton,3,0,H,1,0,H,R Jones,19,11,8,1,15,12,6,4,2,3,0,0
1921,2023/24,2023-08-26,12:30,E0,3,27,Bournemouth,Tottenham,0,2,A,0,1,A,T Robinson,11,17,3,6,18,11,6,2,1,3,0,0
1922,2023/24,2023-08-26,15:00,E0,1,12,Arsenal,Fulham,2,2,D,0,1,A,P Tierney,19,8,11,3,6,5,8,3,0,3,0,1
1923,2023/24,2023-08-26,15:00,E0,4,10,Brentford,Crystal Palace,1,1,D,1,0,H,P Bankes,12,15,1,5,9,15,8,6,0,0,0,0
1924,2023/24,2023-08-26,15:00,E0,11,32,Everton,Wolves,0,1,A,0,0,D,C Pawson,15,11,7,2,10,14,7,0,3,4,0,0
1925,2023/24,2023-08-26,15:00,E0,21,24,Man United,Nott'm Forest,3,2,H,1,2,A,S Attwell,18,9,9,4,13,11,11,3,4,4,0,1
1926,2023/24,2023-08-26,17:30,E0,5,31,Brighton,West Ham,1,3,A,0,1,A,A Taylor,25,12,10,3,10,9,17,4,1,3,0,0
1927,2023/24,2023-08-27,14:00,E0,6,2,Burnley,Aston Villa,1,3,A,0,2,A,M Salisbury,9,16,2,6,12,11,4,6,2,0,0,0
1928,2023/24,2023-08-27,14:00,E0,25,20,Sheffield United,Man City,1,2,A,0,0,D,J Gillett,6,30,2,9,11,2,1,12,3,0,0,0
1929,2023/24,2023-08-27,16:30,E0,22,18,Newcastle,Liverpool,1,2,A,1,0,H,J Brooks,23,9,8,4,16,10,5,9,1,2,0,1
1930,2023/24,2023-09-01,20:00,E0,19,31,Luton,West Ham,1,2,A,0,1,A,P Tierney,16,9,1,3,8,13,9,6,1,1,0,0
1931,2023/24,2023-09-02,12:30,E0,25,11,Sheffield United,Everton,2,2,D,2,1,H,A Madley,13,16,8,6,11,13,4,6,1,2,0,0
1932,2023/24,2023-09-02,15:00,E0,4,3,Brentford,Bournemouth,2,2,D,1,1,D,R Madley,21,12,7,5,6,13,5,2,1,2,0,0
1933,2023/24,2023-09-02,15:00,E0,6,27,Burnley,Tottenham,2,5,A,1,2,A,D England,16,20,4,10,15,9,7,4,4,3,0,0
1934,2023/24,2023-09-02,15:00,E0,8,24,Chelsea,Nott'm Forest,0,1,A,0,0,D,T Robinson,21,7,2,3,10,9,8,0,3,4,0,0
1935,2023/24,2023-09-02,15:00,E0,20,12,Man City,Fulham,5,1,H,2,1,H,M Oliver,7,6,5,4,12,12,4,5,2,4,0,0
1936,2023/24,2023-09-02,17:30,E0,5,22,Brighton,Newcastle,3,1,H,1,0,H,S Attwell,15,9,6,2,14,17,5,3,4,4,0,0
1937,2023/24,2023-09-03,14:00,E0,10,32,Crystal Palace,Wolves,3,2,H,0,0,D,R Jones,16,12,11,4,12,12,4,2,1,3,0,0
1938,2023/24,2023-09-03,14:00,E0,18,2,Liverpool,Aston Villa,3,0,H,2,0,H,S Hooper,17,9,4,3,12,7,7,3,0,1,0,0
1939,2023/24,2023-09-03,16:30,E0,1,21,Arsenal,Man United,3,1,H,1,1,D,A Taylor,17,10,5,2,8,7,12,3,2,3,0,0
1940,2023/24,2023-09-16,12:30,E0,32,18,Wolves,Liverpool,1,3,A,1,0,H,M Oliver,11,16,2,6,10,4,4,4,1,3,0,0
1941,2023/24,2023-09-16,15:00,E0,2,10,Aston Villa,Crystal Palace,3,1,H,0,0,D,D England,16,6,5,3,13,9,4,2,5,3,0,0
1942,2023/24,2023-09-16,15:00,E0,12,19,Fulham,Luton,1,0,H,0,0,D,M Salisbury,13,7,2,2,6,14,6,2,2,2,0,0
1943,2023/24,2023-09-16,15:00,E0,21,5,Man United,Brighton,1,3,A,0,1,A,J Gillett,14,10,4,8,8,9,8,1,2,2,0,0
1944,2023/24,2023-09-16,15:00,E0,27,25,Tottenham,Sheffield United,2,1,H,0,0,D,P Bankes,28,7,10,5,13,14,15,2,6,5,0,1
1945,2023/24,2023-09-16,15:00,E0,31,20,West Ham,Man City,1,3,A,1,0,H,A Madley,6,29,3,15,7,11,4,11,3,2,0,0
1946,2023/24,2023-09-16,17:30,E0,22,4,Newcastle,Brentford,1,0,H,0,0,D,C Pawson,9,11,2,2,8,12,8,3,3,5,0,0
1947,2023/24,2023-09-17,14:00,E0,3,8,Bournemouth,Chelsea,0,0,D,0,0,D,D Coote,13,14,4,6,15,20,1,7,1,5,0,0
1948,2023/24,2023-09-17,16:30,E0,11,1,Everton,Arsenal,0,1,A,0,0,D,S Hooper,8,13,1,4,12,10,1,11,1,1,0,0
1949,2023/24,2023-09-18,19:45,E0,24,6,Nott'm Forest,Burnley,1,1,D,0,1,A,R Jones,14,10,4,3,16,10,5,4,2,3,0,1
1950,2023/24,2023-09-23,15:00,E0,10,12,Crystal Palace,Fulham,0,0,D,0,0,D,P Tierney,7,10,3,5,10,15,3,2,3,2,0,0
1951,2023/24,2023-09-23,15:00,E0,19,32,Luton,Wolves,1,1,D,0,0,D,J Smith,20,3,4,3,12,17,10,1,0,2,0,1
1952,2023/24,2023-09-23,15:00,E0,20,24,Man City,Nott'm Forest,2,0,H,2,0,H,A Taylor,7,10,4,3,5,17,6,6,3,7,1,0
1953,2023/24,2023-09-23,17:30,E0,4,11,Brentford,Everton,1,3,A,1,1,D,M Oliver,12,18,2,6,9,12,1,4,2,2,0,0
1954,2023/24,2023-09-23,20:00,E0,6,21,Burnley,Man United,0,1,A,0,1,A,T Harrington,12,11,4,4,6,12,9,5,1,2,0,0
1955,2023/24,2023-09-24,14:00,E0,1,27,Arsenal,Tottenham,2,2,D,1,1,D,R Jones,13,13,6,5,12,19,11,4,3,4,0,0
1956,2023/24,2023-09-24,14:00,E0,5,3,Brighton,Bournemouth,3,1,H,1,1,D,J Brooks,13,12,4,4,12,17,4,4,3,3,0,0
1957,2023/24,2023-09-24,14:00,E0,8,2,Chelsea,Aston Villa,0,1,A,0,0,D,J Gillett,10,15,4,7,9,11,5,11,2,3,0,0
1958,2023/24,2023-09-24,14:00,E0,18,31,Liverpool,West Ham,3,1,H,1,1,D,C Kavanagh,22,11,7,4,12,13,7,4,0,2,0,0
1959,2023/24,2023-09-24,16:30,E0,25,22,Sheffield United,Newcastle,0,8,A,0,3,A,S Attwell,9,22,1,15,12,8,2,6,3,0,0,0
1960,2023/24,2023-09-30,12:30,E0,2,5,Aston Villa,Brighton,6,1,H,3,0,H,A Madley,19,11,9,3,19,21,1,3,4,4,0,0
1961,2023/24,2023-09-30,15:00,E0,3,1,Bournemouth,Arsenal,0,4,A,0,2,A,M Salisbury,8,15,1,8,11,10,6,6,0,1,0,0
1962,2023/24,2023-09-30,15:00,E0,11,19,Everton,Luton,1,2,A,1,2,A,A Taylor,23,9,5,2,8,10,3,6,0,1,0,0
1963,2023/24,2023-09-30,15:00,E0,21,10,Man United,Crystal Palace,0,1,A,0,1,A,C Kavanagh,19,8,4,2,10,8,10,4,3,2,0,0
1964,2023/24,2023-09-30,15:00,E0,22,6,Newcastle,Burnley,2,0,H,1,0,H,T Bramall,20,8,8,2,7,15,5,3,1,3,0,0
1965,2023/24,2023-09-30,15:00,E0,31,25,West Ham,Sheffield United,2,0,H,2,0,H,G Scott,20,16,9,2,6,9,7,4,1,1,0,0
1966,2023/24,2023-09-30,15:00,E0,32,20,Wolves,Man City,2,1,H,1,0,H,C Pawson,3,23,1,8,18,12,0,6,5,4,0,0
1967,2023/24,2023-09-30,17:30,E0,27,18,Tottenham,Liverpool,2,1,H,1,1,D,S Hooper,24,12,8,4,11,17,12,5,5,4,0,2
1968,2023/24,2023-10-01,14:00,E0,24,4,Nott'm Forest,Brentford,1,1,D,0,0,D,P Tierney,6,18,1,5,6,10,1,11,1,2,1,0
1969,2023/24,2023-10-02,20:00,E0,12,8,Fulham,Chelsea,0,2,A,0,2,A,T Robinson,10,11,3,4,15,12,8,1,1,4,0,0
1970,2023/24,2023-10-03,19:30,E0,19,6,Luton,Burnley,1,2,A,0,1,A,P Bankes,18,14,3,4,14,6,7,6,4,2,0,0
1971,2023/24,2023-10-07,12:30,E0,19,27,Luton,Tottenham,0,1,A,0,0,D,J Brooks,12,15,2,4,16,7,5,6,2,1,0,1
1972,2023/24,2023-10-07,15:00,E0,6,8,Burnley,Chelsea,1,4,A,1,1,D,S Attwell,10,9,3,5,11,8,7,3,2,4,0,0
1973,2023/24,2023-10-07,15:00,E0,11,3,Everton,Bournemouth,3,0,H,2,0,H,D Coote,25,11,8,4,14,15,8,7,1,2,0,0
1974,2023/24,2023-10-07,15:00,E0,12,25,Fulham,Sheffield United,3,1,H,0,0,D,S Barrott,20,5,6,2,8,10,9,4,1,2,0,0
1975,2023/24,2023-10-07,15:00,E0,21,4,Man United,Brentford,2,1,H,0,1,A,A Madley,21,11,8,3,10,17,7,5,0,5,0,0
1976,2023/24,2023-10-07,17:30,E0,10,24,Crystal Palace,Nott'm Forest,0,0,D,0,0,D,C Pawson,8,16,2,5,7,12,3,7,0,1,0,0
1977,2023/24,2023-10-08,14:00,E0,5,18,Brighton,Liverpool,2,2,D,1,2,A,A Taylor,14,14,3,4,12,20,8,1,1,2,0,0
1978,2023/24,2023-10-08,14:00,E0,31,22,West Ham,Newcastle,2,2,D,1,0,H,P Bankes,5,10,3,3,11,18,4,2,3,3,0,0
1979,2023/24,2023-10-08,14:00,E0,32,2,Wolves,Aston Villa,1,1,D,0,0,D,R Jones,8,18,3,4,19,9,2,10,2,2,1,0
1980,2023/24,2023-10-08,16:30,E0,1,20,Arsenal,Man City,1,0,H,0,0,D,M Oliver,12,4,2,1,8,7,5,4,2,3,0,0
1981,2023/24,2023-10-21,12:30,E0,18,11,Liverpool,Everton,2,0,H,0,0,D,C Pawson,26,6,6,1,9,9,12,4,1,1,0,1
1982,2023/24,2023-10-21,15:00,E0,3,32,Bournemouth,Wolves,1,2,A,1,0,H,P Tierney,7,20,4,7,15,10,3,12,2,6,1,0
1983,2023/24,2023-10-21,15:00,E0,4,6,Brentford,Burnley,3,0,H,1,0,H,J Smith,23,6,10,1,14,12,5,5,5,2,0,1
1984,2023/24,2023-10-21,15:00,E0,20,5,Man City,Brighton,2,1,H,2,0,H,R Jones,10,5,6,3,9,11,2,2,2,2,1,0
1985,2023/24,2023-10-21,15:00,E0,22,10,Newcastle,Crystal Palace,4,0,H,3,0,H,T Robinson,10,17,7,3,7,12,6,8,2,3,0,0
1986,2023/24,2023-10-21,15:00,E0,24,19,Nott'm Forest,Luton,2,2,D,0,0,D,S Barrott,19,13,8,4,12,11,4,2,3,0,0,0
1987,2023/24,2023-10-21,17:30,E0,8,1,Chelsea,Arsenal,2,2,D,1,0,H,C Kavanagh,11,13,5,3,7,14,2,7,3,3,0,0
1988,2023/24,2023-10-21,20:00,E0,25,21,Sheffield United,Man United,1,2,A,1,1,D,M Oliver,12,14,6,5,12,10,5,4,3,1,0,0
1989,2023/24,2023-10-22,16:30,E0,2,31,Aston Villa,West Ham,4,1,H,1,0,H,D Coote,15,14,7,4,9,15,8,7,0,1,0,0
1990,2023/24,2023-10-23,20:00,E0,27,12,Tottenham,Fulham,2,0,H,1,0,H,A Taylor,15,10,5,3,10,14,3,5,2,0,0,0
1991,2023/24,2023-10-27,20:00,E0,10,27,Crystal Palace,Tottenham,1,2,A,0,0,D,A Madley,13,10,3,1,19,11,11,2,2,1,0,0
1992,2023/24,2023-10-28,12:30,E0,8,4,Chelsea,Brentford,0,2,A,0,0,D,S Hooper,17,7,2,5,12,7,10,1,1,4,0,0
1993,2023/24,2023-10-28,15:00,E0,1,25,Arsenal,Sheffield United,5,0,H,1,0,H,T Robinson,13,2,8,0,9,13,6,1,0,3,0,0
1994,2023/24,2023-10-28,15:00,E0,3,6,Bournemouth,Burnley,2,1,H,1,1,D,S Barrott,13,6,6,3,9,12,10,5,2,3,0,0
1995,2023/24,2023-10-28,17:30,E0,32,22,Wolves,Newcastle,2,2,D,1,2,A,A Taylor,11,13,6,5,13,15,8,7,1,4,0,0
1996,2023/24,2023-10-29,13:00,E0,31,11,West Ham,Everton,0,1,A,0,0,D,S Attwell,12,10,2,4,7,11,4,3,4,1,0,0
1997,2023/24,2023-10-29,14:00,E0,2,19,Aston Villa,Luton,3,1,H,1,0,H,J Brooks,17,7,6,1,11,10,6,4,3,2,0,0
1998,2023/24,2023-10-29,14:00,E0,5,12,Brighton,Fulham,1,1,D,1,0,H,M Salisbury,18,10,7,5,12,8,7,3,0,3,0,0
1999,2023/24,2023-10-29,14:00,E0,18,24,Liverpool,Nott'm Forest,3,0,H,2,0,H,C Kavanagh,21,9,8,1,9,13,8,3,2,3,0,0
2000,2023/24,2023-10-29,15:30,E0,21,20,Man United,Man City,0,3,A,0,1,A,P Tierney,7,21,3,10,9,4,7,12,4,1,0,0
2001,2023/24,2023-11-04,12:30,E0,12,21,Fulham,Man United,0,1,A,0,0,D,J Brooks,18,12,3,5,9,15,9,4,5,2,0,0
2002,2023/24,2023-11-04,15:00,E0,4,31,Brentford,West Ham,3,2,H,1,2,A,T Bramall,16,12,4,2,12,14,4,3,1,4,0,0
2003,2023/24,2023-11-04,15:00,E0,6,10,Burnley,Crystal Palace,0,2,A,0,1,A,P Bankes,17,4,5,3,9,12,12,1,0,5,0,0
2004,2023/24,2023-11-04,15:00,E0,11,5,Everton,Brighton,1,1,D,1,0,H,T Robinson,10,7,4,2,15,5,3,3,4,2,0,0
2005,2023/24,2023-11-04,15:00,E0,20,3,Man City,Bournemouth,6,1,H,3,0,H,C Pawson,21,5,8,1,8,9,12,1,0,1,0,0
2006,2023/24,2023-11-04,15:00,E0,25,32,Sheffield United,Wolves,2,1,H,0,0,D,R Jones,11,10,2,3,13,10,4,4,2,3,0,0
2007,2023/24,2023-11-04,17:30,E0,22,1,Newcastle,Arsenal,1,0,H,0,0,D,S Attwell,9,14,2,1,14,9,0,11,5,1,0,0
2008,2023/24,2023-11-05,14:00,E0,24,2,Nott'm Forest,Aston Villa,2,0,H,1,0,H,J Gillett,5,13,3,3,6,9,0,10,1,1,0,0
2009,2023/24,2023-11-05,16:30,E0,19,18,Luton,Liverpool,1,1,D,0,0,D,A Madley,8,24,5,6,7,13,4,7,1,1,0,0
2010,2023/24,2023-11-06,20:00,E0,27,8,Tottenham,Chelsea,1,4,A,1,1,D,M Oliver,8,17,5,8,12,21,1,6,1,5,2,0
2011,2023/24,2023-11-11,12:30,E0,32,27,Wolves,Tottenham,2,1,H,0,1,A,T Robinson,17,6,4,2,19,15,11,3,4,3,0,0
2012,2023/24,2023-11-11,15:00,E0,1,6,Arsenal,Burnley,3,1,H,1,0,H,M Oliver,16,8,6,5,8,9,3,3,0,1,1,0
2013,2023/24,2023-11-11,15:00,E0,10,11,Crystal Palace,Everton,2,3,A,1,1,D,S Barrott,13,8,4,4,9,18,9,2,1,4,0,0
2014,2023/24,2023-11-11,15:00,E0,21,19,Man United,Luton,1,0,H,0,0,D,G Scott,15,10,4,4,9,11,11,3,0,2,0,0
2015,2023/24,2023-11-11,17:30,E0,3,22,Bournemouth,Newcastle,2,0,H,0,0,D,C Kavanagh,19,8,10,5,10,4,6,5,2,1,0,0
2016,2023/24,2023-11-12,14:00,E0,2,12,Aston Villa,Fulham,3,1,H,2,0,H,S Hooper,12,9,6,5,4,17,2,2,2,5,0,0
2017,2023/24,2023-11-12,14:00,E0,5,25,Brighton,Sheffield United,1,1,D,1,0,H,J Brooks,11,9,6,1,13,16,6,3,3,2,1,0
2018,2023/24,2023-11-12,14:00,E0,18,4,Liverpool,Brentford,3,0,H,1,0,H,P Tierney,17,16,10,3,16,12,6,8,1,2,0,0
2019,2023/24,2023-11-12,14:00,E0,31,24,West Ham,Nott'm Forest,3,2,H,1,1,D,M Salisbury,16,10,6,5,9,12,9,4,2,2,0,0
2020,2023/24,2023-11-12,16:30,E0,8,20,Chelsea,Man City,4,4,D,2,2,D,A Taylor,17,15,9,10,12,15,3,3,5,3,0,0
2021,2023/24,2023-11-25,12:30,E0,20,18,Man City,Liverpool,1,1,D,1,0,H,C Kavanagh,16,8,5,3,9,11,9,6,1,3,0,0
2022,2023/24,2023-11-25,15:00,E0,6,31,Burnley,West Ham,1,2,A,0,0,D,S Barrott,11,11,5,3,11,7,4,5,1,3,0,0
2023,2023/24,2023-11-25,15:00,E0,19,10,Luton,Crystal Palace,2,1,H,0,0,D,J Gillett,8,16,3,8,15,12,4,5,6,1,0,0
2024,2023/24,2023-11-25,15:00,E0,22,8,Newcastle,Chelsea,4,1,H,1,1,D,S Hooper,14,7,5,4,13,19,4,2,4,4,0,1
2025,2023/24,2023-11-25,15:00,E0,24,5,Nott'm Forest,Brighton,2,3,A,1,2,A,A Taylor,18,11,5,5,12,7,6,4,2,4,0,1
2026,2023/24,2023-11-25,15:00,E0,25,3,Sheffield United,Bournemouth,1,3,A,0,2,A,A Madley,10,23,2,11,6,8,4,7,4,1,0,0
2027,2023/24,2023-11-25,17:30,E0,4,1,Brentford,Arsenal,0,1,A,0,0,D,T Robinson,9,15,3,4,9,7,1,8,1,1,0,0
2028,2023/24,2023-11-26,14:00,E0,27,2,Tottenham,Aston Villa,1,2,A,1,1,D,R Jones,18,15,8,5,11,13,9,3,0,4,0,0
2029,2023/24,2023-11-26,16:30,E0,11,21,Everton,Man United,0,3,A,0,1,A,J Brooks,24,9,6,4,10,8,6,5,3,0,0,0
2030,2023/24,2023-11-27,20:00,E0,12,32,Fulham,Wolves,3,2,H,1,1,D,M Salisbury,12,10,6,6,13,13,6,2,2,2,0,0
2031,2023/24,2023-12-02,15:00,E0,1,32,Arsenal,Wolves,2,1,H,2,0,H,P Bankes,19,6,6,3,10,10,4,0,1,2,0,0
2032,2023/24,2023-12-02,15:00,E0,4,19,Brentford,Luton,3,1,H,0,0,D,A Taylor,27,7,6,1,10,8,7,5,1,2,0,0
2033,2023/24,2023-12-02,15:00,E0,6,25,Burnley,Sheffield United,5,0,H,2,0,H,C Kavanagh,19,6,7,3,9,12,6,1,2,5,0,1
2034,2023/24,2023-12-02,17:30,E0,24,11,Nott'm Forest,Everton,0,1,A,0,0,D,P Tierney,13,12,2,3,15,14,4,3,1,0,0,0
2035,2023/24,2023-12-02,20:00,E0,22,21,Newcastle,Man United,1,0,H,0,0,D,R Jones,22,8,4,1,6,13,7,3,1,2,0,0
2036,2023/24,2023-12-03,14:00,E0,3,2,Bournemouth,Aston Villa,2,2,D,1,1,D,T Bramall,15,11,7,3,16,12,7,7,5,3,0,0
2037,2023/24,2023-12-03,14:00,E0,8,5,Chelsea,Brighton,3,2,H,2,1,H,C Pawson,8,18,5,9,16,12,5,8,3,5,1,0
2038,2023/24,2023-12-03,14:00,E0,18,12,Liverpool,Fulham,4,3,H,2,2,D,S Attwell,26,9,12,5,6,7,3,4,0,0,0,0
2039,2023/24,2023-12-03,14:00,E0,31,10,West Ham,Crystal Palace,1,1,D,1,0,H,M Oliver,9,9,3,2,17,7,2,3,2,0,0,0
2040,2023/24,2023-12-03,16:30,E0,20,27,Man City,Tottenham,3,3,D,2,1,H,S Hooper,18,8,4,4,14,14,10,8,4,4,0,0
2041,2023/24,2023-12-05,19:30,E0,32,6,Wolves,Burnley,1,0,H,1,0,H,J Gillett,7,12,4,3,11,15,6,8,2,4,0,0
2042,2023/24,2023-12-05,20:15,E0,19,1,Luton,Arsenal,3,4,A,1,2,A,S Barrott,6,23,4,9,14,7,3,8,2,1,0,0
2043,2023/24,2023-12-06,19:30,E0,5,4,Brighton,Brentford,2,1,H,1,1,D,P Bankes,18,8,7,2,10,8,7,3,3,1,0,0
2044,2023/24,2023-12-06,19:30,E0,10,3,Crystal Palace,Bournemouth,0,2,A,0,1,A,C Pawson,16,11,3,4,10,17,3,9,1,3,0,0
2045,2023/24,2023-12-06,19:30,E0,12,24,Fulham,Nott'm Forest,5,0,H,2,0,H,J Smith,14,4,6,1,7,10,6,1,0,1,0,0
2046,2023/24,2023-12-06,19:30,E0,25,18,Sheffield United,Liverpool,0,2,A,0,1,A,S Hooper,6,15,1,8,12,8,2,12,2,3,0,0
2047,2023/24,2023-12-06,20:15,E0,2,20,Aston Villa,Man City,1,0,H,0,0,D,J Brooks,22,2,7,2,13,13,6,0,2,2,0,0
2048,2023/24,2023-12-06,20:15,E0,21,8,Man United,Chelsea,2,1,H,1,1,D,C Kavanagh,28,13,9,3,12,12,12,4,4,0,0,0
2049,2023/24,2023-12-07,19:30,E0,11,22,Everton,Newcastle,3,0,H,0,0,D,T Robinson,21,13,6,3,18,8,5,2,3,0,0,0
2050,2023/24,2023-12-07,20:15,E0,27,31,Tottenham,West Ham,1,2,A,1,0,H,M Salisbury,23,11,7,5,11,12,8,4,3,3,0,0
2051,2023/24,2023-12-09,12:30,E0,10,18,Crystal Palace,Liverpool,1,2,A,0,0,D,A Madley,8,14,4,2,17,17,6,5,5,2,1,0
2052,2023/24,2023-12-09,15:00,E0,5,6,Brighton,Burnley,1,1,D,0,1,A,S Hooper,29,6,11,3,5,8,9,1,0,4,0,0
2053,2023/24,2023-12-09,15:00,E0,21,3,Man United,Bournemouth,0,3,A,0,1,A,P Bankes,20,10,3,4,7,10,10,4,3,1,0,0
2054,2023/24,2023-12-09,15:00,E0,25,4,Sheffield United,Brentford,1,0,H,1,0,H,S Attwell,9,10,4,4,14,13,3,4,5,1,0,0
2055,2023/24,2023-12-09,15:00,E0,32,24,Wolves,Nott'm Forest,1,1,D,1,1,D,S Barrott,10,8,4,2,9,11,4,3,0,1,0,0
2056,2023/24,2023-12-09,17:30,E0,2,1,Aston Villa,Arsenal,1,0,H,1,0,H,J Gillett,10,12,3,5,16,11,3,3,4,2,0,0
2057,2023/24,2023-12-10,14:00,E0,11,8,Everton,Chelsea,2,0,H,0,0,D,M Oliver,9,16,5,4,12,12,4,8,2,2,0,0
2058,2023/24,2023-12-10,14:00,E0,12,31,Fulham,West Ham,5,0,H,3,0,H,P Tierney,14,9,8,5,5,10,3,6,2,1,0,0
2059,2023/24,2023-12-10,14:00,E0,19,20,Luton,Man City,1,2,A,1,0,H,T Robinson,4,18,2,6,16,6,6,3,2,1,0,0
2060,2023/24,2023-12-10,16:30,E0,27,22,Tottenham,Newcastle,4,1,H,2,0,H,C Kavanagh,23,9,12,3,10,12,3,6,1,3,0,0
2061,2023/24,2023-12-15,20:00,E0,24,27,Nott'm Forest,Tottenham,0,2,A,0,1,A,J Gillett,15,12,1,6,16,11,6,4,2,4,0,1
2062,2023/24,2023-12-16,15:00,E0,8,25,Chelsea,Sheffield United,2,0,H,0,0,D,A Madley,15,6,6,1,9,14,7,6,1,3,0,0
2063,2023/24,2023-12-16,15:00,E0,20,10,Man City,Crystal Palace,2,2,D,1,0,H,P Tierney,19,5,9,2,12,9,6,1,1,1,0,0
2064,2023/24,2023-12-16,15:00,E0,22,12,Newcastle,Fulham,3,0,H,0,0,D,S Barrott,27,6,10,4,7,12,5,1,0,2,0,1
2065,2023/24,2023-12-16,17:30,E0,6,11,Burnley,Everton,0,2,A,0,2,A,A Taylor,14,9,2,6,9,8,8,6,0,1,0,0
2066,2023/24,2023-12-17,14:00,E0,1,5,Arsenal,Brighton,2,0,H,0,0,D,T Robinson,26,6,9,1,11,9,10,1,1,3,0,0
2067,2023/24,2023-12-17,14:00,E0,4,2,Brentford,Aston Villa,1,2,A,1,0,H,D Coote,4,15,3,5,19,6,7,12,6,4,1,1
2068,2023/24,2023-12-17,14:00,E0,31,32,West Ham,Wolves,3,0,H,2,0,H,C Kavanagh,13,14,4,3,12,15,6,6,3,1,0,0
2069,2023/24,2023-12-17,16:30,E0,18,21,Liverpool,Man United,0,0,D,0,0,D,M Oliver,34,6,8,1,13,8,12,0,2,4,0,1
2070,2023/24,2023-12-21,20:00,E0,10,5,Crystal Palace,Brighton,1,1,D,1,0,H,J Brooks,11,18,3,6,12,11,3,1,5,2,0,0
2071,2023/24,2023-12-22,20:00,E0,2,25,Aston Villa,Sheffield United,1,1,D,0,0,D,A Taylor,12,5,4,2,11,16,9,1,3,3,0,0
2072,2023/24,2023-12-23,12:30,E0,31,21,West Ham,Man United,2,0,H,0,0,D,S Hooper,12,11,5,3,13,15,4,4,2,3,0,0
2073,2023/24,2023-12-23,15:00,E0,12,6,Fulham,Burnley,0,2,A,0,0,D,R Welch,19,7,5,2,5,17,8,6,2,1,0,0
2074,2023/24,2023-12-23,15:00,E0,19,22,Luton,Newcastle,1,0,H,1,0,H,D England,16,15,5,2,11,5,6,7,2,1,0,0
2075,2023/24,2023-12-23,15:00,E0,24,3,Nott'm Forest,Bournemouth,2,3,A,0,0,D,R Jones,11,18,5,7,10,10,6,6,0,3,1,0
2076,2023/24,2023-12-23,15:00,E0,27,11,Tottenham,Everton,2,1,H,2,0,H,S Attwell,13,18,6,8,6,18,3,8,1,4,0,0
2077,2023/24,2023-12-23,17:30,E0,18,1,Liverpool,Arsenal,1,1,D,1,1,D,C Kavanagh,13,13,3,2,13,14,4,5,2,5,0,0
2078,2023/24,2023-12-24,13:00,E0,32,8,Wolves,Chelsea,2,1,H,0,0,D,D Coote,14,16,6,5,11,9,10,6,3,5,0,0
2079,2023/24,2023-12-26,12:30,E0,22,24,Newcastle,Nott'm Forest,1,3,A,1,1,D,C Kavanagh,19,15,7,6,10,11,10,2,3,3,0,0
2080,2023/24,2023-12-26,15:00,E0,3,12,Bournemouth,Fulham,3,0,H,1,0,H,T Robinson,16,8,4,3,10,10,6,5,0,2,0,0
2081,2023/24,2023-12-26,15:00,E0,25,19,Sheffield United,Luton,2,3,A,0,1,A,S Allison,21,12,6,4,13,13,9,4,5,0,0,0
2082,2023/24,2023-12-26,17:30,E0,6,18,Burnley,Liverpool,0,2,A,0,1,A,P Tierney,9,19,0,10,7,10,4,4,2,1,0,0
2083,2023/24,2023-12-26,20:00,E0,21,2,Man United,Aston Villa,3,2,H,0,2,A,C Pawson,13,10,7,4,10,10,3,6,1,3,0,0
2084,2023/24,2023-12-27,19:30,E0,4,32,Brentford,Wolves,1,4,A,1,3,A,A Madley,14,11,4,5,5,14,8,2,1,1,0,0
2085,2023/24,2023-12-27,19:30,E0,8,10,Chelsea,Crystal Palace,2,1,H,1,1,D,M Salisbury,9,13,4,5,13,16,4,3,3,2,0,0
2086,2023/24,2023-12-27,20:15,E0,11,20,Everton,Man City,1,3,A,1,0,H,J Brooks,7,23,2,9,13,5,8,4,4,2,0,0
2087,2023/24,2023-12-28,19:30,E0,5,27,Brighton,Tottenham,4,2,H,2,0,H,J Gillett,15,19,9,3,18,6,7,6,3,2,0,0
2088,2023/24,2023-12-28,20:15,E0,1,31,Arsenal,West Ham,0,2,A,0,1,A,M Oliver,30,6,8,3,8,8,10,3,2,0,0,0
2089,2023/24,2023-12-30,12:30,E0,19,8,Luton,Chelsea,2,3,A,0,2,A,P Tierney,15,12,6,8,14,21,7,2,2,2,0,0
2090,2023/24,2023-12-30,15:00,E0,2,6,Aston Villa,Burnley,3,2,H,2,1,H,S Attwell,19,9,7,5,9,14,6,2,4,1,0,1
2091,2023/24,2023-12-30,15:00,E0,10,4,Crystal Palace,Brentford,3,1,H,2,1,H,R Jones,13,9,6,4,14,10,7,4,0,1,0,0
2092,2023/24,2023-12-30,15:00,E0,20,25,Man City,Sheffield United,2,0,H,1,0,H,D Coote,18,4,4,2,5,6,12,2,1,1,0,0
2093,2023/24,2023-12-30,15:00,E0,32,11,Wolves,Everton,3,0,H,1,0,H,T Bramall,12,10,6,0,9,14,5,2,2,3,0,0
2094,2023/24,2023-12-30,17:30,E0,24,21,Nott'm Forest,Man United,2,1,H,0,0,D,T Robinson,8,10,2,5,9,11,4,5,2,4,0,0
2095,2023/24,2023-12-31,14:00,E0,12,1,Fulham,Arsenal,2,1,H,1,1,D,J Smith,15,13,4,3,11,10,5,4,4,1,0,0
2096,2023/24,2023-12-31,14:00,E0,27,3,Tottenham,Bournemouth,3,1,H,1,0,H,S Hooper,12,24,6,4,9,18,4,13,3,3,0,0
2097,2023/24,2024-01-01,20:00,E0,18,22,Liverpool,Newcastle,4,2,H,0,0,D,A Taylor,34,5,15,3,16,15,7,3,3,5,0,0
2098,2023/24,2024-01-02,19:30,E0,31,5,West Ham,Brighton,0,0,D,0,0,D,S Barrott,6,22,2,8,4,6,2,0,1,0,0,0
2099,2023/24,2024-01-12,19:45,E0,6,19,Burnley,Luton,1,1,D,1,0,H,T Harrington,13,14,7,5,7,12,2,8,1,0,0,0
2100,2023/24,2024-01-13,12:30,E0,8,12,Chelsea,Fulham,1,0,H,1,0,H,A Taylor,17,14,3,4,13,9,6,4,5,1,0,0
2101,2023/24,2024-01-13,17:30,E0,22,20,Newcastle,Man City,2,3,A,2,1,H,C Kavanagh,12,27,5,11,7,7,3,13,1,2,0,0
2102,2023/24,2024-01-14,14:00,E0,11,2,Everton,Aston Villa,0,0,D,0,0,D,D Coote,10,16,2,5,13,14,4,5,1,4,0,0
2103,2023/24,2024-01-14,16:30,E0,21,27,Man United,Tottenham,2,2,D,2,1,H,J Brooks,9,16,2,6,8,5,8,13,2,1,0,0
2104,2023/24,2024-01-20,12:30,E0,1,10,Arsenal,Crystal Palace,5,0,H,2,0,H,P Tierney,21,12,6,5,8,12,6,7,0,0,0,0
2105,2023/24,2024-01-20,17:30,E0,4,24,Brentford,Nott'm Forest,3,2,H,1,1,D,D England,11,12,5,3,10,14,6,4,1,3,0,0
2106,2023/24,2024-01-21,14:00,E0,25,31,Sheffield United,West Ham,2,2,D,1,1,D,M Salisbury,21,16,6,5,11,10,4,1,3,1,1,1
2107,2023/24,2024-01-21,16:30,E0,3,18,Bournemouth,Liverpool,0,4,A,0,0,D,A Madley,11,14,1,7,9,12,8,5,1,2,0,0
2108,2023/24,2024-01-22,19:45,E0,5,32,Brighton,Wolves,0,0,D,0,0,D,C Pawson,11,8,4,3,10,13,8,2,1,4,0,0
2109,2023/24,2024-01-30,19:30,E0,24,1,Nott'm Forest,Arsenal,1,2,A,0,0,D,S Hooper,9,19,3,3,6,7,2,11,0,1,0,0
2110,2023/24,2024-01-30,19:45,E0,12,11,Fulham,Everton,0,0,D,0,0,D,T Bramall,25,21,6,4,6,13,15,6,1,2,0,0
2111,2023/24,2024-01-30,19:45,E0,19,5,Luton,Brighton,4,0,H,3,0,H,R Jones,18,9,8,2,13,14,7,4,2,2,0,0
2112,2023/24,2024-01-30,20:00,E0,10,25,Crystal Palace,Sheffield United,3,2,H,2,2,D,T Harrington,12,9,4,5,8,18,11,1,1,4,0,0
2113,2023/24,2024-01-30,20:15,E0,2,22,Aston Villa,Newcastle,1,3,A,0,2,A,J Brooks,12,14,6,5,14,12,8,7,4,1,0,0
2114,2023/24,2024-01-31,19:30,E0,20,6,Man City,Burnley,3,1,H,2,0,H,S Barrott,14,8,4,3,3,13,7,3,2,2,0,0
2115,2023/24,2024-01-31,19:30,E0,27,4,Tottenham,Brentford,3,2,H,0,1,A,D Coote,19,9,5,5,13,15,5,3,2,3,0,0
2116,2023/24,2024-01-31,20:15,E0,18,8,Liverpool,Chelsea,4,1,H,2,0,H,P Tierney,28,4,13,3,15,16,8,1,2,4,0,0
2117,2023/24,2024-02-01,19:30,E0,31,3,West Ham,Bournemouth,1,1,D,0,1,A,T Robinson,9,9,3,4,13,11,1,5,1,3,0,0
2118,2023/24,2024-02-01,20:15,E0,32,21,Wolves,Man United,3,4,A,0,2,A,J Gillett,16,21,7,8,10,10,4,5,2,5,0,0
2119,2023/24,2024-02-03,12:30,E0,11,27,Everton,Tottenham,2,2,D,1,2,A,M Oliver,14,9,5,6,8,14,9,5,3,0,0,0
2120,2023/24,2024-02-03,15:00,E0,5,10,Brighton,Crystal Palace,4,1,H,3,0,H,S Hooper,13,7,6,5,8,14,3,2,1,3,0,0
2121,2023/24,2024-02-03,15:00,E0,6,12,Burnley,Fulham,2,2,D,0,2,A,D Bond,12,15,4,7,11,7,2,13,2,2,0,0
2122,2023/24,2024-02-03,15:00,E0,22,19,Newcastle,Luton,4,4,D,2,2,D,T Bramall,19,11,6,8,13,16,8,2,2,2,0,0
2123,2023/24,2024-02-03,17:30,E0,25,2,Sheffield United,Aston Villa,0,5,A,0,4,A,P Tierney,10,14,5,10,10,7,3,4,1,0,0,0
2124,2023/24,2024-02-04,14:00,E0,3,24,Bournemouth,Nott'm Forest,1,1,D,1,1,D,R Welch,9,8,2,6,19,12,11,6,3,2,1,0
2125,2023/24,2024-02-04,14:00,E0,8,32,Chelsea,Wolves,2,4,A,1,2,A,T Robinson,15,14,6,7,15,11,10,1,3,2,0,0
2126,2023/24,2024-02-04,14:00,E0,21,31,Man United,West Ham,3,0,H,1,0,H,A Madley,12,22,5,3,10,5,5,8,0,1,0,0
2127,2023/24,2024-02-04,16:30,E0,1,18,Arsenal,Liverpool,3,1,H,1,1,D,A Taylor,15,10,7,1,11,11,2,4,6,2,0,1
2128,2023/24,2024-02-05,20:00,E0,4,20,Brentford,Man City,1,3,A,1,1,D,J Gillett,9,25,3,15,2,4,8,13,1,0,0,0
2129,2023/24,2024-02-10,12:30,E0,20,11,Man City,Everton,2,0,H,0,0,D,J Brooks,19,5,3,1,6,11,9,0,0,2,0,0
2130,2023/24,2024-02-10,15:00,E0,12,3,Fulham,Bournemouth,3,1,H,2,0,H,D England,7,25,6,4,11,11,1,14,1,2,0,0
2131,2023/24,2024-02-10,15:00,E0,18,6,Liverpool,Burnley,3,1,H,1,1,D,T Robinson,25,9,10,4,11,13,9,3,3,2,0,0
2132,2023/24,2024-02-10,15:00,E0,19,25,Luton,Sheffield United,1,3,A,0,2,A,C Kavanagh,20,7,5,3,7,12,13,1,1,2,0,0
2133,2023/24,2024-02-10,15:00,E0,27,5,Tottenham,Brighton,2,1,H,0,1,A,S Barrott,16,6,6,3,14,13,9,6,2,3,0,0
2134,2023/24,2024-02-10,15:00,E0,32,4,Wolves,Brentford,0,2,A,0,1,A,S Hooper,17,9,5,6,11,9,7,4,2,3,0,0
2135,2023/24,2024-02-10,17:30,E0,24,22,Nott'm Forest,Newcastle,2,3,A,2,2,D,A Taylor,13,7,3,5,9,6,4,4,1,2,0,0
2136,2023/24,2024-02-11,14:00,E0,31,1,West Ham,Arsenal,0,6,A,0,4,A,C Pawson,5,25,1,12,17,11,2,6,4,0,0,0
2137,2023/24,2024-02-11,16:30,E0,2,21,Aston Villa,Man United,1,2,A,0,1,A,R Jones,23,17,10,5,9,7,10,8,3,2,0,0
2138,2023/24,2024-02-12,20:00,E0,10,8,Crystal Palace,Chelsea,1,3,A,1,0,H,M Oliver,13,14,4,5,14,7,1,7,2,2,0,0
2139,2023/24,2024-02-17,12:30,E0,4,18,Brentford,Liverpool,1,4,A,0,1,A,M Oliver,15,15,6,8,4,18,1,6,2,1,0,0
2140,2023/24,2024-02-17,15:00,E0,6,1,Burnley,Arsenal,0,5,A,0,2,A,J Gillett,8,16,0,7,11,8,4,6,2,1,0,0
2141,2023/24,2024-02-17,15:00,E0,12,2,Fulham,Aston Villa,1,2,A,0,1,A,L Smith,15,12,4,3,11,6,4,4,5,2,0,0
2142,2023/24,2024-02-17,15:00,E0,22,3,Newcastle,Bournemouth,2,2,D,0,0,D,M Salisbury,17,12,5,7,9,22,4,2,1,3,0,0
2143,2023/24,2024-02-17,15:00,E0,24,31,Nott'm Forest,West Ham,2,0,H,1,0,H,T Bramall,19,10,8,3,13,15,5,3,4,4,0,1
2144,2023/24,2024-02-17,15:00,E0,27,32,Tottenham,Wolves,1,2,A,0,1,A,A Taylor,15,12,4,7,8,13,10,4,0,1,0,0
2145,2023/24,2024-02-17,17:30,E0,20,8,Man City,Chelsea,1,1,D,0,1,A,A Madley,31,9,5,6,7,12,12,1,1,3,0,0
2146,2023/24,2024-02-18,14:00,E0,25,5,Sheffield United,Brighton,0,5,A,0,2,A,S Attwell,6,24,1,10,3,5,5,10,1,4,1,0
2147,2023/24,2024-02-18,16:30,E0,19,21,Luton,Man United,1,2,A,1,2,A,D Coote,22,21,4,9,7,21,8,6,3,5,0,0
2148,2023/24,2024-02-19,20:00,E0,11,10,Everton,Crystal Palace,1,1,D,0,0,D,P Tierney,19,10,4,4,8,12,3,6,0,2,0,0
2149,2023/24,2024-02-20,19:30,E0,20,4,Man City,Brentford,1,0,H,0,0,D,D England,25,6,11,2,12,6,10,1,2,4,0,0
2150,2023/24,2024-02-21,19:30,E0,18,19,Liverpool,Luton,4,1,H,0,1,A,A Madley,29,12,13,3,15,14,13,4,1,4,0,0
2151,2023/24,2024-02-24,15:00,E0,2,24,Aston Villa,Nott'm Forest,4,2,H,3,1,H,S Barrott,16,10,6,3,7,16,7,2,1,2,0,0
2152,2023/24,2024-02-24,15:00,E0,5,11,Brighton,Everton,1,1,D,0,0,D,T Harrington,23,6,7,3,9,14,11,3,2,3,1,0
2153,2023/24,2024-02-24,15:00,E0,10,6,Crystal Palace,Burnley,3,0,H,0,0,D,L Smith,15,2,6,0,8,13,12,3,3,1,0,1
2154,2023/24,2024-02-24,15:00,E0,21,12,Man United,Fulham,1,2,A,0,0,D,M Oliver,21,17,9,5,6,11,10,9,2,5,0,0
2155,2023/24,2024-02-24,17:30,E0,3,20,Bournemouth,Man City,0,1,A,0,1,A,J Gillett,13,15,4,6,14,6,3,8,2,2,0,0
2156,2023/24,2024-02-24,20:00,E0,1,22,Arsenal,Newcastle,4,1,H,2,0,H,P Tierney,18,3,8,2,15,6,9,0,1,0,0,0
2157,2023/24,2024-02-25,13:30,E0,32,25,Wolves,Sheffield United,1,0,H,1,0,H,D Bond,13,12,2,4,8,4,5,6,2,1,0,0
2158,2023/24,2024-02-26,20:00,E0,31,4,West Ham,Brentford,4,2,H,2,1,H,S Hooper,17,14,6,8,5,9,1,7,1,2,0,0
2159,2023/24,2024-03-02,15:00,E0,4,8,Brentford,Chelsea,2,2,D,0,1,A,J Gillett,14,17,5,6,10,9,0,6,3,1,0,0
2160,2023/24,2024-03-02,15:00,E0,11,31,Everton,West Ham,1,3,A,0,0,D,C Pawson,22,12,11,5,9,6,4,5,1,2,0,0
2161,2023/24,2024-03-02,15:00,E0,12,5,Fulham,Brighton,3,0,H,2,0,H,S Hooper,12,15,5,5,16,10,2,6,1,2,0,0
2162,2023/24,2024-03-02,15:00,E0,22,32,Newcastle,Wolves,3,0,H,2,0,H,T Robinson,14,12,7,3,8,11,3,5,0,1,0,0
2163,2023/24,2024-03-02,15:00,E0,24,18,Nott'm Forest,Liverpool,0,1,A,0,0,D,P Tierney,8,22,2,2,11,12,3,12,2,2,0,0
2164,2023/24,2024-03-02,15:00,E0,27,10,Tottenham,Crystal Palace,3,1,H,0,0,D,J Brooks,14,4,6,1,7,16,11,1,1,2,0,0
2165,2023/24,2024-03-02,17:30,E0,19,2,Luton,Aston Villa,2,3,A,0,2,A,M Oliver,13,12,5,8,8,19,8,6,1,4,0,0
2166,2023/24,2024-03-03,13:00,E0,6,3,Burnley,Bournemouth,0,2,A,0,1,A,D Coote,20,10,6,3,8,13,7,2,2,4,0,0
2167,2023/24,2024-03-03,15:30,E0,20,21,Man City,Man United,3,1,H,0,1,A,A Madley,27,3,8,1,5,10,15,2,0,1,0,0
2168,2023/24,2024-03-04,20:00,E0,25,1,Sheffield United,Arsenal,0,6,A,0,5,A,S Barrott,4,22,0,10,11,4,0,7,1,0,0,0
2169,2023/24,2024-03-09,12:30,E0,21,11,Man United,Everton,2,0,H,2,0,H,S Hooper,15,23,8,6,13,11,5,8,1,2,0,0
2170,2023/24,2024-03-09,15:00,E0,3,25,Bournemouth,Sheffield United,2,2,D,0,1,A,A Taylor,32,13,12,9,12,11,10,3,3,5,0,0
2171,2023/24,2024-03-09,15:00,E0,10,19,Crystal Palace,Luton,1,1,D,1,0,H,S Singh,21,8,4,2,20,11,8,6,2,3,0,0
2172,2023/24,2024-03-09,15:00,E0,32,12,Wolves,Fulham,2,1,H,0,0,D,T Harrington,8,23,3,6,7,11,3,4,2,2,0,0
2173,2023/24,2024-03-09,17:30,E0,1,4,Arsenal,Brentford,2,1,H,1,1,D,R Jones,17,9,6,4,9,10,10,4,2,4,0,0
2174,2023/24,2024-03-10,13:00,E0,2,27,Aston Villa,Tottenham,0,4,A,0,0,D,C Kavanagh,10,9,1,5,11,15,6,4,0,2,1,0
2175,2023/24,2024-03-10,14:00,E0,5,24,Brighton,Nott'm Forest,1,0,H,1,0,H,M Salisbury,10,9,3,4,14,14,6,3,4,4,0,0
2176,2023/24,2024-03-10,14:00,E0,31,6,West Ham,Burnley,2,2,D,0,2,A,D England,22,11,4,4,11,18,4,4,2,4,0,0
2177,2023/24,2024-03-10,15:45,E0,18,20,Liverpool,Man City,1,1,D,0,1,A,M Oliver,19,10,6,6,6,10,7,4,0,3,0,0
2178,2023/24,2024-03-11,20:00,E0,8,22,Chelsea,Newcastle,3,2,H,1,1,D,J Brooks,12,11,8,3,12,7,0,4,3,1,0,0
2179,2023/24,2024-03-13,19:30,E0,3,19,Bournemouth,Luton,4,3,H,0,3,A,S Allison,24,8,10,4,16,11,11,3,1,2,0,0
2180,2023/24,2024-03-16,15:00,E0,6,4,Burnley,Brentford,2,1,H,1,0,H,D Bond,17,9,6,5,14,17,5,4,2,4,0,1
2181,2023/24,2024-03-16,15:00,E0,19,24,Luton,Nott'm Forest,1,1,D,0,1,A,D England,10,16,4,6,10,17,6,7,1,2,0,0
2182,2023/24,2024-03-16,17:30,E0,12,27,Fulham,Tottenham,3,0,H,1,0,H,R Jones,16,14,7,5,9,10,4,5,2,3,0,0
2183,2023/24,2024-03-17,14:00,E0,31,2,West Ham,Aston Villa,1,1,D,1,0,H,J Gillett,13,13,5,5,13,12,7,11,3,3,0,0
2184,2023/24,2024-03-30,12:30,E0,22,31,Newcastle,West Ham,4,3,H,1,2,A,R Jones,24,10,9,4,9,8,3,4,1,1,1,0
2185,2023/24,2024-03-30,15:00,E0,3,11,Bournemouth,Everton,2,1,H,0,0,D,S Barrott,11,7,4,3,14,11,9,8,1,2,0,0
2186,2023/24,2024-03-30,15:00,E0,8,6,Chelsea,Burnley,2,2,D,1,0,H,D England,33,18,13,7,12,7,12,4,2,2,0,1
2187,2023/24,2024-03-30,15:00,E0,24,10,Nott'm Forest,Crystal Palace,1,1,D,0,1,A,C Kavanagh,12,10,5,3,14,12,4,6,1,1,0,0
2188,2023/24,2024-03-30,15:00,E0,25,12,Sheffield United,Fulham,3,3,D,0,0,D,T Robinson,8,24,4,9,10,13,2,15,4,1,0,0
2189,2023/24,2024-03-30,15:00,E0,27,19,Tottenham,Luton,2,1,H,0,1,A,J Gillett,17,7,4,3,16,14,3,6,2,4,0,0
2190,2023/24,2024-03-30,17:30,E0,2,32,Aston Villa,Wolves,2,0,H,1,0,H,P Tierney,11,13,5,3,11,19,5,4,3,4,0,0
2191,2023/24,2024-03-30,20:00,E0,4,21,Brentford,Man United,1,1,D,0,0,D,S Hooper,31,11,5,5,7,14,14,4,2,2,0,0
2192,2023/24,2024-03-31,14:00,E0,18,5,Liverpool,Brighton,2,1,H,1,1,D,D Coote,30,9,8,3,20,6,8,4,5,3,0,0
2193,2023/24,2024-03-31,16:30,E0,20,1,Man City,Arsenal,0,0,D,0,0,D,A Taylor,12,6,1,2,9,20,7,4,0,2,0,0
2194,2023/24,2024-04-02,19:30,E0,22,11,Newcastle,Everton,1,1,D,1,0,H,T Harrington,18,10,6,3,9,14,7,3,0,3,0,0
2195,2023/24,2024-04-02,19:30,E0,24,12,Nott'm Forest,Fulham,3,1,H,3,0,H,M Oliver,16,18,4,3,7,8,3,8,0,0,0,0
2196,2023/24,2024-04-02,19:45,E0,3,10,Bournemouth,Crystal Palace,1,0,H,0,0,D,G Scott,11,3,6,2,13,14,9,2,3,2,0,0
2197,2023/24,2024-04-02,19:45,E0,6,32,Burnley,Wolves,1,1,D,1,1,D,T Bramall,13,8,6,2,10,12,7,4,0,2,0,0
2198,2023/24,2024-04-02,20:15,E0,31,27,West Ham,Tottenham,1,1,D,1,1,D,J Brooks,11,13,4,4,13,9,9,5,1,4,0,0
2199,2023/24,2024-04-03,19:30,E0,1,19,Arsenal,Luton,2,0,H,2,0,H,C Pawson,13,5,4,1,12,8,3,1,1,1,0,0
2200,2023/24,2024-04-03,19:30,E0,4,5,Brentford,Brighton,0,0,D,0,0,D,A Madley,5,24,2,6,9,12,1,5,1,1,0,0
2201,2023/24,2024-04-03,20:15,E0,20,2,Man City,Aston Villa,4,1,H,2,1,H,D England,25,8,11,3,6,13,2,3,1,2,0,0
2202,2023/24,2024-04-04,19:30,E0,18,25,Liverpool,Sheffield United,3,1,H,1,0,H,S Attwell,29,8,9,3,6,9,13,1,0,1,0,0
2203,2023/24,2024-04-04,20:15,E0,8,21,Chelsea,Man United,4,3,H,2,2,D,J Gillett,28,19,10,5,7,15,12,3,3,0,0,0
2204,2023/24,2024-04-06,12:30,E0,10,20,Crystal Palace,Man City,2,4,A,1,1,D,P Tierney,7,18,4,8,13,3,2,9,1,1,0,0
2205,2023/24,2024-04-06,15:00,E0,2,4,Aston Villa,Brentford,3,3,D,1,0,H,M Salisbury,11,8,3,3,15,11,11,3,2,2,0,0
2206,2023/24,2024-04-06,15:00,E0,11,6,Everton,Burnley,1,0,H,1,0,H,M Oliver,12,6,3,1,11,13,3,5,2,1,0,1
2207,2023/24,2024-04-06,15:00,E0,12,22,Fulham,Newcastle,0,1,A,0,0,D,S Allison,14,12,4,5,10,13,14,3,1,2,0,0
2208,2023/24,2024-04-06,15:00,E0,19,3,Luton,Bournemouth,2,1,H,0,0,D,A Madley,19,8,9,1,7,14,7,2,0,0,0,0
2209,2023/24,2024-04-06,15:00,E0,32,31,Wolves,West Ham,1,2,A,1,0,H,T Harrington,14,11,7,4,15,7,4,4,5,2,0,0
2210,2023/24,2024-04-06,17:30,E0,5,1,Brighton,Arsenal,0,3,A,0,1,A,J Brooks,10,20,2,7,14,13,8,7,1,2,0,0
2211,2023/24,2024-04-07,15:30,E0,21,18,Man United,Liverpool,2,2,D,0,1,A,A Taylor,9,28,5,7,9,10,6,11,5,2,0,0
2212,2023/24,2024-04-07,17:30,E0,25,8,Sheffield United,Chelsea,2,2,D,1,1,D,R Jones,11,6,6,3,12,10,7,6,4,2,0,0
2213,2023/24,2024-04-07,18:00,E0,27,24,Tottenham,Nott'm Forest,3,1,H,1,1,D,S Hooper,17,13,7,6,11,12,12,2,2,3,0,0
2214,2023/24,2024-04-13,12:30,E0,22,27,Newcastle,Tottenham,4,0,H,2,0,H,T Robinson,18,11,5,2,14,12,16,3,0,4,0,0
2215,2023/24,2024-04-13,15:00,E0,4,25,Brentford,Sheffield United,2,0,H,0,0,D,S Barrott,9,8,5,2,8,11,3,6,3,1,0,0
2216,2023/24,2024-04-13,15:00,E0,6,5,Burnley,Brighton,1,1,D,0,0,D,S Hooper,11,20,3,8,18,8,4,5,1,2,0,0
2217,2023/24,2024-04-13,15:00,E0,20,19,Man City,Luton,5,1,H,1,0,H,J Brooks,33,4,13,2,7,6,12,1,1,0,0,0
2218,2023/24,2024-04-13,15:00,E0,24,32,Nott'm Forest,Wolves,2,2,D,1,1,D,C Pawson,18,11,9,4,15,10,10,1,2,3,0,0
2219,2023/24,2024-04-13,17:30,E0,3,21,Bournemouth,Man United,2,2,D,2,1,H,T Harrington,20,8,5,2,13,14,7,2,4,0,0,0
2220,2023/24,2024-04-14,14:00,E0,18,10,Liverpool,Crystal Palace,0,1,A,0,1,A,C Kavanagh,21,8,6,5,10,10,11,1,1,1,0,0
2221,2023/24,2024-04-14,14:00,E0,31,12,West Ham,Fulham,0,2,A,0,1,A,S Attwell,15,18,4,10,6,13,8,3,1,2,0,0
2222,2023/24,2024-04-14,16:30,E0,1,2,Arsenal,Aston Villa,0,2,A,0,0,D,D Coote,18,11,4,2,12,7,4,6,3,1,0,0
2223,2023/24,2024-04-15,20:00,E0,8,11,Chelsea,Everton,6,0,H,4,0,H,P Tierney,14,10,10,2,5,21,4,8,1,4,0,0
2224,2023/24,2024-04-20,15:00,E0,19,4,Luton,Brentford,1,5,A,0,2,A,J Gillett,6,21,3,9,13,9,4,9,1,2,0,0
2225,2023/24,2024-04-20,15:00,E0,25,6,Sheffield United,Burnley,1,4,A,0,2,A,A Madley,18,16,11,9,10,9,11,2,1,0,0,0
2226,2023/24,2024-04-20,19:30,E0,32,1,Wolves,Arsenal,0,2,A,0,1,A,P Tierney,5,24,3,9,14,9,1,2,3,2,0,0
2227,2023/24,2024-04-21,13:30,E0,11,24,Everton,Nott'm Forest,2,0,H,1,0,H,A Taylor,7,8,4,3,15,9,6,4,3,2,0,0
2228,2023/24,2024-04-21,15:00,E0,2,3,Aston Villa,Bournemouth,3,1,H,1,1,D,T Robinson,14,14,4,6,8,14,8,4,1,3,0,0
2229,2023/24,2024-04-21,15:00,E0,10,31,Crystal Palace,West Ham,5,2,H,4,1,H,G Scott,18,4,7,1,9,9,4,0,3,2,0,0
2230,2023/24,2024-04-21,16:30,E0,12,18,Fulham,Liverpool,1,3,A,1,1,D,C Pawson,12,14,5,7,5,11,1,4,3,0,0,0
2231,2023/24,2024-04-23,20:00,E0,1,8,Arsenal,Chelsea,5,0,H,1,0,H,S Hooper,27,7,10,1,12,11,4,2,2,2,0,0
2232,2023/24,2024-04-24,19:45,E0,32,3,Wolves,Bournemouth,0,1,A,0,1,A,S Attwell,15,21,4,6,10,17,8,12,4,1,0,1
2233,2023/24,2024-04-24,20:00,E0,10,22,Crystal Palace,Newcastle,2,0,H,0,0,D,T Bramall,20,7,7,2,10,15,7,2,3,3,0,0
2234,2023/24,2024-04-24,20:00,E0,11,18,Everton,Liverpool,2,0,H,1,0,H,A Madley,16,23,6,7,6,13,4,13,0,3,0,0
2235,2023/24,2024-04-24,20:00,E0,21,25,Man United,Sheffield United,4,2,H,1,1,D,M Salisbury,25,10,13,4,7,9,9,4,0,1,0,0
2236,2023/24,2024-04-25,20:00,E0,5,20,Brighton,Man City,0,4,A,0,3,A,J Gillett,7,14,3,6,10,3,4,4,2,0,0,0
2237,2023/24,2024-04-27,12:30,E0,31,18,West Ham,Liverpool,2,2,D,1,0,H,A Taylor,11,28,8,8,8,10,5,8,0,2,0,0
2238,2023/24,2024-04-27,15:00,E0,12,10,Fulham,Crystal Palace,1,1,D,0,0,D,S Attwell,9,14,2,4,11,15,5,9,0,2,0,0
2239,2023/24,2024-04-27,15:00,E0,21,6,Man United,Burnley,1,1,D,0,0,D,J Brooks,27,16,10,7,7,11,6,5,1,3,0,0
2240,2023/24,2024-04-27,15:00,E0,22,25,Newcastle,Sheffield United,5,1,H,1,1,D,T Harrington,20,15,7,5,9,10,4,5,0,0,0,0
2241,2023/24,2024-04-27,15:00,E0,32,19,Wolves,Luton,2,1,H,1,0,H,D Coote,13,9,5,6,14,14,4,4,3,1,0,0
2242,2023/24,2024-04-27,17:30,E0,11,4,Everton,Brentford,1,0,H,0,0,D,D England,18,10,1,4,10,12,6,6,1,2,0,0
2243,2023/24,2024-04-27,20:00,E0,2,8,Aston Villa,Chelsea,2,2,D,2,0,H,C Pawson,9,21,4,5,13,14,2,4,3,5,0,0
2244,2023/24,2024-04-28,14:00,E0,3,5,Bournemouth,Brighton,3,0,H,1,0,H,P Tierney,15,13,6,1,14,10,8,2,2,2,0,0
2245,2023/24,2024-04-28,14:00,E0,27,1,Tottenham,Arsenal,2,3,A,0,3,A,M Oliver,14,9,2,3,12,16,8,6,2,1,0,0
2246,2023/24,2024-04-28,16:30,E0,24,20,Nott'm Forest,Man City,0,2,A,0,1,A,S Hooper,14,11,2,5,8,6,4,5,0,0,0,0
2247,2023/24,2024-05-02,19:30,E0,8,27,Chelsea,Tottenham,2,0,H,1,0,H,R Jones,16,19,5,3,12,16,4,9,0,1,0,0
2248,2023/24,2024-05-03,20:00,E0,19,11,Luton,Everton,1,1,D,1,1,D,T Robinson,18,10,5,3,14,12,8,7,1,3,0,0
2249,2023/24,2024-05-04,12:30,E0,1,3,Arsenal,Bournemouth,3,0,H,1,0,H,D Coote,25,7,9,2,16,12,6,1,2,3,0,0
2250,2023/24,2024-05-04,15:00,E0,4,12,Brentford,Fulham,0,0,D,0,0,D,G Scott,7,15,3,3,3,6,7,6,1,1,0,0
2251,2023/24,2024-05-04,15:00,E0,6,22,Burnley,Newcastle,1,4,A,0,3,A,A Taylor,17,23,5,11,8,8,4,11,2,2,0,0
2252,2023/24,2024-05-04,15:00,E0,25,24,Sheffield United,Nott'm Forest,1,3,A,1,1,D,C Kavanagh,17,15,5,4,9,7,5,3,0,1,1,0
2253,2023/24,2024-05-04,17:30,E0,20,32,Man City,Wolves,5,1,H,3,0,H,C Pawson,20,2,12,1,4,17,6,0,0,4,0,0
2254,2023/24,2024-05-05,14:00,E0,5,2,Brighton,Aston Villa,1,0,H,0,0,D,R Jones,15,2,8,1,13,10,7,3,2,1,0,0
2255,2023/24,2024-05-05,14:00,E0,8,31,Chelsea,West Ham,5,0,H,3,0,H,A Madley,25,13,14,2,12,10,8,6,1,3,0,0
2256,2023/24,2024-05-05,16:30,E0,18,27,Liverpool,Tottenham,4,2,H,2,0,H,P Tierney,25,11,13,6,14,12,8,3,1,4,0,0
2257,2023/24,2024-05-06,20:00,E0,10,21,Crystal Palace,Man United,4,0,H,2,0,H,J Gillett ,18,7,10,2,12,8,6,3,1,1,0,0
2258,2023/24,2024-05-11,12:30,E0,12,20,Fulham,Man City,0,4,A,0,1,A,A Taylor,1,16,1,9,9,6,1,7,1,0,1,0
2259,2023/24,2024-05-11,15:00,E0,3,4,Bournemouth,Brentford,1,2,A,0,0,D,M Donohue,13,11,4,5,16,12,3,8,2,2,0,0
2260,2023/24,2024-05-11,15:00,E0,11,25,Everton,Sheffield United,1,0,H,1,0,H,S Attwell,15,13,6,1,6,11,3,6,1,2,0,0
2261,2023/24,2024-05-11,15:00,E0,22,5,Newcastle,Brighton,1,1,D,1,1,D,D England,18,15,7,4,9,16,8,4,3,4,0,0
2262,2023/24,2024-05-11,15:00,E0,27,6,Tottenham,Burnley,2,1,H,1,1,D,J Gillett,21,7,9,3,10,14,9,3,3,5,0,0
2263,2023/24,2024-05-11,15:00,E0,31,19,West Ham,Luton,3,1,H,0,1,A,M Oliver,24,4,8,1,9,15,7,6,1,3,0,0
2264,2023/24,2024-05-11,15:00,E0,32,10,Wolves,Crystal Palace,1,3,A,0,2,A,T Bramall,13,13,7,3,13,12,8,3,3,2,0,1
2265,2023/24,2024-05-11,17:30,E0,24,8,Nott'm Forest,Chelsea,2,3,A,1,1,D,T Harrington,20,12,4,5,14,8,5,6,2,3,0,0
2266,2023/24,2024-05-12,16:30,E0,21,1,Man United,Arsenal,0,1,A,0,1,A,P Tierney,14,11,2,5,5,6,4,7,0,2,0,0
2267,2023/24,2024-05-13,20:00,E0,2,18,Aston Villa,Liverpool,3,3,D,1,2,A,S Hooper,19,14,5,7,11,15,5,4,1,1,0,0
2268,2023/24,2024-05-14,20:00,E0,27,20,Tottenham,Man City,0,2,A,0,0,D,C Kavanagh,10,8,5,5,14,11,7,4,3,3,0,0
2269,2023/24,2024-05-15,19:45,E0,5,8,Brighton,Chelsea,1,2,A,0,1,A,M Salisbury,12,13,2,6,13,14,4,6,2,2,0,1
2270,2023/24,2024-05-15,20:00,E0,21,22,Man United,Newcastle,3,2,H,1,0,H,R Jones,17,21,8,8,16,7,9,9,3,3,0,0
2271,2023/24,2024-05-19,16:00,E0,1,11,Arsenal,Everton,2,1,H,1,1,D,M Oliver,26,5,5,2,8,11,8,1,4,3,0,0
2272,2023/24,2024-05-19,16:00,E0,4,22,Brentford,Newcastle,2,4,A,0,3,A,S Hooper,10,12,5,7,15,11,3,0,4,4,0,0
2273,2023/24,2024-05-19,16:00,E0,5,21,Brighton,Man United,0,2,A,0,0,D,C Pawson,17,11,3,4,10,9,7,5,1,3,0,0
2274,2023/24,2024-05-19,16:00,E0,6,24,Burnley,Nott'm Forest,1,2,A,0,2,A,G Scott,20,12,3,6,11,5,4,3,1,0,0,0
2275,2023/24,2024-05-19,16:00,E0,8,3,Chelsea,Bournemouth,2,1,H,1,0,H,A Taylor,16,22,6,5,5,9,6,5,2,3,0,0
2276,2023/24,2024-05-19,16:00,E0,10,2,Crystal Palace,Aston Villa,5,0,H,2,0,H,D Bond,15,8,9,2,10,8,2,4,1,4,0,0
2277,2023/24,2024-05-19,16:00,E0,18,32,Liverpool,Wolves,2,0,H,2,0,H,C Kavanagh,36,4,14,3,14,11,10,2,1,1,0,1
2278,2023/24,2024-05-19,16:00,E0,19,12,Luton,Fulham,2,4,A,1,2,A,M Donohue,15,15,6,7,15,20,4,4,5,4,0,0
2279,2023/24,2024-05-19,16:00,E0,20,31,Man City,West Ham,3,1,H,2,1,H,J Brooks,28,3,12,2,3,12,11,2,0,1,0,0
2280,2023/24,2024-05-19,16:00,E0,25,27,Sheffield United,Tottenham,0,3,A,0,1,A,A Madley,6,18,1,9,11,9,2,6,2,0,0,0
2281,2024/25,2024-08-16,20:00,E0,21,12,Man United,Fulham,1,0,H,0,0,D,R Jones,14,10,5,2,12,10,7,8,2,3,0,0
2282,2024/25,2024-08-17,12:30,E0,15,18,Ipswich,Liverpool,0,2,A,0,0,D,T Robinson,7,18,2,5,9,18,2,10,3,1,0,0
2283,2024/25,2024-08-17,15:00,E0,1,32,Arsenal,Wolves,2,0,H,1,0,H,J Gillett,18,9,6,3,17,14,8,2,2,2,0,0
2284,2024/25,2024-08-17,15:00,E0,11,5,Everton,Brighton,0,3,A,0,1,A,S Hooper,9,10,1,5,8,8,1,5,1,1,1,0
2285,2024/25,2024-08-17,15:00,E0,22,26,Newcastle,Southampton,1,0,H,1,0,H,C Pawson,3,19,1,4,15,16,3,12,2,4,1,0
2286,2024/25,2024-08-17,15:00,E0,24,3,Nott'm Forest,Bournemouth,1,1,D,1,0,H,M Oliver,14,13,8,4,17,8,2,6,1,3,0,0
2287,2024/25,2024-08-17,17:30,E0,31,2,West Ham,Aston Villa,1,2,A,1,1,D,T Harrington,14,15,3,3,18,11,5,3,1,2,0,0
2288,2024/25,2024-08-18,14:00,E0,4,10,Brentford,Crystal Palace,2,1,H,1,0,H,S Barrott,9,14,5,6,6,15,4,7,1,5,0,0
2289,2024/25,2024-08-18,16:30,E0,8,20,Chelsea,Man City,0,2,A,0,1,A,A Taylor,10,11,3,5,12,9,4,3,1,1,0,0
2290,2024/25,2024-08-19,20:00,E0,17,27,Leicester,Tottenham,1,1,D,0,1,A,C Kavanagh,7,15,3,7,11,12,2,13,1,1,0,0
2291,2024/25,2024-08-24,12:30,E0,5,21,Brighton,Man United,2,1,H,1,0,H,C Pawson,14,11,5,4,9,13,4,4,1,2,0,0
2292,2024/25,2024-08-24,15:00,E0,10,31,Crystal Palace,West Ham,0,2,A,0,0,D,R Jones,14,18,2,3,9,17,3,3,1,1,0,0
2293,2024/25,2024-08-24,15:00,E0,12,17,Fulham,Leicester,2,1,H,1,1,D,D Bond,18,10,6,4,14,13,7,5,2,2,0,0
2294,2024/25,2024-08-24,15:00,E0,20,15,Man City,Ipswich,4,1,H,3,1,H,M Salisbury,14,1,5,1,4,15,10,1,2,3,0,0
2295,2024/25,2024-08-24,15:00,E0,26,24,Southampton,Nott'm Forest,0,1,A,0,0,D,S Barrott,5,23,1,8,14,14,4,10,3,3,0,0
2296,2024/25,2024-08-24,15:00,E0,27,11,Tottenham,Everton,4,0,H,2,0,H,A Taylor,13,10,7,1,11,15,12,5,0,0,0,0
2297,2024/25,2024-08-24,17:30,E0,2,1,Aston Villa,Arsenal,0,2,A,0,0,D,M Oliver,11,9,3,4,8,15,4,1,1,3,0,0
2298,2024/25,2024-08-25,14:00,E0,3,22,Bournemouth,Newcastle,1,1,D,1,0,H,D Coote,16,14,4,5,19,8,8,9,2,2,0,0
2299,2024/25,2024-08-25,14:00,E0,32,8,Wolves,Chelsea,2,6,A,2,2,D,D England,12,14,4,8,13,13,5,5,2,3,0,0
2300,2024/25,2024-08-25,16:30,E0,18,4,Liverpool,Brentford,2,0,H,1,0,H,S Attwell,19,8,8,2,10,7,9,4,2,3,0,0
2301,2024/25,2024-08-31,12:30,E0,1,5,Arsenal,Brighton,1,1,D,1,0,H,C Kavanagh,11,22,7,4,12,7,3,7,3,2,1,0
2302,2024/25,2024-08-31,15:00,E0,4,26,Brentford,Southampton,3,1,H,1,0,H,J Smith,20,18,7,6,10,7,2,8,2,1,0,0
2303,2024/25,2024-08-31,15:00,E0,11,3,Everton,Bournemouth,2,3,A,0,0,D,S Attwell,18,17,8,7,6,1,8,4,2,1,0,0
2304,2024/25,2024-08-31,15:00,E0,15,12,Ipswich,Fulham,1,1,D,1,1,D,L Smith,11,9,4,4,15,15,8,6,2,3,0,0
2305,2024/25,2024-08-31,15:00,E0,17,2,Leicester,Aston Villa,1,2,A,0,1,A,D Coote,9,10,3,5,13,21,1,4,4,5,0,0
2306,2024/25,2024-08-31,15:00,E0,24,32,Nott'm Forest,Wolves,1,1,D,1,1,D,S Hooper,16,11,5,3,15,18,7,3,3,4,0,0
2307,2024/25,2024-08-31,17:30,E0,31,20,West Ham,Man City,1,3,A,1,2,A,M Oliver,10,23,2,8,10,3,3,11,3,2,0,0
2308,2024/25,2024-09-01,13:30,E0,8,10,Chelsea,Crystal Palace,1,1,D,1,0,H,J Gillett,13,9,7,3,9,13,4,5,4,2,0,0
2309,2024/25,2024-09-01,13:30,E0,22,27,Newcastle,Tottenham,2,1,H,1,0,H,R Jones,9,20,3,6,16,13,7,12,4,4,0,0
2310,2024/25,2024-09-01,16:00,E0,21,18,Man United,Liverpool,0,3,A,0,2,A,A Taylor,8,11,3,3,7,7,5,2,4,1,0,0
2311,2024/25,2024-09-14,12:30,E0,26,21,Southampton,Man United,0,3,A,0,2,A,S Attwell,6,20,4,10,11,14,0,7,1,4,1,0
2312,2024/25,2024-09-14,15:00,E0,5,15,Brighton,Ipswich,0,0,D,0,0,D,S Barrott,21,6,6,1,14,16,9,2,4,3,0,0
2313,2024/25,2024-09-14,15:00,E0,10,17,Crystal Palace,Leicester,2,2,D,0,1,A,T Harrington,20,9,4,4,11,15,5,2,0,3,0,0
2314,2024/25,2024-09-14,15:00,E0,12,31,Fulham,West Ham,1,1,D,1,0,H,T Robinson,21,11,5,3,15,18,3,2,2,3,0,0
2315,2024/25,2024-09-14,15:00,E0,18,24,Liverpool,Nott'm Forest,0,1,A,0,0,D,M Oliver,14,5,5,3,15,6,7,2,4,4,0,0
2316,2024/25,2024-09-14,15:00,E0,20,4,Man City,Brentford,2,1,H,2,1,H,D Bond,18,8,7,5,9,3,12,3,3,1,0,0
2317,2024/25,2024-09-14,17:30,E0,2,11,Aston Villa,Everton,3,2,H,1,2,A,C Pawson,17,6,8,2,10,12,6,2,1,4,0,0
2318,2024/25,2024-09-14,20:00,E0,3,8,Bournemouth,Chelsea,0,1,A,0,0,D,A Taylor,19,10,7,3,16,9,6,3,6,8,0,0
2319,2024/25,2024-09-15,14:00,E0,27,1,Tottenham,Arsenal,0,1,A,0,0,D,J Gillett,15,7,5,4,13,10,7,6,5,3,0,0
2320,2024/25,2024-09-15,16:30,E0,32,22,Wolves,Newcastle,1,2,A,1,0,H,C Kavanagh,12,14,5,6,17,6,4,7,3,3,0,0
2321,2024/25,2024-09-21,12:30,E0,31,8,West Ham,Chelsea,0,3,A,0,2,A,S Barrott,15,12,7,5,17,9,6,5,5,2,0,0
2322,2024/25,2024-09-21,15:00,E0,2,32,Aston Villa,Wolves,3,1,H,0,1,A,T Robinson,9,10,4,4,11,16,6,5,3,6,0,0
2323,2024/25,2024-09-21,15:00,E0,12,22,Fulham,Newcastle,3,1,H,2,0,H,P Bankes,22,15,11,4,16,8,6,0,6,0,0,0
2324,2024/25,2024-09-21,15:00,E0,17,11,Leicester,Everton,1,1,D,0,1,A,D England,12,16,2,5,11,12,6,1,1,2,0,0
2325,2024/25,2024-09-21,15:00,E0,18,3,Liverpool,Bournemouth,3,0,H,3,0,H,T Harrington,19,19,13,6,10,12,3,9,1,4,0,0
2326,2024/25,2024-09-21,15:00,E0,26,15,Southampton,Ipswich,1,1,D,1,0,H,S Allison,11,13,3,6,16,16,2,10,4,4,0,0
2327,2024/25,2024-09-21,15:00,E0,27,4,Tottenham,Brentford,3,1,H,2,1,H,J Brooks,23,6,10,6,11,9,9,4,3,1,0,0
2328,2024/25,2024-09-21,17:30,E0,10,21,Crystal Palace,Man United,0,0,D,0,0,D,D Coote,9,15,4,6,7,12,4,11,3,1,0,0
2329,2024/25,2024-09-22,14:00,E0,5,24,Brighton,Nott'm Forest,2,2,D,2,1,H,R Jones,14,4,3,3,12,11,9,1,3,4,0,1
2330,2024/25,2024-09-22,16:30,E0,20,1,Man City,Arsenal,2,2,D,1,2,A,M Oliver,33,5,11,3,7,10,8,2,3,4,0,1
2331,2024/25,2024-09-28,12:30,E0,22,20,Newcastle,Man City,1,1,D,0,1,A,J Gillett,11,16,4,6,14,10,5,6,4,4,0,0
2332,2024/25,2024-09-28,15:00,E0,1,17,Arsenal,Leicester,4,2,H,2,0,H,S Barrott,36,5,16,3,11,6,17,0,2,4,0,0
2333,2024/25,2024-09-28,15:00,E0,4,31,Brentford,West Ham,1,1,D,1,0,H,S Hooper,8,19,3,3,2,11,7,7,2,3,0,0
2334,2024/25,2024-09-28,15:00,E0,8,5,Chelsea,Brighton,4,2,H,4,2,H,P Bankes,15,15,7,5,11,8,8,2,3,2,0,0
2335,2024/25,2024-09-28,15:00,E0,11,10,Everton,Crystal Palace,2,1,H,0,1,A,A Madley,8,17,2,5,13,11,5,8,2,1,0,0
2336,2024/25,2024-09-28,15:00,E0,24,12,Nott'm Forest,Fulham,0,1,A,0,0,D,J Smith,11,14,1,2,11,15,6,5,2,4,0,0
2337,2024/25,2024-09-28,17:30,E0,32,18,Wolves,Liverpool,1,2,A,0,1,A,A Taylor,8,10,3,6,16,8,2,10,2,3,0,0
2338,2024/25,2024-09-29,14:00,E0,15,2,Ipswich,Aston Villa,2,2,D,1,2,A,S Attwell,15,7,5,3,10,14,10,0,4,1,0,0
2339,2024/25,2024-09-29,16:30,E0,21,27,Man United,Tottenham,0,3,A,0,1,A,C Kavanagh,11,24,2,10,16,14,5,3,5,3,1,0
2340,2024/25,2024-09-30,20:00,E0,3,26,Bournemouth,Southampton,3,1,H,3,0,H,M Oliver,14,9,6,3,19,12,7,4,2,5,0,0
2341,2024/25,2024-10-05,12:30,E0,10,18,Crystal Palace,Liverpool,0,1,A,0,1,A,S Hooper,9,16,5,4,7,15,3,8,4,2,0,0
2342,2024/25,2024-10-05,15:00,E0,1,26,Arsenal,Southampton,3,1,H,0,0,D,T Harrington,29,8,6,2,10,9,13,1,0,3,0,0
2343,2024/25,2024-10-05,15:00,E0,4,32,Brentford,Wolves,5,3,H,4,2,H,A Madley,19,17,12,6,9,10,10,3,2,3,0,0
2344,2024/25,2024-10-05,15:00,E0,17,3,Leicester,Bournemouth,1,0,H,1,0,H,D Bond,6,17,2,2,12,14,0,9,4,1,0,0
2345,2024/25,2024-10-05,15:00,E0,20,12,Man City,Fulham,3,2,H,1,1,D,P Bankes,20,11,7,4,4,10,8,3,2,1,0,0
2346,2024/25,2024-10-05,15:00,E0,31,15,West Ham,Ipswich,4,1,H,2,1,H,A Taylor,23,9,13,2,12,6,5,5,0,1,0,0
2347,2024/25,2024-10-05,17:30,E0,11,22,Everton,Newcastle,0,0,D,0,0,D,C Pawson,8,14,2,3,12,8,0,10,1,2,0,0
2348,2024/25,2024-10-06,14:00,E0,2,21,Aston Villa,Man United,0,0,D,0,0,D,R Jones,11,10,1,4,12,11,6,3,1,5,0,0
2349,2024/25,2024-10-06,14:00,E0,8,24,Chelsea,Nott'm Forest,1,1,D,0,0,D,C Kavanagh,22,16,8,9,12,11,11,3,6,2,0,1
2350,2024/25,2024-10-06,16:30,E0,5,27,Brighton,Tottenham,3,2,H,0,2,A,D Coote,11,13,4,3,14,10,4,7,2,2,0,0
2351,2024/25,2024-10-19,12:30,E0,27,31,Tottenham,West Ham,4,1,H,1,1,D,A Madley,22,11,7,4,10,15,13,5,1,3,0,1
2352,2024/25,2024-10-19,15:00,E0,12,2,Fulham,Aston Villa,1,3,A,1,1,D,D England,10,14,4,5,8,11,6,11,3,3,1,1
2353,2024/25,2024-10-19,15:00,E0,15,11,Ipswich,Everton,0,2,A,0,2,A,M Oliver,13,11,2,8,12,10,5,8,1,1,0,0
2354,2024/25,2024-10-19,15:00,E0,21,4,Man United,Brentford,2,1,H,0,1,A,S Barrott,23,8,11,2,14,5,9,2,2,2,0,0
2355,2024/25,2024-10-19,15:00,E0,22,5,Newcastle,Brighton,0,1,A,0,1,A,P Bankes,21,10,6,5,11,9,9,4,2,2,0,0
2356,2024/25,2024-10-19,15:00,E0,26,17,Southampton,Leicester,2,3,A,2,0,H,A Taylor,14,18,7,4,10,10,10,6,5,3,1,0
2357,2024/25,2024-10-19,17:30,E0,3,1,Bournemouth,Arsenal,2,0,H,0,0,D,R Jones,13,6,4,1,12,11,7,4,1,1,0,1
2358,2024/25,2024-10-20,14:00,E0,32,20,Wolves,Man City,1,2,A,1,1,D,C Kavanagh,3,22,2,7,8,5,1,18,4,1,0,0
2359,2024/25,2024-10-20,16:30,E0,18,8,Liverpool,Chelsea,2,1,H,1,0,H,J Brooks,9,12,5,2,12,13,1,6,4,3,0,0
2360,2024/25,2024-10-21,20:00,E0,24,10,Nott'm Forest,Crystal Palace,1,0,H,0,0,D,T Robinson,20,20,6,7,9,12,6,6,2,3,0,0
2361,2024/25,2024-10-25,20:00,E0,17,24,Leicester,Nott'm Forest,1,3,A,1,1,D,C Pawson,11,20,1,5,16,9,6,7,5,2,0,0
2362,2024/25,2024-10-26,15:00,E0,2,3,Aston Villa,Bournemouth,1,1,D,0,0,D,A Madley,18,11,8,3,12,14,9,7,7,6,0,0
2363,2024/25,2024-10-26,15:00,E0,4,15,Brentford,Ipswich,4,3,H,2,2,D,L Smith,20,11,9,5,7,10,5,5,0,1,0,1
2364,2024/25,2024-10-26,15:00,E0,5,32,Brighton,Wolves,2,2,D,1,0,H,M Oliver,19,14,6,7,12,10,9,6,3,3,0,0
2365,2024/25,2024-10-26,15:00,E0,20,26,Man City,Southampton,1,0,H,1,0,H,T Harrington,22,5,8,2,9,9,12,1,1,3,0,0
2366,2024/25,2024-10-26,17:30,E0,11,12,Everton,Fulham,1,1,D,0,0,D,J Brooks,10,14,5,3,8,8,4,2,1,0,0,0
2367,2024/25,2024-10-27,14:00,E0,8,22,Chelsea,Newcastle,2,1,H,1,1,D,S Hooper,17,11,7,3,13,16,7,4,6,3,0,0
2368,2024/25,2024-10-27,14:00,E0,10,27,Crystal Palace,Tottenham,1,0,H,1,0,H,D Bond,14,11,6,3,16,12,8,8,4,4,0,0
2369,2024/25,2024-10-27,14:00,E0,31,21,West Ham,Man United,2,1,H,0,0,D,D Coote,12,18,3,5,6,7,6,5,5,1,0,0
2370,2024/25,2024-10-27,16:30,E0,1,18,Arsenal,Liverpool,2,2,D,2,1,H,A Taylor,9,9,3,4,14,14,1,3,2,2,0,0
2371,2024/25,2024-11-02,12:30,E0,22,1,Newcastle,Arsenal,1,0,H,1,0,H,J Brooks,9,10,4,1,16,18,4,6,4,4,0,0
2372,2024/25,2024-11-02,15:00,E0,3,20,Bournemouth,Man City,2,1,H,1,0,H,M Oliver,12,18,6,4,11,6,3,10,2,1,0,0
2373,2024/25,2024-11-02,15:00,E0,15,17,Ipswich,Leicester,1,1,D,0,0,D,T Robinson,14,20,2,6,11,10,4,6,4,2,1,0
2374,2024/25,2024-11-02,15:00,E0,18,5,Liverpool,Brighton,2,1,H,0,1,A,T Harrington,16,13,8,5,10,18,10,7,1,1,0,0
2375,2024/25,2024-11-02,15:00,E0,24,31,Nott'm Forest,West Ham,3,0,H,1,0,H,P Bankes,19,4,6,2,7,9,11,6,1,2,0,1
2376,2024/25,2024-11-02,15:00,E0,26,11,Southampton,Everton,1,0,H,0,0,D,A Madley,9,16,2,5,14,18,3,6,4,2,0,0
2377,2024/25,2024-11-02,17:30,E0,32,10,Wolves,Crystal Palace,2,2,D,0,0,D,A Taylor,11,19,6,7,7,9,3,6,1,2,0,0
2378,2024/25,2024-11-03,14:00,E0,27,2,Tottenham,Aston Villa,4,1,H,0,1,A,C Pawson,16,12,6,1,14,14,6,4,2,0,0,0
2379,2024/25,2024-11-03,16:30,E0,21,8,Man United,Chelsea,1,1,D,0,0,D,R Jones,11,12,4,3,19,14,4,8,6,2,0,0
2380,2024/25,2024-11-04,20:00,E0,12,4,Fulham,Brentford,2,1,H,0,1,A,S Attwell,26,5,12,2,3,10,11,3,2,1,0,0
2381,2024/25,2024-11-09,15:00,E0,4,3,Brentford,Bournemouth,3,2,H,1,1,D,D Bond,12,15,6,3,8,16,6,4,2,4,0,0
2382,2024/25,2024-11-09,15:00,E0,10,12,Crystal Palace,Fulham,0,2,A,0,1,A,M Salisbury,13,17,5,7,10,11,1,8,1,1,1,0
2383,2024/25,2024-11-09,15:00,E0,31,11,West Ham,Everton,0,0,D,0,0,D,S Attwell,11,18,6,4,10,9,7,6,1,2,0,0
2384,2024/25,2024-11-09,15:00,E0,32,26,Wolves,Southampton,2,0,H,1,0,H,T Bramall,8,9,4,0,14,12,1,9,1,4,0,0
2385,2024/25,2024-11-09,17:30,E0,5,20,Brighton,Man City,2,1,H,0,1,A,S Barrott,10,15,4,6,12,10,0,4,3,3,0,0
2386,2024/25,2024-11-09,20:00,E0,18,2,Liverpool,Aston Villa,2,0,H,1,0,H,D Coote,14,12,5,2,11,15,2,9,0,3,0,0
2387,2024/25,2024-11-10,14:00,E0,21,17,Man United,Leicester,3,0,H,2,0,H,P Bankes,13,6,3,5,9,5,1,5,0,1,0,0
2388,2024/25,2024-11-10,14:00,E0,24,22,Nott'm Forest,Newcastle,1,3,A,1,0,H,A Taylor,9,17,3,6,13,6,4,5,1,1,0,0
2389,2024/25,2024-11-10,14:00,E0,27,15,Tottenham,Ipswich,1,2,A,0,2,A,D England,17,8,5,3,10,19,12,2,1,5,0,0
2390,2024/25,2024-11-10,16:30,E0,8,1,Chelsea,Arsenal,1,1,D,0,0,D,M Oliver,17,13,3,3,12,12,4,3,4,2,0,0
2391,2024/25,2024-11-23,12:30,E0,17,8,Leicester,Chelsea,1,2,A,0,1,A,A Madley,4,16,1,7,15,12,2,9,4,3,0,0
2392,2024/25,2024-11-23,15:00,E0,1,24,Arsenal,Nott'm Forest,3,0,H,1,0,H,S Hooper,19,7,7,0,10,1,8,1,3,2,0,0
2393,2024/25,2024-11-23,15:00,E0,2,10,Aston Villa,Crystal Palace,2,2,D,1,2,A,T Robinson,17,13,5,6,10,11,10,1,3,2,0,0
2394,2024/25,2024-11-23,15:00,E0,3,5,Bournemouth,Brighton,1,2,A,0,1,A,S Attwell,19,6,5,4,13,10,7,0,2,2,0,1
2395,2024/25,2024-11-23,15:00,E0,11,4,Everton,Brentford,0,0,D,0,0,D,C Kavanagh,27,9,5,2,8,10,10,4,0,0,0,1
2396,2024/25,2024-11-23,15:00,E0,12,32,Fulham,Wolves,1,4,A,1,1,D,R Jones,10,10,3,5,14,14,7,2,3,0,0,0
2397,2024/25,2024-11-23,17:30,E0,20,27,Man City,Tottenham,0,4,A,0,2,A,J Brooks,23,9,5,7,19,9,9,3,4,2,0,0
2398,2024/25,2024-11-24,14:00,E0,26,18,Southampton,Liverpool,2,3,A,1,1,D,S Barrott,7,27,5,11,11,9,3,10,3,4,0,0
2399,2024/25,2024-11-24,16:30,E0,15,21,Ipswich,Man United,1,1,D,1,1,D,A Taylor,11,11,6,4,11,10,4,3,0,0,0,0
2400,2024/25,2024-11-25,20:00,E0,22,31,Newcastle,West Ham,0,2,A,0,1,A,C Pawson,18,15,2,6,11,8,8,3,1,0,0,0
2401,2024/25,2024-11-29,20:00,E0,5,26,Brighton,Southampton,1,1,D,1,0,H,R Jones,22,10,5,2,20,16,7,6,2,4,0,0
2402,2024/25,2024-11-30,15:00,E0,4,17,Brentford,Leicester,4,1,H,3,1,H,M Oliver,13,7,6,3,9,10,5,4,1,1,0,0
2403,2024/25,2024-11-30,15:00,E0,10,22,Crystal Palace,Newcastle,1,1,D,0,0,D,D England,16,1,4,0,12,11,8,9,3,3,0,0
2404,2024/25,2024-11-30,15:00,E0,24,15,Nott'm Forest,Ipswich,1,0,H,0,0,D,T Harrington,12,7,5,3,5,16,8,7,1,3,0,0
2405,2024/25,2024-11-30,15:00,E0,32,3,Wolves,Bournemouth,2,4,A,1,3,A,P Bankes,10,12,3,8,13,11,3,4,4,1,0,0
2406,2024/25,2024-11-30,17:30,E0,31,1,West Ham,Arsenal,2,5,A,2,5,A,A Taylor,12,16,5,7,10,13,2,10,4,1,0,0
2407,2024/25,2024-12-01,13:30,E0,8,2,Chelsea,Aston Villa,3,0,H,2,0,H,S Attwell,17,10,8,4,21,6,3,4,2,2,0,0
2408,2024/25,2024-12-01,13:30,E0,21,11,Man United,Everton,4,0,H,2,0,H,J Brooks,11,8,5,2,12,12,2,2,2,3,0,0
2409,2024/25,2024-12-01,13:30,E0,27,12,Tottenham,Fulham,1,1,D,0,0,D,D Bond,8,14,3,6,4,14,7,11,0,1,0,1
2410,2024/25,2024-12-01,16:00,E0,18,20,Liverpool,Man City,2,0,H,1,0,H,C Kavanagh,18,8,7,2,9,8,7,4,1,3,0,0
2411,2024/25,2024-12-03,19:30,E0,15,10,Ipswich,Crystal Palace,0,1,A,0,0,D,C Pawson,9,13,2,3,14,13,4,7,2,4,0,0
2412,2024/25,2024-12-03,20:15,E0,17,31,Leicester,West Ham,3,1,H,1,0,H,J Smith,8,31,6,10,9,7,3,9,2,2,0,0
2413,2024/25,2024-12-04,19:30,E0,11,32,Everton,Wolves,4,0,H,2,0,H,M Salisbury,13,6,4,2,10,8,3,4,2,0,0,0
2414,2024/25,2024-12-04,19:30,E0,20,24,Man City,Nott'm Forest,3,0,H,2,0,H,M Oliver,17,12,7,3,7,15,8,2,2,4,0,0
2415,2024/25,2024-12-04,19:30,E0,22,18,Newcastle,Liverpool,3,3,D,1,0,H,A Madley,17,16,6,5,9,17,5,6,2,5,0,0
2416,2024/25,2024-12-04,19:30,E0,26,8,Southampton,Chelsea,1,5,A,1,3,A,T Harrington,6,26,4,13,7,14,5,7,1,0,1,0
2417,2024/25,2024-12-04,20:15,E0,1,21,Arsenal,Man United,2,0,H,0,0,D,S Barrott,14,5,6,2,12,8,13,0,1,3,0,0
2418,2024/25,2024-12-04,20:15,E0,2,4,Aston Villa,Brentford,3,1,H,3,0,H,L Smith,20,9,10,1,11,15,10,5,2,2,0,0
2419,2024/25,2024-12-05,19:30,E0,12,5,Fulham,Brighton,3,1,H,1,0,H,P Bankes,6,13,2,3,7,8,5,6,2,2,0,0
2420,2024/25,2024-12-05,20:15,E0,3,27,Bournemouth,Tottenham,1,0,H,1,0,H,S Hooper,21,12,8,4,15,8,5,9,2,2,0,0
2421,2024/25,2024-12-07,15:00,E0,2,26,Aston Villa,Southampton,1,0,H,1,0,H,D Bond,18,4,5,0,18,15,14,1,1,3,0,0
2422,2024/25,2024-12-07,15:00,E0,4,22,Brentford,Newcastle,4,2,H,2,2,D,T Robinson,11,16,8,3,10,7,3,4,3,0,0,0
2423,2024/25,2024-12-07,15:00,E0,10,20,Crystal Palace,Man City,2,2,D,1,1,D,R Jones,12,12,3,4,4,10,6,8,1,0,0,1
2424,2024/25,2024-12-07,17:30,E0,21,24,Man United,Nott'm Forest,2,3,A,1,1,D,D England,17,11,7,3,10,13,5,3,0,2,0,0
2425,2024/25,2024-12-08,14:00,E0,12,1,Fulham,Arsenal,1,1,D,1,0,H,C Kavanagh,2,12,2,4,10,9,0,6,4,2,0,0
2426,2024/25,2024-12-08,14:00,E0,15,3,Ipswich,Bournemouth,1,2,A,1,0,H,M Salisbury,18,22,5,6,9,13,6,13,2,1,0,0
2427,2024/25,2024-12-08,14:00,E0,17,5,Leicester,Brighton,2,2,D,0,1,A,S Attwell,10,16,3,7,9,10,5,5,1,2,0,0
2428,2024/25,2024-12-08,16:30,E0,27,8,Tottenham,Chelsea,3,4,A,2,1,H,A Taylor,13,17,5,8,17,11,5,10,2,2,0,0
2429,2024/25,2024-12-09,20:00,E0,31,32,West Ham,Wolves,2,1,H,0,0,D,J Brooks,19,19,4,5,12,17,11,0,5,4,0,0
2430,2024/25,2024-12-14,15:00,E0,1,11,Arsenal,Everton,0,0,D,0,0,D,C Pawson,13,2,5,0,6,9,8,2,0,3,0,0
2431,2024/25,2024-12-14,15:00,E0,18,12,Liverpool,Fulham,2,2,D,0,1,A,T Harrington,16,12,4,3,10,7,5,4,3,4,1,0
2432,2024/25,2024-12-14,15:00,E0,22,17,Newcastle,Leicester,4,0,H,1,0,H,T Bramall,27,4,11,1,7,16,5,2,3,3,0,0
2433,2024/25,2024-12-14,15:00,E0,32,15,Wolves,Ipswich,1,2,A,0,1,A,S Hooper,16,10,6,5,13,9,7,3,0,2,1,0
2434,2024/25,2024-12-14,17:30,E0,24,2,Nott'm Forest,Aston Villa,2,1,H,0,0,D,S Barrott,17,8,6,2,12,6,4,3,0,1,0,0
2435,2024/25,2024-12-15,14:00,E0,5,10,Brighton,Crystal Palace,1,3,A,0,2,A,M Oliver,17,13,5,5,11,15,8,5,1,4,0,0
2436,2024/25,2024-12-15,16:30,E0,20,21,Man City,Man United,1,2,A,1,0,H,A Taylor,10,10,3,3,5,14,8,2,1,1,0,0
2437,2024/25,2024-12-15,19:00,E0,8,4,Chelsea,Brentford,2,1,H,1,0,H,P Bankes,26,9,8,4,11,7,8,5,0,2,1,0
2438,2024/25,2024-12-15,19:00,E0,26,27,Southampton,Tottenham,0,5,A,0,5,A,D England,9,18,3,9,8,15,2,5,1,3,0,0
2439,2024/25,2024-12-16,20:00,E0,3,31,Bournemouth,West Ham,1,1,D,0,0,D,C Kavanagh,29,16,9,3,6,11,12,6,0,2,0,0
2440,2024/25,2024-12-21,12:30,E0,2,20,Aston Villa,Man City,2,1,H,1,0,H,P Bankes,11,12,6,6,14,7,5,4,3,3,0,0
2441,2024/25,2024-12-21,15:00,E0,4,24,Brentford,Nott'm Forest,0,2,A,0,1,A,M Oliver,7,10,3,6,9,14,9,5,3,4,0,0
2442,2024/25,2024-12-21,15:00,E0,15,22,Ipswich,Newcastle,0,4,A,0,3,A,S Attwell,10,15,2,7,9,7,2,1,2,0,0,0
2443,2024/25,2024-12-21,15:00,E0,31,5,West Ham,Brighton,1,1,D,0,0,D,R Jones,11,12,4,6,14,20,8,4,2,2,0,0
2444,2024/25,2024-12-21,17:30,E0,10,1,Crystal Palace,Arsenal,1,5,A,1,3,A,S Hooper,15,14,6,6,9,8,3,3,2,2,0,0
2445,2024/25,2024-12-22,14:00,E0,11,8,Everton,Chelsea,0,0,D,0,0,D,C Kavanagh,5,12,4,5,20,12,2,5,4,1,0,0
2446,2024/25,2024-12-22,14:00,E0,12,26,Fulham,Southampton,0,0,D,0,0,D,T Robinson,16,5,5,1,8,15,6,5,1,3,0,0
2447,2024/25,2024-12-22,14:00,E0,17,32,Leicester,Wolves,0,3,A,0,3,A,A Taylor,9,8,5,4,15,16,6,1,2,0,0,0
2448,2024/25,2024-12-22,14:00,E0,21,3,Man United,Bournemouth,0,3,A,0,1,A,C Pawson,23,10,7,5,11,11,13,1,1,3,0,0
2449,2024/25,2024-12-22,16:30,E0,27,18,Tottenham,Liverpool,3,6,A,1,3,A,S Barrott,9,24,5,12,7,9,7,5,1,2,0,0
2450,2024/25,2024-12-26,12:30,E0,20,11,Man City,Everton,1,1,D,1,1,D,S Hooper,24,8,5,3,5,10,8,5,1,4,0,0
2451,2024/25,2024-12-26,15:00,E0,3,10,Bournemouth,Crystal Palace,0,0,D,0,0,D,T Bramall,18,10,4,4,13,12,5,2,2,2,0,0
2452,2024/25,2024-12-26,15:00,E0,8,12,Chelsea,Fulham,1,2,A,1,0,H,S Barrott,12,14,8,7,13,13,3,1,1,3,0,0
2453,2024/25,2024-12-26,15:00,E0,22,2,Newcastle,Aston Villa,3,0,H,1,0,H,A Taylor,22,4,8,1,15,10,9,6,2,1,0,1
2454,2024/25,2024-12-26,15:00,E0,24,27,Nott'm Forest,Tottenham,1,0,H,1,0,H,C Pawson,10,13,3,4,12,13,2,7,3,2,0,1
2455,2024/25,2024-12-26,15:00,E0,26,31,Southampton,West Ham,0,1,A,0,0,D,L Smith,18,16,5,2,15,8,2,2,1,2,0,0
2456,2024/25,2024-12-26,17:30,E0,32,21,Wolves,Man United,2,0,H,0,0,D,T Harrington,7,11,4,4,12,12,4,4,2,2,0,1
2457,2024/25,2024-12-26,20:00,E0,18,17,Liverpool,Leicester,3,1,H,1,1,D,D Bond,19,4,7,1,17,5,14,1,3,2,0,0
2458,2024/25,2024-12-27,19:30,E0,5,4,Brighton,Brentford,0,0,D,0,0,D,A Madley,24,8,7,3,6,12,5,3,0,2,0,0
2459,2024/25,2024-12-27,20:15,E0,1,15,Arsenal,Ipswich,1,0,H,1,0,H,D England,13,3,5,0,7,12,5,1,1,1,0,0
2460,2024/25,2024-12-29,14:30,E0,17,20,Leicester,Man City,0,2,A,0,1,A,M Oliver,11,14,4,5,11,6,4,4,2,1,0,0
2461,2024/25,2024-12-29,15:00,E0,10,26,Crystal Palace,Southampton,2,1,H,1,1,D,M Salisbury,19,7,10,3,18,19,8,7,2,3,0,0
2462,2024/25,2024-12-29,15:00,E0,11,24,Everton,Nott'm Forest,0,2,A,0,1,A,T Harrington,13,11,2,7,13,10,5,4,4,1,0,0
2463,2024/25,2024-12-29,15:00,E0,12,3,Fulham,Bournemouth,2,2,D,1,0,H,R Jones,11,16,6,9,7,16,1,7,1,3,0,0
2464,2024/25,2024-12-29,15:00,E0,27,32,Tottenham,Wolves,2,2,D,2,1,H,C Kavanagh,13,11,3,3,9,10,5,5,1,2,0,0
2465,2024/25,2024-12-29,17:15,E0,31,18,West Ham,Liverpool,0,5,A,0,3,A,A Taylor,7,22,0,13,7,10,3,6,0,0,0,0
2466,2024/25,2024-12-30,19:45,E0,2,5,Aston Villa,Brighton,2,2,D,1,1,D,C Pawson,20,13,4,4,9,14,12,3,2,3,0,0
2467,2024/25,2024-12-30,19:45,E0,15,8,Ipswich,Chelsea,2,0,H,1,0,H,J Brooks,9,20,6,5,9,5,4,7,4,4,0,0
2468,2024/25,2024-12-30,20:00,E0,21,22,Man United,Newcastle,0,2,A,0,2,A,S Hooper,10,12,0,4,13,8,2,3,1,1,0,0
2469,2024/25,2025-01-01,17:30,E0,4,1,Brentford,Arsenal,1,3,A,1,1,D,P Bankes,5,14,2,5,6,8,4,3,1,2,0,0
2470,2024/25,2025-01-04,12:30,E0,27,22,Tottenham,Newcastle,1,2,A,1,2,A,A Madley,13,14,4,4,11,15,9,10,1,4,0,0
2471,2024/25,2025-01-04,15:00,E0,2,17,Aston Villa,Leicester,2,1,H,0,0,D,J Gillett,13,4,5,2,10,11,7,2,0,1,0,0
2472,2024/25,2025-01-04,15:00,E0,3,11,Bournemouth,Everton,1,0,H,0,0,D,J Brooks,19,9,8,0,15,14,9,3,2,2,0,0
2473,2024/25,2025-01-04,15:00,E0,10,8,Crystal Palace,Chelsea,1,1,D,0,1,A,T Robinson,13,15,6,1,9,12,6,6,0,2,0,0
2474,2024/25,2025-01-04,15:00,E0,20,31,Man City,West Ham,4,1,H,2,0,H,M Salisbury,10,17,7,4,8,13,7,1,2,1,0,0
2475,2024/25,2025-01-04,15:00,E0,26,4,Southampton,Brentford,0,5,A,0,1,A,S Attwell,8,20,1,11,10,4,2,2,2,0,0,0
2476,2024/25,2025-01-04,17:30,E0,5,1,Brighton,Arsenal,1,1,D,0,1,A,A Taylor,11,9,4,3,17,14,2,5,2,3,0,0
2477,2024/25,2025-01-05,14:00,E0,12,15,Fulham,Ipswich,2,2,D,0,1,A,D Bond,15,7,4,3,10,14,9,2,1,5,0,0
2478,2024/25,2025-01-05,16:30,E0,18,21,Liverpool,Man United,2,2,D,0,0,D,M Oliver,19,13,6,4,10,13,6,9,2,4,0,0
2479,2024/25,2025-01-06,20:00,E0,32,24,Wolves,Nott'm Forest,0,3,A,0,2,A,P Bankes,13,11,6,3,10,8,5,3,1,2,0,0
2480,2024/25,2025-01-14,19:30,E0,4,20,Brentford,Man City,2,2,D,0,0,D,A Taylor,18,21,6,8,4,4,4,5,0,0,0,0
2481,2024/25,2025-01-14,19:30,E0,8,3,Chelsea,Bournemouth,2,2,D,1,0,H,R Jones,26,7,10,3,15,16,9,3,2,3,0,0
2482,2024/25,2025-01-14,19:30,E0,31,12,West Ham,Fulham,3,2,H,2,0,H,C Pawson,4,21,3,5,9,18,0,3,3,3,0,0
2483,2024/25,2025-01-14,20:00,E0,24,18,Nott'm Forest,Liverpool,1,1,D,1,0,H,C Kavanagh,6,23,3,7,7,10,0,9,2,1,0,0
2484,2024/25,2025-01-15,19:30,E0,11,2,Everton,Aston Villa,0,1,A,0,0,D,S Barrott,10,11,3,3,17,10,8,5,2,1,0,0
2485,2024/25,2025-01-15,19:30,E0,17,10,Leicester,Crystal Palace,0,2,A,0,0,D,A Madley,21,9,4,4,7,6,4,3,0,0,0,0
2486,2024/25,2025-01-15,19:30,E0,22,32,Newcastle,Wolves,3,0,H,1,0,H,D England,17,13,5,7,10,13,4,2,0,2,0,0
2487,2024/25,2025-01-15,20:00,E0,1,27,Arsenal,Tottenham,2,1,H,2,1,H,S Hooper,14,10,4,2,16,9,10,4,3,1,0,0
2488,2024/25,2025-01-16,19:30,E0,15,5,Ipswich,Brighton,0,2,A,0,0,D,T Harrington,5,11,3,5,13,14,1,9,2,2,0,0
2489,2024/25,2025-01-16,20:00,E0,21,26,Man United,Southampton,3,1,H,0,1,A,J Brooks,23,13,9,5,7,10,5,4,1,3,0,0
2490,2024/25,2025-01-18,12:30,E0,22,3,Newcastle,Bournemouth,1,4,A,1,2,A,S Attwell,13,19,5,10,7,18,7,6,1,6,0,0
2491,2024/25,2025-01-18,15:00,E0,4,18,Brentford,Liverpool,0,2,A,0,0,D,A Madley,11,37,6,8,6,14,2,15,2,3,0,0
2492,2024/25,2025-01-18,15:00,E0,17,12,Leicester,Fulham,0,2,A,0,0,D,M Salisbury,8,17,4,2,8,8,5,2,3,1,0,0
2493,2024/25,2025-01-18,15:00,E0,31,10,West Ham,Crystal Palace,0,2,A,0,0,D,T Bramall,7,12,0,7,13,10,2,4,1,0,1,0
2494,2024/25,2025-01-18,17:30,E0,1,2,Arsenal,Aston Villa,2,2,D,1,0,H,C Kavanagh,18,8,6,4,10,18,10,1,2,3,0,0
2495,2024/25,2025-01-19,14:00,E0,11,27,Everton,Tottenham,3,2,H,3,0,H,D England,12,11,6,6,14,14,3,8,2,1,0,0
2496,2024/25,2025-01-19,14:00,E0,21,5,Man United,Brighton,1,3,A,1,1,D,P Bankes,10,6,1,3,13,12,4,2,3,3,0,0
2497,2024/25,2025-01-19,14:00,E0,24,26,Nott'm Forest,Southampton,3,2,H,3,0,H,A Taylor,14,10,5,4,4,18,2,8,0,4,0,0
2498,2024/25,2025-01-19,16:30,E0,15,20,Ipswich,Man City,0,6,A,0,3,A,S Barrott,8,17,4,9,4,7,4,7,0,1,0,0
2499,2024/25,2025-01-20,20:00,E0,8,32,Chelsea,Wolves,3,1,H,1,1,D,S Hooper,19,9,7,4,8,14,3,6,4,2,0,0
2500,2024/25,2025-01-25,15:00,E0,3,24,Bournemouth,Nott'm Forest,5,0,H,1,0,H,C Pawson,16,18,10,4,9,12,3,9,2,3,0,0
2501,2024/25,2025-01-25,15:00,E0,5,11,Brighton,Everton,0,1,A,0,1,A,T Robinson,16,3,1,1,8,11,9,1,3,4,0,0
2502,2024/25,2025-01-25,15:00,E0,18,15,Liverpool,Ipswich,4,1,H,3,0,H,M Salisbury,16,3,6,3,10,11,3,4,0,2,0,0
2503,2024/25,2025-01-25,15:00,E0,26,22,Southampton,Newcastle,1,3,A,1,2,A,S Barrott,12,17,5,9,10,5,3,8,1,0,0,0
2504,2024/25,2025-01-25,15:00,E0,32,1,Wolves,Arsenal,0,1,A,0,0,D,M Oliver,9,9,4,3,20,10,1,5,0,1,1,1
2505,2024/25,2025-01-25,17:30,E0,20,8,Man City,Chelsea,3,1,H,1,1,D,J Brooks,15,10,6,4,6,8,2,4,3,2,0,0
2506,2024/25,2025-01-26,14:00,E0,10,4,Crystal Palace,Brentford,1,2,A,0,0,D,T Harrington,16,13,5,6,8,11,4,7,2,2,0,0
2507,2024/25,2025-01-26,14:00,E0,27,17,Tottenham,Leicester,1,2,A,1,0,H,R Jones,15,12,6,3,6,16,6,4,1,5,0,0
2508,2024/25,2025-01-26,16:30,E0,2,31,Aston Villa,West Ham,1,1,D,1,0,H,P Bankes,14,14,4,4,13,16,4,3,2,3,0,0
2509,2024/25,2025-01-26,19:00,E0,12,21,Fulham,Man United,0,1,A,0,0,D,A Taylor,9,4,3,1,7,9,3,0,0,1,0,0
2510,2024/25,2025-02-01,12:30,E0,24,5,Nott'm Forest,Brighton,7,0,H,3,0,H,S Hooper,14,10,9,5,8,13,4,6,1,3,0,0
2511,2024/25,2025-02-01,15:00,E0,3,18,Bournemouth,Liverpool,0,2,A,0,1,A,D England,14,19,3,7,15,9,3,3,2,3,0,0
2512,2024/25,2025-02-01,15:00,E0,11,17,Everton,Leicester,4,0,H,3,0,H,D Bond,13,9,7,1,7,13,5,6,0,0,0,0
2513,2024/25,2025-02-01,15:00,E0,15,26,Ipswich,Southampton,1,2,A,1,1,D,M Oliver,15,9,6,4,11,14,1,2,0,3,0,0
2514,2024/25,2025-02-01,15:00,E0,22,12,Newcastle,Fulham,1,2,A,1,0,H,C Kavanagh,11,15,4,4,10,15,4,7,4,4,0,0
2515,2024/25,2025-02-01,17:30,E0,32,2,Wolves,Aston Villa,2,0,H,1,0,H,A Madley,8,10,5,3,20,13,5,8,2,3,0,0
2516,2024/25,2025-02-02,14:00,E0,4,27,Brentford,Tottenham,0,2,A,0,1,A,J Gillett,20,13,4,2,4,11,10,3,0,1,0,0
2517,2024/25,2025-02-02,14:00,E0,21,10,Man United,Crystal Palace,0,2,A,0,0,D,J Brooks,17,11,2,3,12,13,11,0,3,1,0,0
2518,2024/25,2025-02-02,16:30,E0,1,20,Arsenal,Man City,5,1,H,1,0,H,P Bankes,12,7,7,4,6,7,5,2,2,0,0,0
2519,2024/25,2025-02-03,20:00,E0,8,31,Chelsea,West Ham,2,1,H,0,1,A,S Attwell,22,14,3,5,11,10,4,3,3,1,0,0
2520,2024/25,2025-02-12,19:30,E0,11,18,Everton,Liverpool,2,2,D,1,1,D,M Oliver,10,6,3,4,9,20,2,3,2,2,1,1
2521,2024/25,2025-02-14,20:00,E0,5,8,Brighton,Chelsea,3,0,H,2,0,H,K Kavanagh,13,8,5,0,12,15,2,9,1,2,0,0
2522,2024/25,2025-02-15,12:30,E0,17,1,Leicester,Arsenal,0,2,A,0,0,D,S Barrott,6,11,2,5,9,10,3,7,2,1,0,0
2523,2024/25,2025-02-15,15:00,E0,2,15,Aston Villa,Ipswich,1,1,D,0,0,D,R Jones,25,4,6,3,7,11,16,1,0,3,0,1
2524,2024/25,2025-02-15,15:00,E0,12,24,Fulham,Nott'm Forest,2,1,H,1,1,D,T Bramall,24,8,10,2,13,8,8,4,0,0,0,0
2525,2024/25,2025-02-15,15:00,E0,20,22,Man City,Newcastle,4,0,H,3,0,H,A Madley,11,3,7,1,5,13,7,4,0,1,0,0
2526,2024/25,2025-02-15,15:00,E0,26,3,Southampton,Bournemouth,1,3,A,0,2,A,J Gillett,11,14,4,7,13,15,4,6,1,3,0,0
2527,2024/25,2025-02-15,15:00,E0,31,4,West Ham,Brentford,0,1,A,0,1,A,D England,13,14,3,5,10,13,9,2,1,1,0,0
2528,2024/25,2025-02-15,17:30,E0,10,11,Crystal Palace,Everton,1,2,A,0,1,A,A Taylor,17,11,6,6,9,12,6,2,0,1,0,0
2529,2024/25,2025-02-16,14:00,E0,18,32,Liverpool,Wolves,2,1,H,2,0,H,S Hooper,10,16,3,4,15,13,4,3,2,2,0,0
2530,2024/25,2025-02-16,16:30,E0,27,21,Tottenham,Man United,1,0,H,1,0,H,P Bankes,22,16,7,6,13,9,10,5,1,2,0,0
2531,2024/25,2025-02-19,19:30,E0,2,18,Aston Villa,Liverpool,2,2,D,2,1,H,C Pawson,9,17,4,3,8,6,6,8,1,0,0,0
2532,2024/25,2025-02-21,20:00,E0,17,4,Leicester,Brentford,0,4,A,0,3,A,T Harrington,8,14,3,6,10,10,5,6,4,0,0,0
2533,2024/25,2025-02-22,12:30,E0,11,21,Everton,Man United,2,2,D,2,0,H,A Madley,9,9,8,3,12,9,7,9,4,1,0,0
2534,2024/25,2025-02-22,15:00,E0,1,31,Arsenal,West Ham,0,1,A,0,1,A,C Pawson,20,5,2,2,16,15,2,0,1,3,1,0
2535,2024/25,2025-02-22,15:00,E0,3,32,Bournemouth,Wolves,0,1,A,0,1,A,M Salisbury,8,13,3,5,17,9,6,7,3,3,1,0
2536,2024/25,2025-02-22,15:00,E0,12,10,Fulham,Crystal Palace,0,2,A,0,1,A,R Jones,10,10,0,5,10,7,7,7,1,3,0,0
2537,2024/25,2025-02-22,15:00,E0,15,27,Ipswich,Tottenham,1,4,A,1,2,A,T Robinson,17,10,5,6,15,14,4,4,2,1,0,0
2538,2024/25,2025-02-22,15:00,E0,26,5,Southampton,Brighton,0,4,A,0,1,A,D Bond,6,18,1,12,11,12,5,6,2,0,0,0
2539,2024/25,2025-02-22,17:30,E0,2,8,Aston Villa,Chelsea,2,1,H,0,1,A,M Oliver,12,15,6,7,15,16,2,3,1,3,0,0
2540,2024/25,2025-02-23,14:00,E0,22,24,Newcastle,Nott'm Forest,4,3,H,4,1,H,J Gillett,13,17,5,5,11,13,7,6,1,4,0,0
2541,2024/25,2025-02-23,16:30,E0,20,18,Man City,Liverpool,0,2,A,0,2,A,A Taylor,16,8,5,4,3,10,7,5,0,0,0,0
2542,2024/25,2025-02-25,19:30,E0,5,3,Brighton,Bournemouth,2,1,H,1,0,H,M Oliver,11,19,4,5,12,14,1,9,2,1,0,0
2543,2024/25,2025-02-25,19:30,E0,10,2,Crystal Palace,Aston Villa,4,1,H,1,0,H,S Barrott,19,6,6,2,19,10,3,8,3,1,0,0
2544,2024/25,2025-02-25,19:30,E0,32,12,Wolves,Fulham,1,2,A,1,1,D,P Bankes,18,11,5,5,8,15,7,5,1,3,0,0
2545,2024/25,2025-02-25,20:15,E0,8,26,Chelsea,Southampton,4,0,H,3,0,H,T Bramall,19,7,10,2,6,9,4,2,1,2,0,0
2546,2024/25,2025-02-26,19:30,E0,4,11,Brentford,Everton,1,1,D,1,0,H,S Hooper,12,14,3,4,3,6,2,5,2,1,0,0
2547,2024/25,2025-02-26,19:30,E0,21,15,Man United,Ipswich,3,2,H,2,2,D,D England,10,12,6,3,9,16,5,6,4,4,1,0
2548,2024/25,2025-02-26,19:30,E0,24,1,Nott'm Forest,Arsenal,0,0,D,0,0,D,A Madley,6,13,2,1,10,17,3,11,1,1,0,0
2549,2024/25,2025-02-26,19:30,E0,27,20,Tottenham,Man City,0,1,A,0,1,A,J Gillett,11,12,6,5,12,15,8,3,3,0,0,0
2550,2024/25,2025-02-26,20:15,E0,18,22,Liverpool,Newcastle,2,0,H,1,0,H,C Kavanagh,12,3,3,0,12,11,4,2,0,1,0,0
2551,2024/25,2025-02-27,20:00,E0,31,17,West Ham,Leicester,2,0,H,2,0,H,S Attwell,8,10,2,2,12,6,3,3,0,0,0,0
2552,2024/25,2025-03-08,12:30,E0,24,20,Nott'm Forest,Man City,1,0,H,0,0,D,C Kavanagh,9,14,4,3,9,7,3,2,3,2,0,0
2553,2024/25,2025-03-08,15:00,E0,5,12,Brighton,Fulham,2,1,H,1,1,D,S Barrott,9,6,4,1,6,12,3,7,0,2,0,0
2554,2024/25,2025-03-08,15:00,E0,10,15,Crystal Palace,Ipswich,1,0,H,0,0,D,S Hooper,19,15,4,8,8,7,5,4,4,3,0,0
2555,2024/25,2025-03-08,15:00,E0,18,26,Liverpool,Southampton,3,1,H,0,1,A,L Smith,28,6,7,4,10,9,6,4,2,1,0,0
2556,2024/25,2025-03-08,17:30,E0,4,2,Brentford,Aston Villa,0,1,A,0,0,D,J Gillett,13,12,3,4,10,5,6,5,2,2,0,0
2557,2024/25,2025-03-08,20:00,E0,32,11,Wolves,Everton,1,1,D,1,1,D,S Attwell,11,12,3,4,11,16,5,5,2,2,0,0
2558,2024/25,2025-03-09,14:00,E0,8,17,Chelsea,Leicester,1,0,H,0,0,D,T Robinson,20,3,7,3,12,13,12,2,1,0,0,0
2559,2024/25,2025-03-09,14:00,E0,27,3,Tottenham,Bournemouth,2,2,D,0,1,A,J Brooks,12,17,4,8,15,16,3,6,3,3,0,0
2560,2024/25,2025-03-09,16:30,E0,21,1,Man United,Arsenal,1,1,D,1,0,H,A Taylor,10,17,6,6,8,11,2,9,0,1,0,0
2561,2024/25,2025-03-10,20:00,E0,31,22,West Ham,Newcastle,0,1,A,0,0,D,M Salisbury,9,9,2,3,7,15,3,4,0,1,0,0
2562,2024/25,2025-03-15,15:00,E0,11,31,Everton,West Ham,1,1,D,0,0,D,D Bond,13,10,5,5,12,8,6,5,1,2,0,0
2563,2024/25,2025-03-15,15:00,E0,15,24,Ipswich,Nott'm Forest,2,4,A,0,3,A,M Salisbury,11,11,4,6,4,13,6,3,1,1,0,0
2564,2024/25,2025-03-15,15:00,E0,20,5,Man City,Brighton,2,2,D,2,1,H,S Hooper,11,15,3,3,10,10,4,5,2,5,0,0
2565,2024/25,2025-03-15,15:00,E0,26,32,Southampton,Wolves,1,2,A,0,1,A,R Jones,10,5,3,3,12,13,5,1,0,0,0,0
2566,2024/25,2025-03-15,17:30,E0,3,4,Bournemouth,Brentford,1,2,A,1,1,D,C Pawson,17,10,5,4,13,7,4,3,3,0,0,0
2567,2024/25,2025-03-16,13:30,E0,1,8,Arsenal,Chelsea,1,0,H,1,0,H,C Kavanagh,12,8,4,2,10,13,5,4,3,3,0,0
2568,2024/25,2025-03-16,13:30,E0,12,27,Fulham,Tottenham,2,0,H,0,0,D,A Madley,13,12,4,4,13,10,6,5,0,0,0,0
2569,2024/25,2025-03-16,19:00,E0,17,21,Leicester,Man United,0,3,A,0,1,A,T Bramall,11,18,3,5,6,6,6,4,2,0,0,0
2570,2024/25,2025-04-01,19:45,E0,1,12,Arsenal,Fulham,2,1,H,1,0,H,J Brooks,17,9,4,3,2,10,5,4,1,2,0,0
2571,2024/25,2025-04-01,19:45,E0,32,31,Wolves,West Ham,1,0,H,1,0,H,T Harrington,9,10,2,1,16,12,1,2,4,2,0,0
2572,2024/25,2025-04-01,20:00,E0,24,21,Nott'm Forest,Man United,1,0,H,1,0,H,J Gillett,8,23,2,6,5,12,3,10,1,3,0,0
2573,2024/25,2025-04-02,19:45,E0,3,15,Bournemouth,Ipswich,1,2,A,0,1,A,R Jones,24,10,7,2,14,15,8,3,1,2,0,0
2574,2024/25,2025-04-02,19:45,E0,5,2,Brighton,Aston Villa,0,3,A,0,0,D,S Attwell,11,8,4,5,16,11,4,0,1,3,0,0
2575,2024/25,2025-04-02,19:45,E0,20,17,Man City,Leicester,2,0,H,2,0,H,D England,18,2,5,0,11,8,5,0,1,4,0,0
2576,2024/25,2025-04-02,19:45,E0,22,4,Newcastle,Brentford,2,1,H,1,0,H,P Bankes,21,12,4,3,12,12,4,5,1,1,0,0
2577,2024/25,2025-04-02,19:45,E0,26,10,Southampton,Crystal Palace,1,1,D,1,0,H,A Madley,8,9,2,3,14,9,2,2,2,1,0,0
2578,2024/25,2025-04-02,20:00,E0,18,11,Liverpool,Everton,1,0,H,0,0,D,S Barrott,17,5,3,0,7,11,11,5,2,2,0,0
2579,2024/25,2025-04-03,20:00,E0,8,27,Chelsea,Tottenham,1,0,H,0,0,D,C Pawson,11,8,5,2,7,16,4,6,5,5,0,0
2580,2024/25,2025-04-05,12:30,E0,11,1,Everton,Arsenal,1,1,D,0,1,A,D England,5,14,2,5,17,13,3,8,3,1,0,0
2581,2024/25,2025-04-05,15:00,E0,10,5,Crystal Palace,Brighton,2,1,H,1,1,D,A Taylor,8,11,3,5,12,13,2,4,0,1,2,1
2582,2024/25,2025-04-05,15:00,E0,15,32,Ipswich,Wolves,1,2,A,1,0,H,P Bankes,6,22,2,7,12,16,4,8,2,2,0,0
2583,2024/25,2025-04-05,15:00,E0,31,3,West Ham,Bournemouth,2,2,D,0,1,A,T Robinson,9,11,3,4,13,13,4,7,2,2,0,0
2584,2024/25,2025-04-05,17:30,E0,2,24,Aston Villa,Nott'm Forest,2,1,H,2,0,H,S Hooper,17,19,8,3,7,15,4,4,2,2,0,0
2585,2024/25,2025-04-06,14:00,E0,4,8,Brentford,Chelsea,0,0,D,0,0,D,M Oliver,9,21,2,5,12,12,3,6,1,3,0,0
2586,2024/25,2025-04-06,14:00,E0,12,18,Fulham,Liverpool,3,2,H,3,1,H,C Kavanagh,12,14,6,6,10,9,4,4,3,0,0,0
2587,2024/25,2025-04-06,14:00,E0,27,26,Tottenham,Southampton,3,1,H,2,0,H,M Salisbury,13,12,8,4,16,20,4,1,1,1,0,0
2588,2024/25,2025-04-06,16:30,E0,21,20,Man United,Man City,0,0,D,0,0,D,J Brooks,13,9,2,5,13,9,5,3,3,2,0,0
2589,2024/25,2025-04-07,20:00,E0,17,22,Leicester,Newcastle,0,3,A,0,3,A,R Jones,7,16,2,5,8,9,12,2,2,0,0,0
2590,2024/25,2025-04-12,12:30,E0,20,10,Man City,Crystal Palace,5,2,H,2,2,D,J Gillett,21,8,9,3,10,16,1,4,2,3,0,0
2591,2024/25,2025-04-12,15:00,E0,5,17,Brighton,Leicester,2,2,D,1,1,D,D Bond,21,15,7,6,9,11,3,6,2,5,0,0
2592,2024/25,2025-04-12,15:00,E0,24,11,Nott'm Forest,Everton,0,1,A,0,0,D,C Pawson,10,13,5,5,9,13,1,7,0,3,0,0
2593,2024/25,2025-04-12,15:00,E0,26,2,Southampton,Aston Villa,0,3,A,0,0,D,T Bramall,7,25,2,10,11,4,2,14,3,1,0,0
2594,2024/25,2025-04-12,17:30,E0,1,4,Arsenal,Brentford,1,1,D,0,0,D,S Hooper,14,3,3,2,7,9,13,5,1,3,0,0
2595,2024/25,2025-04-13,14:00,E0,8,15,Chelsea,Ipswich,2,2,D,0,2,A,S Attwell,34,13,9,4,11,7,15,4,2,2,0,0
2596,2024/25,2025-04-13,14:00,E0,18,31,Liverpool,West Ham,2,1,H,1,0,H,A Madley,15,11,6,4,15,8,10,3,0,2,0,0
2597,2024/25,2025-04-13,14:00,E0,32,27,Wolves,Tottenham,4,2,H,2,0,H,A Taylor,13,11,5,4,12,15,1,4,1,2,0,0
2598,2024/25,2025-04-13,16:30,E0,22,21,Newcastle,Man United,4,1,H,1,1,D,C Kavanagh,13,9,6,5,7,9,7,2,0,2,0,0
2599,2024/25,2025-04-14,20:00,E0,3,12,Bournemouth,Fulham,1,0,H,1,0,H,O Oliver,12,12,3,7,11,10,6,9,3,2,0,0
2600,2024/25,2025-04-16,19:30,E0,22,10,Newcastle,Crystal Palace,5,0,H,4,0,H,D England,14,11,7,4,9,15,5,4,2,3,0,0
2601,2024/25,2025-04-19,15:00,E0,4,5,Brentford,Brighton,4,2,H,1,1,D,T Robinson,16,12,8,3,7,11,4,8,3,3,0,1
2602,2024/25,2025-04-19,15:00,E0,10,3,Crystal Palace,Bournemouth,0,0,D,0,0,D,S Barrott,5,15,0,4,13,10,5,4,3,4,1,0
2603,2024/25,2025-04-19,15:00,E0,11,20,Everton,Man City,0,2,A,0,0,D,S Hooper,8,12,3,7,7,6,2,5,4,0,0,0
2604,2024/25,2025-04-19,15:00,E0,31,26,West Ham,Southampton,1,1,D,0,0,D,A Kitchen,12,15,4,4,14,13,2,5,2,1,0,0
2605,2024/25,2025-04-19,17:30,E0,2,22,Aston Villa,Newcastle,4,1,H,1,1,D,J Gillett,23,10,9,3,9,12,7,7,1,3,0,0
2606,2024/25,2025-04-20,14:00,E0,12,8,Fulham,Chelsea,1,2,A,1,0,H,A Taylor,6,13,1,8,13,9,6,4,1,3,0,0
2607,2024/25,2025-04-20,14:00,E0,15,1,Ipswich,Arsenal,0,4,A,0,2,A,C Kavanagh,4,24,0,7,10,7,0,12,0,0,1,0
2608,2024/25,2025-04-20,14:00,E0,21,32,Man United,Wolves,0,1,A,0,0,D,R Jones,12,4,2,2,11,18,9,2,2,3,0,0
2609,2024/25,2025-04-20,16:30,E0,17,18,Leicester,Liverpool,0,1,A,0,0,D,S Attwell,5,28,0,10,11,7,1,13,1,2,0,0
2610,2024/25,2025-04-21,20:00,E0,27,24,Tottenham,Nott'm Forest,1,2,A,0,2,A,P Bankes,22,4,6,3,11,12,7,1,1,4,0,0
2611,2024/25,2025-04-22,20:00,E0,20,2,Man City,Aston Villa,2,1,H,1,1,D,C Pawson,14,7,6,3,9,10,10,2,3,3,0,0
2612,2024/25,2025-04-23,20:00,E0,1,10,Arsenal,Crystal Palace,2,2,D,2,1,H,M Salisbury,12,15,6,4,4,6,3,6,1,1,0,0
2613,2024/25,2025-04-26,12:30,E0,8,11,Chelsea,Everton,1,0,H,1,0,H,C Kavanagh,10,6,7,3,11,11,10,2,0,0,0,0
2614,2024/25,2025-04-26,15:00,E0,5,31,Brighton,West Ham,3,2,H,1,0,H,D England,16,12,9,4,7,9,8,1,1,1,0,0
2615,2024/25,2025-04-26,15:00,E0,22,15,Newcastle,Ipswich,3,0,H,1,0,H,M Salisbury,25,4,5,0,9,9,11,2,1,2,0,1
2616,2024/25,2025-04-26,15:00,E0,26,12,Southampton,Fulham,1,2,A,1,0,H,T Harrington,7,26,3,5,10,12,0,13,1,1,0,0
2617,2024/25,2025-04-26,15:00,E0,32,17,Wolves,Leicester,3,0,H,1,0,H,S Barrott,20,8,6,2,7,17,4,2,1,4,0,0
2618,2024/25,2025-04-27,14:00,E0,3,21,Bournemouth,Man United,1,1,D,1,0,H,P Bankes,8,25,1,6,11,12,5,10,4,2,1,0
2619,2024/25,2025-04-27,16:30,E0,18,27,Liverpool,Tottenham,5,1,H,3,1,H,T Bramall,25,8,8,3,16,9,8,2,2,1,0,0
2620,2024/25,2025-05-01,19:30,E0,24,4,Nott'm Forest,Brentford,0,2,A,0,1,A,D England,14,11,5,3,10,12,4,5,3,5,0,0
2621,2024/25,2025-05-02,20:00,E0,20,32,Man City,Wolves,1,0,H,1,0,H,P Bankes,9,6,2,1,7,11,4,5,0,0,0,0
2622,2024/25,2025-05-03,12:30,E0,2,12,Aston Villa,Fulham,1,0,H,1,0,H,R Jones,10,11,3,3,6,17,5,3,0,5,0,0
2623,2024/25,2025-05-03,15:00,E0,11,15,Everton,Ipswich,2,2,D,2,1,H,L Smith,8,12,3,5,12,15,3,3,4,4,0,0
2624,2024/25,2025-05-03,15:00,E0,17,26,Leicester,Southampton,2,0,H,2,0,H,D Webb,14,8,4,2,12,13,7,7,1,3,0,0
2625,2024/25,2025-05-03,17:30,E0,1,3,Arsenal,Bournemouth,1,2,A,1,0,H,J Gillett,13,9,4,2,7,16,2,3,0,2,0,0
2626,2024/25,2025-05-04,14:00,E0,4,21,Brentford,Man United,4,3,H,2,1,H,A Taylor,12,14,6,5,8,10,7,4,0,2,0,0
2627,2024/25,2025-05-04,14:00,E0,5,22,Brighton,Newcastle,1,1,D,1,0,H,C Pawson,5,13,2,5,15,10,1,4,2,1,0,0
2628,2024/25,2025-05-04,14:00,E0,31,27,West Ham,Tottenham,1,1,D,1,1,D,M Oliver,11,7,2,2,18,15,1,3,2,2,0,0
2629,2024/25,2025-05-04,16:30,E0,8,18,Chelsea,Liverpool,3,1,H,1,0,H,S Hooper,17,11,7,2,10,11,3,6,2,2,0,0
2630,2024/25,2025-05-05,20:00,E0,10,24,Crystal Palace,Nott'm Forest,1,1,D,0,0,D,A Madley,20,12,3,4,9,15,7,4,3,8,0,0
2631,2024/25,2025-05-10,15:00,E0,12,11,Fulham,Everton,1,3,A,1,1,D,M Salisbury,18,11,6,7,15,9,5,5,1,0,0,0
2632,2024/25,2025-05-10,15:00,E0,15,4,Ipswich,Brentford,0,1,A,0,1,A,S Barrott,11,15,4,5,6,12,5,6,2,4,0,0
2633,2024/25,2025-05-10,15:00,E0,26,20,Southampton,Man City,0,0,D,0,0,D,T Robinson,2,26,0,5,9,8,1,15,2,0,0,0
2634,2024/25,2025-05-10,15:00,E0,32,5,Wolves,Brighton,0,2,A,0,1,A,M Oliver,10,7,3,2,8,12,7,4,1,1,0,0
2635,2024/25,2025-05-10,17:30,E0,3,2,Bournemouth,Aston Villa,0,1,A,0,1,A,S Attwell,10,6,4,3,19,12,10,0,4,3,0,1
2636,2024/25,2025-05-11,12:00,E0,22,8,Newcastle,Chelsea,2,0,H,1,0,H,J Brooks,15,10,6,3,9,13,2,8,4,2,0,1
2637,2024/25,2025-05-11,14:15,E0,21,31,Man United,West Ham,0,2,A,0,1,A,J Gillett,20,9,5,4,3,13,8,5,0,1,0,0
2638,2024/25,2025-05-11,14:15,E0,24,17,Nott'm Forest,Leicester,2,2,D,1,1,D,T Harrington,15,10,4,6,11,11,4,4,3,3,0,0
2639,2024/25,2025-05-11,14:15,E0,27,10,Tottenham,Crystal Palace,0,2,A,0,1,A,C Kavanagh,8,23,1,10,12,10,4,8,1,1,0,0
2640,2024/25,2025-05-11,16:30,E0,18,1,Liverpool,Arsenal,2,2,D,2,0,H,A Taylor,14,15,5,7,13,10,3,1,1,1,0,1
2641,2024/25,2025-05-16,19:30,E0,2,27,Aston Villa,Tottenham,2,0,H,0,0,D,P Bankes,18,3,7,1,5,12,9,1,1,2,0,0
2642,2024/25,2025-05-16,20:15,E0,8,21,Chelsea,Man United,1,0,H,0,0,D,C Kavanagh,11,4,3,1,10,14,7,2,1,6,0,0
2643,2024/25,2025-05-18,12:00,E0,11,26,Everton,Southampton,2,0,H,2,0,H,M Oliver,13,6,5,2,6,10,4,5,1,1,0,0
2644,2024/25,2025-05-18,14:15,E0,31,24,West Ham,Nott'm Forest,1,2,A,0,1,A,S Barrott,16,10,5,5,14,7,8,7,6,3,0,0
2645,2024/25,2025-05-18,15:00,E0,4,12,Brentford,Fulham,2,3,A,2,1,H,J Gillett,11,16,6,7,12,8,5,3,4,4,0,0
2646,2024/25,2025-05-18,15:00,E0,17,15,Leicester,Ipswich,2,0,H,1,0,H,A Kitchen,9,20,3,2,15,12,2,2,1,0,0,0
2647,2024/25,2025-05-18,16:30,E0,1,22,Arsenal,Newcastle,1,0,H,0,0,D,S Hooper,12,14,4,5,9,9,10,7,3,3,0,0
2648,2024/25,2025-05-19,20:00,E0,5,18,Brighton,Liverpool,3,2,H,1,2,A,J Brooks,25,18,12,5,9,8,3,3,1,0,0,0
2649,2024/25,2025-05-20,20:00,E0,10,32,Crystal Palace,Wolves,4,2,H,2,1,H,D Webb,14,12,10,3,14,8,0,10,1,2,0,0
2650,2024/25,2025-05-20,20:00,E0,20,3,Man City,Bournemouth,3,1,H,2,0,H,T Bramall,12,8,5,2,7,13,3,1,1,3,1,1
2651,2024/25,2025-05-25,16:00,E0,3,17,Bournemouth,Leicester,2,0,H,0,0,D,L Smith,20,3,7,0,19,16,6,1,0,2,0,0
2652,2024/25,2025-05-25,16:00,E0,12,20,Fulham,Man City,0,2,A,0,1,A,A Madley,13,20,3,5,11,5,1,6,0,0,0,0
2653,2024/25,2025-05-25,16:00,E0,15,31,Ipswich,West Ham,1,3,A,0,1,A,T Robinson,14,10,4,6,10,9,4,0,1,1,0,0
2654,2024/25,2025-05-25,16:00,E0,18,10,Liverpool,Crystal Palace,1,1,D,0,1,A,D England,14,8,3,5,7,10,11,0,1,0,1,0
2655,2024/25,2025-05-25,16:00,E0,21,2,Man United,Aston Villa,2,0,H,0,0,D,T Bramall,25,6,10,1,10,10,4,3,2,2,0,1
2656,2024/25,2025-05-25,16:00,E0,22,11,Newcastle,Everton,0,1,A,0,0,D,T Harrington,17,14,6,6,12,9,12,3,1,4,0,0
2657,2024/25,2025-05-25,16:00,E0,24,8,Nott'm Forest,Chelsea,0,1,A,0,0,D,A Taylor,10,6,2,2,10,11,7,4,2,2,0,0
2658,2024/25,2025-05-25,16:00,E0,26,1,Southampton,Arsenal,1,2,A,0,1,A,D Bond,7,23,2,8,7,8,5,8,0,0,0,0
2659,2024/25,2025-05-25,16:00,E0,27,5,Tottenham,Brighton,1,4,A,1,0,H,R Jones,4,23,2,8,13,8,2,11,3,1,0,0
2660,2024/25,2025-05-25,16:00,E0,32,4,Wolves,Brentford,1,1,D,0,1,A,C Pawson,18,13,6,7,7,9,8,3,2,1,0,0
2661,2025/26,2025-08-15,20:00,E0,18,3,Liverpool,Bournemouth,4,2,H,1,0,H,A Taylor,19,10,10,3,7,10,6,7,1,2,0,0
2662,2025/26,2025-08-16,12:30,E0,2,22,Aston Villa,Newcastle,0,0,D,0,0,D,C Pawson,3,16,3,3,13,11,3,6,1,1,1,0
2663,2025/26,2025-08-16,15:00,E0,5,12,Brighton,Fulham,1,1,D,0,0,D,S Barrott,10,7,4,2,16,15,4,3,3,3,0,0
2664,2025/26,2025-08-16,15:00,E0,28,31,Sunderland,West Ham,3,0,H,0,0,D,R Jones,10,12,5,4,8,10,5,7,0,1,0,0
2665,2025/26,2025-08-16,15:00,E0,27,6,Tottenham,Burnley,3,0,H,1,0,H,M Oliver,16,14,6,4,14,8,6,5,0,0,0,0
2666,2025/26,2025-08-16,17:30,E0,32,20,Wolves,Man City,0,4,A,0,2,A,J Gillett,9,15,3,4,13,7,4,6,1,2,0,0
2667,2025/26,2025-08-17,14:00,E0,8,10,Chelsea,Crystal Palace,0,0,D,0,0,D,D England,19,12,3,4,10,12,11,2,2,3,0,0
2668,2025/26,2025-08-17,14:00,E0,24,4,Nott'm Forest,Brentford,3,1,H,3,0,H,P Bankes,11,10,5,3,7,15,5,5,1,2,0,0
2669,2025/26,2025-08-17,16:30,E0,21,1,Man United,Arsenal,0,1,A,0,1,A,S Hooper,22,9,7,3,10,19,3,4,1,4,0,0
2670,2025/26,2025-08-18,20:00,E0,16,11,Leeds,Everton,1,0,H,0,0,D,C Kavanagh,21,7,3,1,6,8,7,2,0,2,0,0
2671,2025/26,2025-08-22,20:00,E0,31,8,West Ham,Chelsea,1,5,A,1,3,A,M Oliver,12,12,4,7,7,10,7,5,0,1,0,0
2672,2025/26,2025-08-23,12:30,E0,20,27,Man City,Tottenham,0,2,A,0,2,A,P Bankes,10,12,4,5,7,12,7,2,1,4,0,0
2673,2025/26,2025-08-23,15:00,E0,3,32,Bournemouth,Wolves,1,0,H,1,0,H,T Bramall,14,6,4,1,13,16,8,3,2,4,0,1
2674,2025/26,2025-08-23,15:00,E0,4,2,Brentford,Aston Villa,1,0,H,1,0,H,T Harrington,9,17,2,2,11,9,2,9,1,2,0,0
2675,2025/26,2025-08-23,15:00,E0,6,28,Burnley,Sunderland,2,0,H,0,0,D,M Salisbury,7,9,2,1,9,5,4,3,0,1,0,0
2676,2025/26,2025-08-23,17:30,E0,1,16,Arsenal,Leeds,5,0,H,2,0,H,J Gillett,18,3,5,1,8,11,2,2,0,2,0,0
2677,2025/26,2025-08-24,14:00,E0,10,24,Crystal Palace,Nott'm Forest,1,1,D,1,0,H,A Taylor,8,9,4,1,11,11,1,3,3,3,0,0
2678,2025/26,2025-08-24,14:00,E0,11,5,Everton,Brighton,2,0,H,1,0,H,S Attwell,11,13,3,4,7,15,2,2,4,3,0,0
2679,2025/26,2025-08-24,16:30,E0,12,21,Fulham,Man United,1,1,D,0,0,D,C Kavanagh,13,10,4,3,12,10,9,6,1,1,0,0
2680,2025/26,2025-08-25,20:00,E0,22,18,Newcastle,Liverpool,2,3,A,0,1,A,S Hooper,10,5,3,4,17,15,7,1,2,3,1,0
2681,2025/26,2025-08-30,12:30,E0,8,12,Chelsea,Fulham,2,0,H,1,0,H,R Jones,13,11,6,3,11,17,6,4,2,2,0,0
2682,2025/26,2025-08-30,15:00,E0,21,6,Man United,Burnley,3,2,H,1,0,H,S Barrott,26,6,6,3,9,9,7,1,1,5,0,0
2683,2025/26,2025-08-30,15:00,E0,28,4,Sunderland,Brentford,2,1,H,0,0,D,A Taylor,12,7,3,4,11,12,3,4,3,2,0,0
2684,2025/26,2025-08-30,15:00,E0,27,3,Tottenham,Bournemouth,0,1,A,0,1,A,S Hooper,5,20,1,6,17,13,0,8,2,4,0,0
2685,2025/26,2025-08-30,15:00,E0,32,11,Wolves,Everton,2,3,A,1,2,A,M Oliver,12,10,4,4,15,10,2,2,0,1,0,0
2686,2025/26,2025-08-30,17:30,E0,16,22,Leeds,Newcastle,0,0,D,0,0,D,P Bankes,10,8,1,2,10,15,5,5,1,1,0,0
2687,2025/26,2025-08-31,14:00,E0,5,20,Brighton,Man City,2,1,H,0,1,A,D England,12,12,7,3,16,14,3,2,2,2,0,0
2688,2025/26,2025-08-31,14:00,E0,24,31,Nott'm Forest,West Ham,0,3,A,0,0,D,C Pawson,11,12,3,8,14,6,9,7,0,0,0,0
2689,2025/26,2025-08-31,16:30,E0,18,1,Liverpool,Arsenal,1,0,H,0,0,D,C Kavanagh,9,11,3,1,7,10,3,8,2,2,0,0
2690,2025/26,2025-08-31,19:00,E0,2,10,Aston Villa,Crystal Palace,0,3,A,0,1,A,S Attwell,13,6,4,4,7,14,10,1,2,3,0,0
2691,2025/26,2025-09-13,12:30,E0,1,24,Arsenal,Nott'm Forest,3,0,H,1,0,H,D England,16,5,5,1,8,11,8,4,1,1,0,0
2692,2025/26,2025-09-13,15:00,E0,3,5,Bournemouth,Brighton,2,1,H,1,0,H,P Bankes,13,6,5,2,16,10,4,4,4,4,0,0
2693,2025/26,2025-09-13,15:00,E0,10,28,Crystal Palace,Sunderland,0,0,D,0,0,D,T Bramall,14,6,6,0,10,8,5,3,1,1,0,0
2694,2025/26,2025-09-13,15:00,E0,11,2,Everton,Aston Villa,0,0,D,0,0,D,S Hooper,20,7,2,1,17,15,10,3,3,3,0,0
2695,2025/26,2025-09-13,15:00,E0,12,16,Fulham,Leeds,1,0,H,0,0,D,C Pawson,5,10,3,3,20,15,3,3,1,2,0,0
2696,2025/26,2025-09-13,15:00,E0,22,32,Newcastle,Wolves,1,0,H,1,0,H,C Kavanagh,16,8,4,3,10,17,10,4,1,4,0,0
2697,2025/26,2025-09-13,17:30,E0,31,27,West Ham,Tottenham,0,3,A,0,0,D,J Gillett,7,14,4,5,8,7,2,13,0,1,1,0
2698,2025/26,2025-09-13,20:00,E0,4,8,Brentford,Chelsea,2,2,D,1,0,H,S Attwell,7,16,4,6,13,9,5,6,3,2,0,0
2699,2025/26,2025-09-14,14:00,E0,6,18,Burnley,Liverpool,0,1,A,0,0,D,M Oliver,3,27,0,4,9,9,1,13,0,2,0,0
2700,2025/26,2025-09-14,16:30,E0,20,21,Man City,Man United,3,0,H,1,0,H,A Taylor,13,12,6,2,8,8,2,4,0,0,0,0
2701,2025/26,2025-09-20,12:30,E0,18,11,Liverpool,Everton,2,1,H,2,0,H,D England,11,9,3,2,11,10,5,4,2,3,0,0
2702,2025/26,2025-09-20,15:00,E0,5,27,Brighton,Tottenham,2,2,D,2,1,H,C Kavanagh,12,11,4,3,10,13,2,10,1,2,0,0
2703,2025/26,2025-09-20,15:00,E0,6,24,Burnley,Nott'm Forest,1,1,D,1,1,D,T Bramall,12,17,5,8,12,11,4,5,1,1,0,0
2704,2025/26,2025-09-20,15:00,E0,31,10,West Ham,Crystal Palace,1,2,A,0,1,A,T Harrington,8,18,3,3,15,5,8,8,3,3,0,0
2705,2025/26,2025-09-20,15:00,E0,32,16,Wolves,Leeds,1,3,A,1,3,A,A Taylor,16,6,6,4,11,9,4,0,1,1,0,0
2706,2025/26,2025-09-20,17:30,E0,21,8,Man United,Chelsea,2,1,H,2,0,H,P Bankes,11,5,4,1,13,14,5,5,0,5,1,1
2707,2025/26,2025-09-20,20:00,E0,12,4,Fulham,Brentford,3,1,H,2,1,H,M Oliver,14,8,3,3,11,13,2,10,4,1,0,0
2708,2025/26,2025-09-21,14:00,E0,3,22,Bournemouth,Newcastle,0,0,D,0,0,D,R Jones,11,4,2,1,7,10,5,2,2,1,0,0
2709,2025/26,2025-09-21,14:00,E0,28,2,Sunderland,Aston Villa,1,1,D,0,0,D,S Barrott,14,12,4,2,14,8,6,5,2,1,1,0
2710,2025/26,2025-09-21,16:30,E0,1,20,Arsenal,Man City,1,1,D,0,1,A,S Attwell,12,5,3,3,11,10,11,2,1,2,0,0
2711,2025/26,2025-09-27,12:30,E0,4,21,Brentford,Man United,3,1,H,2,1,H,C Pawson,10,14,8,6,14,10,4,2,2,2,0,0
2712,2025/26,2025-09-27,15:00,E0,8,5,Chelsea,Brighton,1,3,A,1,0,H,S Hooper,13,12,3,3,9,16,5,7,3,5,1,0
2713,2025/26,2025-09-27,15:00,E0,10,18,Crystal Palace,Liverpool,2,1,H,1,0,H,C Kavanagh,16,20,7,4,10,8,2,6,1,3,0,0
2714,2025/26,2025-09-27,15:00,E0,16,3,Leeds,Bournemouth,2,2,D,1,1,D,M Oliver,19,12,8,5,12,13,7,4,2,2,0,0
2715,2025/26,2025-09-27,15:00,E0,20,6,Man City,Burnley,5,1,H,1,1,D,R Jones,21,9,8,2,5,7,10,2,1,3,0,0
2716,2025/26,2025-09-27,17:30,E0,24,28,Nott'm Forest,Sunderland,0,1,A,0,1,A,T Harrington,22,11,6,3,11,6,7,4,4,2,0,0
2717,2025/26,2025-09-27,20:00,E0,27,32,Tottenham,Wolves,1,1,D,0,0,D,M Salisbury,10,9,3,3,9,11,10,9,3,2,0,0
2718,2025/26,2025-09-28,14:00,E0,2,12,Aston Villa,Fulham,3,1,H,1,1,D,A Madley,9,11,4,4,10,13,2,8,1,4,0,0
2719,2025/26,2025-09-28,16:30,E0,22,1,Newcastle,Arsenal,1,2,A,1,0,H,J Gillett,8,20,3,7,8,9,7,12,2,1,0,0
2720,2025/26,2025-09-29,20:00,E0,11,31,Everton,West Ham,1,1,D,1,0,H,S Barrott,12,14,6,3,7,16,3,5,3,4,0,0
2721,2025/26,2025-10-03,20:00,E0,3,12,Bournemouth,Fulham,3,1,H,0,0,D,S Hooper,11,12,6,4,8,10,4,3,0,1,0,0
2722,2025/26,2025-10-04,12:30,E0,16,27,Leeds,Tottenham,1,2,A,1,1,D,T Bramall,16,9,4,3,10,12,4,1,2,3,0,0
2723,2025/26,2025-10-04,15:00,E0,1,31,Arsenal,West Ham,2,0,H,1,0,H,J Brooks,21,4,5,0,14,14,8,3,0,2,0,0
2724,2025/26,2025-10-04,15:00,E0,21,28,Man United,Sunderland,2,0,H,2,0,H,S Attwell,15,8,6,3,10,12,2,3,1,4,0,0
2725,2025/26,2025-10-04,17:30,E0,8,18,Chelsea,Liverpool,2,1,H,1,0,H,A Taylor,12,12,6,2,9,8,7,2,0,2,0,0
2726,2025/26,2025-10-05,14:00,E0,2,6,Aston Villa,Burnley,2,1,H,1,0,H,A Kitchen,15,5,7,2,9,15,6,4,3,1,0,0
2727,2025/26,2025-10-05,14:00,E0,11,10,Everton,Crystal Palace,2,1,H,0,1,A,M Salisbury,14,15,7,8,13,16,2,4,2,3,0,0
2728,2025/26,2025-10-05,14:00,E0,22,24,Newcastle,Nott'm Forest,2,0,H,0,0,D,P Bankes,18,5,9,4,16,15,8,1,0,4,0,0
2729,2025/26,2025-10-05,14:00,E0,32,5,Wolves,Brighton,1,1,D,1,0,H,J Gillett,6,17,3,6,13,9,2,8,2,4,0,0
2730,2025/26,2025-10-05,16:30,E0,4,20,Brentford,Man City,0,1,A,0,1,A,D England,6,10,1,4,10,6,3,2,3,2,0,0
2731,2025/26,2025-10-18,12:30,E0,24,8,Nott'm Forest,Chelsea,0,3,A,0,0,D,C Kavanagh,12,17,2,6,13,16,5,2,2,2,0,1
2732,2025/26,2025-10-18,15:00,E0,5,22,Brighton,Newcastle,2,1,H,1,0,H,C Pawson,13,16,5,3,9,9,8,4,0,1,0,0
2733,2025/26,2025-10-18,15:00,E0,6,16,Burnley,Leeds,2,0,H,1,0,H,T Robinson,4,19,3,4,10,7,1,5,2,1,0,0
2734,2025/26,2025-10-18,15:00,E0,10,3,Crystal Palace,Bournemouth,3,3,D,0,2,A,J Gillett,20,8,7,5,8,16,6,5,1,4,0,0
2735,2025/26,2025-10-18,15:00,E0,20,11,Man City,Everton,2,0,H,0,0,D,T Harrington,19,5,7,1,8,14,11,3,0,2,0,0
2736,2025/26,2025-10-18,15:00,E0,28,32,Sunderland,Wolves,2,0,H,1,0,H,R Jones,8,16,2,3,5,12,3,2,0,0,0,0
2737,2025/26,2025-10-18,17:30,E0,12,1,Fulham,Arsenal,0,1,A,0,0,D,A Taylor,9,16,0,5,11,4,6,10,0,0,0,0
2738,2025/26,2025-10-19,14:00,E0,27,2,Tottenham,Aston Villa,1,2,A,1,1,D,S Hooper,9,8,3,2,11,7,6,6,2,0,0,0
2739,2025/26,2025-10-19,16:30,E0,18,21,Liverpool,Man United,1,2,A,0,1,A,M Oliver,19,12,6,4,8,14,9,4,0,2,0,0
2740,2025/26,2025-10-20,20:00,E0,31,4,West Ham,Brentford,0,2,A,0,1,A,A Madley,7,22,1,7,10,10,6,10,1,1,0,0
2741,2025/26,2025-10-24,20:00,E0,16,31,Leeds,West Ham,2,1,H,2,0,H,S Attwell,13,9,5,3,12,11,3,4,3,3,0,0
2742,2025/26,2025-10-25,15:00,E0,8,28,Chelsea,Sunderland,1,2,A,1,1,D,A Madley,16,10,7,4,15,13,9,1,1,1,0,0
2743,2025/26,2025-10-25,15:00,E0,22,12,Newcastle,Fulham,2,1,H,1,0,H,P Bankes,18,12,7,5,11,18,4,3,0,2,0,0
2744,2025/26,2025-10-25,17:30,E0,21,5,Man United,Brighton,4,2,H,2,0,H,A Taylor,13,17,9,5,4,13,1,6,2,2,0,0
2745,2025/26,2025-10-25,20:00,E0,4,18,Brentford,Liverpool,3,2,H,2,1,H,S Hooper,17,18,8,5,7,10,5,4,3,2,0,0
2746,2025/26,2025-10-26,14:00,E0,1,10,Arsenal,Crystal Palace,1,0,H,1,0,H,T Bramall,10,7,3,1,6,11,4,3,0,0,0,0
2747,2025/26,2025-10-26,14:00,E0,2,20,Aston Villa,Man City,1,0,H,1,0,H,M Oliver,9,18,3,4,8,16,5,6,1,4,0,0
2748,2025/26,2025-10-26,14:00,E0,3,24,Bournemouth,Nott'm Forest,2,0,H,2,0,H,S Barrott,13,8,5,4,17,7,6,4,3,1,0,0
2749,2025/26,2025-10-26,14:00,E0,32,6,Wolves,Burnley,2,3,A,2,2,D,T Harrington,15,11,7,7,12,7,5,3,1,0,0,0
2750,2025/26,2025-10-26,16:30,E0,11,27,Everton,Tottenham,0,3,A,0,2,A,C Pawson,12,7,2,4,9,8,9,8,2,0,0,0
2751,2025/26,2025-11-01,15:00,E0,5,16,Brighton,Leeds,3,0,H,1,0,H,M Oliver,14,5,7,2,10,7,4,7,0,1,0,0
2752,2025/26,2025-11-01,15:00,E0,6,1,Burnley,Arsenal,0,2,A,0,2,A,C Kavanagh,3,12,0,8,10,13,1,6,2,1,0,0
2753,2025/26,2025-11-01,15:00,E0,10,4,Crystal Palace,Brentford,2,0,H,1,0,H,P Bankes,9,6,2,2,7,11,6,5,0,3,0,0
2754,2025/26,2025-11-01,15:00,E0,12,32,Fulham,Wolves,3,0,H,1,0,H,J Brooks,19,5,6,2,13,14,10,1,1,3,0,1
2755,2025/26,2025-11-01,15:00,E0,24,21,Nott'm Forest,Man United,2,2,D,0,1,A,D England,17,18,3,7,10,7,8,5,1,1,0,0
2756,2025/26,2025-11-01,17:30,E0,27,8,Tottenham,Chelsea,0,1,A,0,1,A,J Gillett,3,15,1,9,14,12,6,5,4,2,0,0
2757,2025/26,2025-11-01,20:00,E0,18,2,Liverpool,Aston Villa,2,0,H,1,0,H,S Attwell,16,10,4,3,13,11,1,4,2,3,0,0
2758,2025/26,2025-11-02,14:00,E0,31,22,West Ham,Newcastle,3,1,H,2,1,H,R Jones,15,12,9,4,5,10,7,6,1,2,0,0
2759,2025/26,2025-11-02,16:30,E0,20,3,Man City,Bournemouth,3,1,H,2,1,H,A Taylor,15,8,8,5,8,11,10,4,2,2,0,0
2760,2025/26,2025-11-03,20:00,E0,28,11,Sunderland,Everton,1,1,D,0,1,A,T Bramall,17,8,3,2,10,12,4,1,3,2,0,0
2761,2025/26,2025-11-08,12:30,E0,27,21,Tottenham,Man United,2,2,D,0,1,A,S Barrott,10,5,4,2,10,8,5,3,5,1,0,0
2762,2025/26,2025-11-08,15:00,E0,11,12,Everton,Fulham,2,0,H,1,0,H,A Madley,14,8,5,4,11,14,7,5,2,2,0,0
2763,2025/26,2025-11-08,15:00,E0,31,6,West Ham,Burnley,3,2,H,1,1,D,M Salisbury,15,16,6,7,15,13,7,4,2,2,0,0
2764,2025/26,2025-11-08,17:30,E0,28,1,Sunderland,Arsenal,2,2,D,1,0,H,C Pawson,6,17,2,7,13,13,2,2,2,1,0,0
2765,2025/26,2025-11-08,20:00,E0,8,32,Chelsea,Wolves,3,0,H,0,0,D,A Kitchen,20,3,8,0,12,14,10,1,1,2,0,0
2766,2025/26,2025-11-09,14:00,E0,2,3,Aston Villa,Bournemouth,4,0,H,2,0,H,J Brooks,16,13,8,4,8,20,6,9,2,2,0,0
2767,2025/26,2025-11-09,14:00,E0,4,22,Brentford,Newcastle,3,1,H,0,1,A,S Attwell,15,5,7,1,10,13,6,2,2,1,0,0
2768,2025/26,2025-11-09,14:00,E0,10,5,Crystal Palace,Brighton,0,0,D,0,0,D,T Robinson,10,7,2,3,10,12,4,8,1,4,0,0
2769,2025/26,2025-11-09,14:00,E0,24,16,Nott'm Forest,Leeds,3,1,H,1,1,D,J Gillett,14,10,6,3,10,11,6,4,2,1,0,0
2770,2025/26,2025-11-09,16:30,E0,20,18,Man City,Liverpool,3,0,H,2,0,H,C Kavanagh,14,7,6,1,14,15,7,7,2,4,0,0
2771,2025/26,2025-11-22,12:30,E0,6,8,Burnley,Chelsea,0,2,A,0,1,A,P Bankes,8,15,2,5,13,8,1,9,2,3,0,0
2772,2025/26,2025-11-22,15:00,E0,3,31,Bournemouth,West Ham,2,2,D,0,2,A,T Bramall,28,5,10,2,9,10,9,2,3,2,0,0
2773,2025/26,2025-11-22,15:00,E0,5,4,Brighton,Brentford,2,1,H,0,1,A,C Kavanagh,14,10,5,4,10,9,7,4,4,2,0,0
2774,2025/26,2025-11-22,15:00,E0,12,28,Fulham,Sunderland,1,0,H,0,0,D,D England,24,4,6,2,5,13,7,4,3,3,0,0
2775,2025/26,2025-11-22,15:00,E0,18,24,Liverpool,Nott'm Forest,0,3,A,0,1,A,A Madley,21,15,4,7,11,8,8,6,2,0,0,0
2776,2025/26,2025-11-22,15:00,E0,32,10,Wolves,Crystal Palace,0,2,A,0,0,D,A Taylor,8,10,1,4,13,9,1,4,2,3,0,0
2777,2025/26,2025-11-22,17:30,E0,22,20,Newcastle,Man City,2,1,H,0,0,D,S Barrott,9,17,5,4,13,8,5,9,1,3,0,0
2778,2025/26,2025-11-23,14:00,E0,16,2,Leeds,Aston Villa,1,2,A,1,0,H,R Jones,14,14,5,3,18,16,3,3,5,1,0,0
2779,2025/26,2025-11-23,16:30,E0,1,27,Arsenal,Tottenham,4,1,H,2,0,H,M Oliver,17,3,8,2,11,15,4,1,1,3,0,0
2780,2025/26,2025-11-24,20:00,E0,21,11,Man United,Everton,0,1,A,0,1,A,T Harrington,25,3,6,1,12,9,9,1,2,0,0,1
2781,2025/26,2025-11-29,15:00,E0,4,6,Brentford,Burnley,3,1,H,0,0,D,S Barrott,14,6,4,2,7,7,5,6,0,2,0,0
2782,2025/26,2025-11-29,15:00,E0,20,16,Man City,Leeds,3,2,H,2,0,H,P Bankes,18,9,9,4,17,11,8,1,4,1,0,0
2783,2025/26,2025-11-29,15:00,E0,28,3,Sunderland,Bournemouth,3,2,H,1,2,A,T Robinson,12,18,6,6,14,13,6,3,5,5,0,1
2784,2025/26,2025-11-29,17:30,E0,11,22,Everton,Newcastle,1,4,A,0,3,A,C Pawson,10,13,2,8,4,6,8,7,0,0,0,0
2785,2025/26,2025-11-29,20:00,E0,27,12,Tottenham,Fulham,1,2,A,0,2,A,S Attwell,14,7,2,3,11,7,8,2,3,2,0,0
2786,2025/26,2025-11-30,12:00,E0,10,21,Crystal Palace,Man United,1,2,A,1,0,H,R Jones,14,14,3,6,14,14,4,4,3,2,0,0
2787,2025/26,2025-11-30,14:05,E0,2,32,Aston Villa,Wolves,1,0,H,0,0,D,C Kavanagh,16,9,6,4,13,21,7,3,0,4,0,0
2788,2025/26,2025-11-30,14:05,E0,24,5,Nott'm Forest,Brighton,0,2,A,0,1,A,M Oliver,19,17,3,6,11,10,9,2,0,1,0,0
2789,2025/26,2025-11-30,14:05,E0,31,18,West Ham,Liverpool,0,2,A,0,0,D,D England,7,9,0,5,12,14,7,2,1,0,1,0
2790,2025/26,2025-11-30,16:30,E0,8,1,Chelsea,Arsenal,1,1,D,0,0,D,A Taylor,11,8,4,4,12,13,3,3,1,6,1,0
2791,2025/26,2025-12-02,19:30,E0,3,11,Bournemouth,Everton,0,1,A,0,0,D,M Salisbury,5,13,2,3,14,14,1,6,3,3,0,0
2792,2025/26,2025-12-02,19:30,E0,12,20,Fulham,Man City,4,5,A,1,3,A,C Pawson,12,11,6,4,9,7,7,2,0,1,0,0
2793,2025/26,2025-12-02,20:15,E0,22,27,Newcastle,Tottenham,2,2,D,0,0,D,T Bramall,19,8,7,2,5,12,11,8,0,3,0,0
2794,2025/26,2025-12-03,19:30,E0,1,4,Arsenal,Brentford,2,0,H,1,0,H,T Harrington,15,6,7,1,7,9,4,8,0,1,0,0
2795,2025/26,2025-12-03,19:30,E0,5,2,Brighton,Aston Villa,3,4,A,2,2,D,A Madley,16,14,7,10,10,9,5,6,2,2,0,0
2796,2025/26,2025-12-03,19:30,E0,6,10,Burnley,Crystal Palace,0,1,A,0,1,A,T Kirk,11,3,4,3,9,8,3,4,0,0,0,0
2797,2025/26,2025-12-03,19:30,E0,32,24,Wolves,Nott'm Forest,0,1,A,0,0,D,T Robinson,5,10,1,3,19,11,3,9,2,2,0,0
2798,2025/26,2025-12-03,20:15,E0,16,8,Leeds,Chelsea,3,1,H,2,0,H,D England,17,14,5,2,10,13,4,2,1,1,0,0
2799,2025/26,2025-12-03,20:15,E0,18,28,Liverpool,Sunderland,1,1,D,0,0,D,S Attwell,23,9,4,6,10,5,7,3,1,1,0,0
2800,2025/26,2025-12-04,20:00,E0,21,31,Man United,West Ham,1,1,D,0,0,D,A Kitchen,17,11,4,3,13,9,6,6,2,2,0,0
2801,2025/26,2025-12-06,12:30,E0,2,1,Aston Villa,Arsenal,2,1,H,1,0,H,P Bankes,15,15,6,9,10,8,3,3,0,2,0,0
2802,2025/26,2025-12-06,15:00,E0,3,8,Bournemouth,Chelsea,0,0,D,0,0,D,M Oliver,13,11,5,4,15,13,5,0,0,2,0,0
2803,2025/26,2025-12-06,15:00,E0,11,24,Everton,Nott'm Forest,3,0,H,2,0,H,C Kavanagh,11,7,5,3,17,15,6,3,4,3,0,0
2804,2025/26,2025-12-06,15:00,E0,20,28,Man City,Sunderland,3,0,H,2,0,H,A Madley,18,8,6,1,9,10,6,5,1,0,0,1
2805,2025/26,2025-12-06,15:00,E0,22,6,Newcastle,Burnley,2,1,H,2,0,H,S Attwell,17,9,7,3,9,11,9,9,2,2,0,1
2806,2025/26,2025-12-06,15:00,E0,27,4,Tottenham,Brentford,2,0,H,2,0,H,R Jones,15,4,7,1,8,9,7,6,3,4,0,0
2807,2025/26,2025-12-06,17:30,E0,16,18,Leeds,Liverpool,3,3,D,0,0,D,A Taylor,12,16,5,7,14,14,5,4,3,3,0,0
2808,2025/26,2025-12-07,14:00,E0,5,31,Brighton,West Ham,1,1,D,0,0,D,S Hooper,22,14,4,5,12,8,10,6,2,2,0,0
2809,2025/26,2025-12-07,16:30,E0,12,10,Fulham,Crystal Palace,1,2,A,1,1,D,S Barrott,12,11,4,5,5,8,6,4,0,0,0,0
2810,2025/26,2025-12-08,20:00,E0,32,21,Wolves,Man United,1,4,A,1,1,D,M Salisbury,8,27,2,10,17,12,1,9,3,2,0,0
2811,2025/26,2025-12-13,15:00,E0,8,11,Chelsea,Everton,2,0,H,2,0,H,T Bramall,17,11,5,2,13,11,4,7,1,0,0,0
2812,2025/26,2025-12-13,15:00,E0,18,5,Liverpool,Brighton,2,0,H,1,0,H,C Pawson,18,14,4,1,8,15,2,2,1,2,0,0
2813,2025/26,2025-12-13,17:30,E0,6,12,Burnley,Fulham,2,3,A,1,2,A,M Oliver,16,6,8,4,8,8,10,4,1,2,0,0
2814,2025/26,2025-12-13,20:00,E0,1,32,Arsenal,Wolves,2,1,H,0,0,D,R Jones,16,3,2,2,7,15,8,0,0,4,0,0
2815,2025/26,2025-12-14,14:00,E0,10,20,Crystal Palace,Man City,0,3,A,0,1,A,D England,16,7,4,6,9,6,2,2,2,0,0,0
2816,2025/26,2025-12-14,14:00,E0,24,27,Nott'm Forest,Tottenham,3,0,H,1,0,H,S Barrott,15,6,6,1,9,13,3,3,1,3,0,0
2817,2025/26,2025-12-14,14:00,E0,28,22,Sunderland,Newcastle,1,0,H,0,0,D,P Bankes,5,6,1,2,10,10,3,6,5,4,0,0
2818,2025/26,2025-12-14,14:00,E0,31,2,West Ham,Aston Villa,2,3,A,2,1,H,A Taylor,10,7,3,4,18,13,5,3,1,2,0,0
2819,2025/26,2025-12-14,16:30,E0,4,16,Brentford,Leeds,1,1,D,0,0,D,J Brooks,7,18,2,4,8,9,0,3,0,0,0,0
2820,2025/26,2025-12-15,20:00,E0,21,3,Man United,Bournemouth,4,4,D,2,1,H,S Hooper,25,14,9,9,15,12,5,4,2,3,0,0
2821,2025/26,2025-12-20,12:30,E0,22,8,Newcastle,Chelsea,2,2,D,2,0,H,A Madley,11,13,5,4,13,14,6,4,3,6,0,0
2822,2025/26,2025-12-20,15:00,E0,3,6,Bournemouth,Burnley,1,1,D,0,0,D,C Kavanagh,16,4,1,1,11,11,5,3,1,1,0,0
2823,2025/26,2025-12-20,15:00,E0,5,28,Brighton,Sunderland,0,0,D,0,0,D,D England,16,14,4,6,11,15,3,4,2,2,0,0
2824,2025/26,2025-12-20,15:00,E0,20,31,Man City,West Ham,3,0,H,2,0,H,P Tierney,17,7,8,3,16,10,6,0,1,1,0,0
2825,2025/26,2025-12-20,15:00,E0,32,4,Wolves,Brentford,0,2,A,0,0,D,M Donohue,9,7,2,6,12,15,3,4,2,4,0,0
2826,2025/26,2025-12-20,17:30,E0,27,18,Tottenham,Liverpool,1,2,A,0,0,D,J Brooks,15,8,4,4,9,7,2,6,3,3,2,0
2827,2025/26,2025-12-20,20:00,E0,11,1,Everton,Arsenal,0,1,A,0,1,A,S Barrott,5,13,1,2,4,5,2,3,2,2,0,0
2828,2025/26,2025-12-20,20:00,E0,16,10,Leeds,Crystal Palace,4,1,H,2,0,H,T Bramall,20,9,8,3,5,10,9,5,1,3,0,0
2829,2025/26,2025-12-21,16:30,E0,2,21,Aston Villa,Man United,2,1,H,1,1,D,M Oliver,12,15,4,6,11,14,5,5,1,2,0,0
2830,2025/26,2025-12-22,20:00,E0,12,24,Fulham,Nott'm Forest,1,0,H,1,0,H,A Taylor,11,12,1,2,5,9,1,5,5,4,0,0
2831,2025/26,2025-12-26,20:00,E0,21,22,Man United,Newcastle,1,0,H,1,0,H,A Taylor,10,16,4,3,9,5,2,11,2,1,0,0
2832,2025/26,2025-12-27,12:30,E0,24,20,Nott'm Forest,Man City,1,2,A,0,0,D,R Jones,7,16,2,5,5,13,5,5,1,2,0,0
2833,2025/26,2025-12-27,15:00,E0,1,5,Arsenal,Brighton,2,1,H,1,0,H,J Brooks,24,8,6,3,7,13,7,2,2,3,0,0
2834,2025/26,2025-12-27,15:00,E0,4,3,Brentford,Bournemouth,4,1,H,2,0,H,P Bankes,15,20,7,10,9,8,2,15,2,2,0,0
2835,2025/26,2025-12-27,15:00,E0,6,11,Burnley,Everton,0,0,D,0,0,D,C Pawson,16,15,0,6,8,8,6,5,0,2,0,0
2836,2025/26,2025-12-27,15:00,E0,18,32,Liverpool,Wolves,2,1,H,2,0,H,S Hooper,14,9,4,4,5,13,6,4,0,1,0,0
2837,2025/26,2025-12-27,15:00,E0,31,12,West Ham,Fulham,0,1,A,0,0,D,C Kavanagh,11,15,2,4,8,8,5,4,1,3,0,0
2838,2025/26,2025-12-27,17:30,E0,8,2,Chelsea,Aston Villa,1,2,A,1,0,H,S Attwell,14,11,3,8,16,8,6,7,5,3,0,0
2839,2025/26,2025-12-28,14:00,E0,28,16,Sunderland,Leeds,1,1,D,1,0,H,T Harrington,8,17,3,6,7,9,3,9,1,0,0,0
2840,2025/26,2025-12-28,16:30,E0,10,27,Crystal Palace,Tottenham,0,1,A,0,1,A,J Gillett,15,8,2,4,7,5,3,2,3,2,0,0
2841,2025/26,2025-12-30,19:30,E0,6,22,Burnley,Newcastle,1,3,A,1,2,A,R Jones,15,20,4,9,9,3,3,4,2,1,0,0
2842,2025/26,2025-12-30,19:30,E0,8,3,Chelsea,Bournemouth,2,2,D,2,2,D,S Barrott,17,17,3,6,5,12,12,3,1,1,0,0
2843,2025/26,2025-12-30,19:30,E0,24,11,Nott'm Forest,Everton,0,2,A,0,1,A,M Oliver,21,11,6,3,11,9,9,2,1,0,0,0
2844,2025/26,2025-12-30,19:30,E0,31,5,West Ham,Brighton,2,2,D,2,1,H,M Salisbury,10,16,4,6,11,18,5,5,3,5,0,0
2845,2025/26,2025-12-30,20:15,E0,1,2,Arsenal,Aston Villa,4,1,H,0,0,D,D England,22,11,7,3,18,9,3,3,2,3,0,0
2846,2025/26,2025-12-30,20:15,E0,21,32,Man United,Wolves,1,1,D,1,1,D,T Bramall,15,11,6,4,9,12,8,4,0,2,0,0
2847,2025/26,2026-01-01,17:30,E0,10,12,Crystal Palace,Fulham,1,1,D,1,0,H,T Harrington,11,17,2,5,7,10,6,3,0,5,0,0
2848,2025/26,2026-01-01,17:30,E0,18,16,Liverpool,Leeds,0,0,D,0,0,D,C Kavanagh,19,4,4,2,10,8,8,3,0,2,0,0
2849,2025/26,2026-01-01,20:00,E0,4,27,Brentford,Tottenham,0,0,D,0,0,D,A Madley,7,9,2,3,8,10,3,1,1,2,0,0
2850,2025/26,2026-01-01,20:00,E0,28,20,Sunderland,Man City,0,0,D,0,0,D,J Gillett,10,14,4,4,9,6,3,5,1,1,0,0
2851,2025/26,2026-01-03,12:30,E0,2,24,Aston Villa,Nott'm Forest,3,1,H,1,0,H,S Hooper,11,10,4,5,10,20,4,4,1,2,0,0
2852,2025/26,2026-01-03,15:00,E0,5,6,Brighton,Burnley,2,0,H,1,0,H,T Robinson,15,5,4,3,7,17,4,4,0,4,0,0
2853,2025/26,2026-01-03,15:00,E0,32,31,Wolves,West Ham,3,0,H,3,0,H,P Bankes,11,6,8,0,11,10,6,7,1,0,0,0
2854,2025/26,2026-01-03,17:30,E0,3,1,Bournemouth,Arsenal,2,3,A,1,1,D,C Kavanagh,15,12,3,5,13,8,7,5,3,1,0,0
2855,2025/26,2026-01-04,12:30,E0,16,21,Leeds,Man United,1,1,D,0,0,D,J Gillett,11,15,3,2,9,9,6,4,0,1,0,0
2856,2025/26,2026-01-04,15:00,E0,11,4,Everton,Brentford,2,4,A,0,1,A,A Taylor,14,11,6,7,9,8,4,5,0,2,0,0
2857,2025/26,2026-01-04,15:00,E0,22,10,Newcastle,Crystal Palace,2,0,H,0,0,D,J Brooks,12,11,7,1,5,12,8,6,1,3,0,0
2858,2025/26,2026-01-04,15:00,E0,27,28,Tottenham,Sunderland,1,1,D,1,0,H,S Attwell,13,10,5,3,10,6,3,5,2,3,0,0
2859,2025/26,2026-01-04,15:15,E0,12,18,Fulham,Liverpool,2,2,D,1,0,H,C Pawson,8,10,2,2,11,4,3,8,1,1,0,0
2860,2025/26,2026-01-04,17:30,E0,20,8,Man City,Chelsea,1,1,D,1,0,H,M Oliver,14,8,3,3,12,14,8,2,3,3,0,0
2861,2025/26,2026-01-06,20:00,E0,31,24,West Ham,Nott'm Forest,1,2,A,1,0,H,T Harrington,14,13,3,5,15,9,6,5,3,0,0,0
2862,2025/26,2026-01-07,19:30,E0,3,27,Bournemouth,Tottenham,3,2,H,2,1,H,D England,11,16,3,4,19,10,3,7,3,3,0,0
2863,2025/26,2026-01-07,19:30,E0,4,28,Brentford,Sunderland,3,0,H,1,0,H,M Donohue,18,11,6,3,13,13,7,4,2,1,0,0
2864,2025/26,2026-01-07,19:30,E0,10,2,Crystal Palace,Aston Villa,0,0,D,0,0,D,A Madley,11,15,5,3,8,3,3,5,2,0,0,0
2865,2025/26,2026-01-07,19:30,E0,11,32,Everton,Wolves,1,1,D,1,0,H,T Kirk,13,13,2,4,13,15,2,7,1,3,2,0
2866,2025/26,2026-01-07,19:30,E0,12,8,Fulham,Chelsea,2,1,H,0,0,D,P Bankes,16,14,5,6,11,6,2,11,3,3,0,1
2867,2025/26,2026-01-07,19:30,E0,20,5,Man City,Brighton,1,1,D,1,0,H,T Bramall,22,6,6,3,6,16,6,2,1,6,0,0
2868,2025/26,2026-01-07,20:15,E0,6,21,Burnley,Man United,2,2,D,1,0,H,S Attwell,7,30,1,10,9,8,2,6,2,0,0,0
2869,2025/26,2026-01-07,20:15,E0,22,16,Newcastle,Leeds,4,3,H,1,2,A,M Salisbury,18,14,8,6,11,10,8,4,3,2,0,0
2870,2025/26,2026-01-08,20:00,E0,1,18,Arsenal,Liverpool,0,0,D,0,0,D,A Taylor,9,8,4,0,10,9,3,0,2,2,0,0
2871,2025/26,2026-01-17,12:30,E0,21,20,Man United,Man City,2,0,H,0,0,D,A Taylor,11,7,7,1,13,8,1,6,2,3,0,0
2872,2025/26,2026-01-17,15:00,E0,8,4,Chelsea,Brentford,2,0,H,1,0,H,J Brooks,6,15,2,5,7,10,3,9,3,2,0,0
2873,2025/26,2026-01-17,15:00,E0,16,12,Leeds,Fulham,1,0,H,0,0,D,C Kavanagh,14,8,5,1,6,11,7,3,1,5,0,0
2874,2025/26,2026-01-17,15:00,E0,18,6,Liverpool,Burnley,1,1,D,1,0,H,A Madley,32,7,11,1,8,10,9,1,1,2,0,0
2875,2025/26,2026-01-17,15:00,E0,28,10,Sunderland,Crystal Palace,2,1,H,1,1,D,R Jones,13,6,7,2,8,15,3,4,3,3,0,0
2876,2025/26,2026-01-17,15:00,E0,27,31,Tottenham,West Ham,1,2,A,0,1,A,J Gillett,21,17,6,4,12,17,11,5,5,3,0,0
2877,2025/26,2026-01-17,17:30,E0,24,1,Nott'm Forest,Arsenal,0,0,D,0,0,D,M Oliver,6,15,0,3,8,14,4,9,1,1,0,0
2878,2025/26,2026-01-18,14:00,E0,32,22,Wolves,Newcastle,0,0,D,0,0,D,S Barrott,6,12,2,2,14,8,4,7,2,2,0,0
2879,2025/26,2026-01-18,16:30,E0,2,11,Aston Villa,Everton,0,1,A,0,0,D,T Harrington,18,9,5,3,15,13,6,4,1,2,0,0
2880,2025/26,2026-01-19,20:00,E0,5,3,Brighton,Bournemouth,1,1,D,0,1,A,P Tierney,17,11,5,2,7,6,11,6,2,3,0,0
2881,2025/26,2026-01-24,12:30,E0,31,28,West Ham,Sunderland,3,1,H,3,0,H,T Bramall,13,7,5,2,9,16,3,3,2,4,0,0
2882,2025/26,2026-01-24,15:00,E0,6,27,Burnley,Tottenham,2,2,D,1,1,D,P Bankes,9,18,4,11,8,9,1,3,1,0,0,0
2883,2025/26,2026-01-24,15:00,E0,12,5,Fulham,Brighton,2,1,H,0,1,A,M Oliver,12,13,4,5,10,6,6,6,1,1,0,0
2884,2025/26,2026-01-24,15:00,E0,20,32,Man City,Wolves,2,0,H,2,0,H,F Hallam,11,11,4,1,16,14,4,6,1,3,0,0
2885,2025/26,2026-01-24,17:30,E0,3,18,Bournemouth,Liverpool,3,2,H,2,1,H,M Salisbury,12,14,5,4,7,7,3,11,1,1,0,0
2886,2025/26,2026-01-25,14:00,E0,4,24,Brentford,Nott'm Forest,0,2,A,0,1,A,S Barrott,10,7,1,2,11,10,6,5,1,0,0,0
2887,2025/26,2026-01-25,14:00,E0,10,8,Crystal Palace,Chelsea,1,3,A,0,1,A,D England,13,10,7,6,11,10,4,5,2,2,1,0
2888,2025/26,2026-01-25,14:00,E0,22,2,Newcastle,Aston Villa,0,2,A,0,1,A,J Gillett,15,14,4,8,7,12,6,5,1,2,0,0
2889,2025/26,2026-01-25,16:30,E0,1,21,Arsenal,Man United,2,3,A,1,1,D,C Pawson,15,10,4,3,11,9,9,2,2,0,0,0
2890,2025/26,2026-01-26,20:00,E0,11,16,Everton,Leeds,1,1,D,0,1,A,S Hooper,10,14,3,4,9,13,4,4,0,3,0,0
2891,2025/26,2026-01-31,15:00,E0,5,11,Brighton,Everton,1,1,D,0,0,D,C Kavanagh,11,7,2,4,13,14,5,2,1,2,0,0
2892,2025/26,2026-01-31,15:00,E0,16,1,Leeds,Arsenal,0,4,A,0,2,A,S Attwell,3,14,1,8,10,7,4,12,1,1,0,0
2893,2025/26,2026-01-31,15:00,E0,32,3,Wolves,Bournemouth,0,2,A,0,1,A,M Oliver,17,9,7,4,11,15,5,6,3,3,0,0
2894,2025/26,2026-01-31,17:30,E0,8,31,Chelsea,West Ham,3,2,H,0,2,A,A Taylor,14,11,6,6,11,13,9,3,3,2,0,1
2895,2025/26,2026-01-31,20:00,E0,18,22,Liverpool,Newcastle,4,1,H,2,1,H,S Hooper,17,8,7,2,11,7,7,11,1,3,0,0
2896,2025/26,2026-02-01,14:00,E0,2,4,Aston Villa,Brentford,0,1,A,0,1,A,T Robinson,27,6,5,2,8,8,12,1,0,3,0,0
2897,2025/26,2026-02-01,14:00,E0,21,12,Man United,Fulham,3,2,H,1,0,H,J Brooks,13,14,6,6,6,9,3,7,2,1,0,0
2898,2025/26,2026-02-01,14:00,E0,24,10,Nott'm Forest,Crystal Palace,1,1,D,1,1,D,M Salisbury,9,14,1,3,4,12,5,7,1,3,0,0
2899,2025/26,2026-02-01,16:30,E0,27,20,Tottenham,Man City,2,2,D,0,2,A,R Jones,12,15,6,3,15,12,3,4,3,3,0,0
2900,2025/26,2026-02-02,20:00,E0,28,6,Sunderland,Burnley,3,0,H,2,0,H,P Tierney,14,5,5,0,12,10,1,2,1,4,0,0
2901,2025/26,2026-02-06,20:00,E0,16,24,Leeds,Nott'm Forest,3,1,H,2,0,H,P Bankes,14,16,5,6,9,12,5,10,1,1,0,0
2902,2025/26,2026-02-07,12:30,E0,21,27,Man United,Tottenham,2,0,H,1,0,H,M Oliver,23,7,10,1,12,11,7,0,1,2,0,1
2903,2025/26,2026-02-07,15:00,E0,1,28,Arsenal,Sunderland,3,0,H,1,0,H,S Barrott,16,5,5,3,11,8,5,2,1,2,0,0
2904,2025/26,2026-02-07,15:00,E0,3,2,Bournemouth,Aston Villa,1,1,D,0,1,A,A Taylor,20,7,9,4,4,11,11,4,1,1,0,0
2905,2025/26,2026-02-07,15:00,E0,6,31,Burnley,West Ham,0,2,A,0,2,A,D England,18,6,5,4,11,10,5,2,3,1,0,0
2906,2025/26,2026-02-07,15:00,E0,12,11,Fulham,Everton,1,2,A,1,0,H,S Attwell,13,16,3,3,11,12,6,6,1,5,0,0
2907,2025/26,2026-02-07,15:00,E0,32,8,Wolves,Chelsea,1,3,A,0,3,A,J Gillett,11,15,3,6,9,10,3,4,1,1,0,0
2908,2025/26,2026-02-07,17:30,E0,22,4,Newcastle,Brentford,2,3,A,1,2,A,A Madley,16,11,4,5,14,18,9,3,2,2,0,0
2909,2025/26,2026-02-08,14:00,E0,5,10,Brighton,Crystal Palace,0,1,A,0,0,D,T Bramall,7,7,2,4,12,9,3,4,1,3,0,0
2910,2025/26,2026-02-08,16:30,E0,18,20,Liverpool,Man City,1,2,A,0,0,D,C Pawson,15,17,4,7,13,16,5,4,2,4,1,0
2911,2025/26,2026-02-10,19:30,E0,8,16,Chelsea,Leeds,2,2,D,1,0,H,R Jones,19,4,4,2,9,13,4,1,4,4,0,0
2912,2025/26,2026-02-10,19:30,E0,11,3,Everton,Bournemouth,1,2,A,1,0,H,A Madley,16,11,6,4,14,15,7,2,1,3,1,0
2913,2025/26,2026-02-10,19:30,E0,27,22,Tottenham,Newcastle,1,2,A,0,1,A,A Taylor,16,21,2,5,15,11,2,12,3,2,0,0
2914,2025/26,2026-02-10,20:15,E0,31,21,West Ham,Man United,1,1,D,0,0,D,S Hooper,7,9,3,3,10,4,5,3,1,1,0,0
2915,2025/26,2026-02-11,19:30,E0,2,5,Aston Villa,Brighton,1,0,H,0,0,D,P Bankes,15,9,1,3,9,15,7,5,2,3,0,0
2916,2025/26,2026-02-11,19:30,E0,10,6,Crystal Palace,Burnley,2,3,A,2,3,A,F Hallam,21,8,3,3,11,8,8,2,2,1,0,0
2917,2025/26,2026-02-11,19:30,E0,20,12,Man City,Fulham,3,0,H,3,0,H,P Tierney,13,14,5,3,8,10,4,4,3,1,0,0
2918,2025/26,2026-02-11,19:30,E0,24,32,Nott'm Forest,Wolves,0,0,D,0,0,D,T Robinson,35,7,10,3,12,13,8,2,0,2,0,0
2919,2025/26,2026-02-11,20:15,E0,28,18,Sunderland,Liverpool,0,1,A,0,0,D,C Kavanagh,11,23,2,3,8,10,3,11,1,0,0,0
2920,2025/26,2026-02-12,20:00,E0,4,1,Brentford,Arsenal,1,1,D,0,0,D,J Brooks,12,7,3,2,12,11,6,4,3,2,0,0
2921,2025/26,2026-02-18,20:00,E0,32,1,Wolves,Arsenal,2,2,D,0,1,A,P Tierney,5,10,2,4,6,8,1,3,2,1,0,0
2922,2025/26,2026-02-21,15:00,E0,2,16,Aston Villa,Leeds,1,1,D,0,1,A,M Oliver,16,14,4,4,11,16,7,2,1,4,0,0
2923,2025/26,2026-02-21,15:00,E0,4,5,Brentford,Brighton,0,2,A,0,2,A,J Gillett,13,11,3,7,9,14,6,4,1,2,0,0
2924,2025/26,2026-02-21,15:00,E0,8,6,Chelsea,Burnley,1,1,D,1,0,H,L Smith,12,12,2,4,13,11,9,5,2,2,1,0
2925,2025/26,2026-02-21,17:30,E0,31,3,West Ham,Bournemouth,0,0,D,0,0,D,S Barrott,20,10,3,5,10,11,9,5,1,1,0,0
2926,2025/26,2026-02-21,20:00,E0,20,22,Man City,Newcastle,2,1,H,2,1,H,T Bramall,15,13,7,7,12,13,5,5,2,5,0,0
2927,2025/26,2026-02-22,14:00,E0,10,32,Crystal Palace,Wolves,1,0,H,0,0,D,T Kirk,14,12,3,7,19,13,7,3,5,1,0,1
2928,2025/26,2026-02-22,14:00,E0,24,18,Nott'm Forest,Liverpool,0,1,A,0,0,D,A Taylor,18,10,2,4,13,9,7,2,2,0,0,0
2929,2025/26,2026-02-22,14:00,E0,28,12,Sunderland,Fulham,1,3,A,0,0,D,C Pawson,12,12,2,4,6,13,6,4,1,1,0,0
2930,2025/26,2026-02-22,16:30,E0,27,1,Tottenham,Arsenal,1,4,A,1,1,D,P Bankes,6,20,5,7,17,11,2,5,2,1,0,0
2931,2025/26,2026-02-23,20:00,E0,11,21,Everton,Man United,0,1,A,0,0,D,D England,12,11,4,3,12,7,10,1,2,3,0,0
2932,2025/26,2026-02-27,20:00,E0,32,2,Wolves,Aston Villa,2,0,H,0,0,D,C Pawson,9,14,2,5,13,19,0,5,3,3,0,0
2933,2025/26,2026-02-28,12:30,E0,3,28,Bournemouth,Sunderland,1,1,D,0,1,A,J Gillett,21,8,5,4,15,12,7,3,4,2,0,0
2934,2025/26,2026-02-28,15:00,E0,6,4,Burnley,Brentford,3,4,A,1,3,A,S Barrott,12,16,3,7,9,9,4,8,2,2,0,0
2935,2025/26,2026-02-28,15:00,E0,18,31,Liverpool,West Ham,5,2,H,3,0,H,T Robinson,18,11,7,4,12,11,10,5,2,2,0,0
2936,2025/26,2026-02-28,15:00,E0,22,11,Newcastle,Everton,2,3,A,1,2,A,S Attwell,17,9,7,5,15,7,7,2,2,3,0,0
2937,2025/26,2026-02-28,17:30,E0,16,20,Leeds,Man City,0,1,A,0,1,A,P Bankes,14,14,2,5,10,8,5,3,0,3,0,0
2938,2025/26,2026-03-01,14:00,E0,5,24,Brighton,Nott'm Forest,2,1,H,2,1,H,A Madley,14,13,7,4,12,13,4,4,3,1,0,0
2939,2025/26,2026-03-01,14:00,E0,12,27,Fulham,Tottenham,2,1,H,2,0,H,T Bramall,18,13,4,1,11,14,5,8,3,3,0,0
2940,2025/26,2026-03-01,14:00,E0,21,10,Man United,Crystal Palace,2,1,H,0,1,A,C Kavanagh,20,8,11,3,13,12,7,1,2,2,0,1
2941,2025/26,2026-03-01,16:30,E0,1,8,Arsenal,Chelsea,2,1,H,1,1,D,D England,12,9,5,3,11,14,5,10,1,3,0,1
2942,2025/26,2026-03-03,19:30,E0,3,4,Bournemouth,Brentford,0,0,D,0,0,D,C Pawson,13,5,2,2,9,10,4,3,2,1,0,0
2943,2025/26,2026-03-03,19:30,E0,11,6,Everton,Burnley,2,0,H,1,0,H,T Robinson,14,5,5,2,10,12,6,3,0,1,0,0
2944,2025/26,2026-03-03,19:30,E0,16,28,Leeds,Sunderland,0,1,A,0,0,D,S Attwell,18,3,4,1,15,19,9,2,1,3,0,0
2945,2025/26,2026-03-03,20:15,E0,32,18,Wolves,Liverpool,2,1,H,0,0,D,T Bramall,4,19,3,7,10,13,2,11,2,1,0,0
2946,2025/26,2026-03-04,19:30,E0,2,8,Aston Villa,Chelsea,1,4,A,1,2,A,J Gillett,9,15,4,8,10,9,3,8,3,2,0,0
2947,2025/26,2026-03-04,19:30,E0,5,1,Brighton,Arsenal,0,1,A,0,1,A,C Kavanagh,11,7,3,2,14,12,4,3,4,1,0,0
2948,2025/26,2026-03-04,19:30,E0,12,31,Fulham,West Ham,0,1,A,0,0,D,M Donohue,13,9,5,3,14,12,7,5,2,4,0,0
2949,2025/26,2026-03-04,19:30,E0,20,24,Man City,Nott'm Forest,2,2,D,1,0,H,D England,21,9,7,4,10,6,6,1,0,4,0,0
2950,2025/26,2026-03-04,20:15,E0,22,21,Newcastle,Man United,2,1,H,1,1,D,P Bankes,12,14,5,5,15,16,2,4,2,3,1,0
2951,2025/26,2026-03-05,20:00,E0,27,10,Tottenham,Crystal Palace,1,3,A,1,3,A,A Madley,12,9,4,4,14,14,6,3,3,2,0,0
2952,2025/26,2026-03-14,15:00,E0,6,3,Burnley,Bournemouth,0,0,D,0,0,D,P Bankes,15,22,2,3,11,5,5,8,1,0,0,0
2953,2025/26,2026-03-14,15:00,E0,28,5,Sunderland,Brighton,0,1,A,0,0,D,T Kirk,14,12,4,4,7,12,7,3,1,2,0,0
2954,2025/26,2026-03-14,17:30,E0,1,11,Arsenal,Everton,2,0,H,0,0,D,A Madley,25,9,7,3,11,12,8,3,0,0,0,0
2955,2025/26,2026-03-14,17:30,E0,8,22,Chelsea,Newcastle,0,1,A,0,1,A,P Tierney,22,7,3,5,9,10,8,1,2,2,0,0
2956,2025/26,2026-03-14,20:00,E0,31,20,West Ham,Man City,1,1,D,1,1,D,M Oliver,1,24,1,6,14,5,1,15,2,2,0,0
2957,2025/26,2026-03-15,14:00,E0,10,16,Crystal Palace,Leeds,0,0,D,0,0,D,T Bramall,12,10,0,3,12,11,8,3,2,1,0,1
2958,2025/26,2026-03-15,14:00,E0,21,2,Man United,Aston Villa,3,1,H,0,0,D,A Taylor,16,9,6,2,10,5,6,6,3,2,0,0
2959,2025/26,2026-03-15,14:00,E0,24,12,Nott'm Forest,Fulham,0,0,D,0,0,D,S Barrott,11,5,2,0,8,10,5,4,2,3,0,0
2960,2025/26,2026-03-15,16:30,E0,18,27,Liverpool,Tottenham,1,1,D,1,0,H,C Kavanagh,17,13,4,7,8,13,3,4,0,0,0,0
2961,2025/26,2026-03-16,20:00,E0,4,32,Brentford,Wolves,2,2,D,2,1,H,S Attwell,10,13,3,4,12,10,1,5,2,4,0,0
2962,2025/26,2026-03-20,20:00,E0,3,21,Bournemouth,Man United,2,2,D,0,0,D,S Attwell,16,14,5,5,10,9,6,8,2,2,0,1
2963,2025/26,2026-03-21,12:30,E0,5,18,Brighton,Liverpool,2,1,H,1,1,D,D England,16,12,7,5,11,11,4,8,5,5,0,0
2964,2025/26,2026-03-21,15:00,E0,12,6,Fulham,Burnley,3,1,H,0,0,D,C Kavanagh,22,9,6,5,6,9,6,6,2,2,0,1
2965,2025/26,2026-03-21,17:30,E0,11,8,Everton,Chelsea,3,0,H,1,0,H,S Barrott,10,12,9,4,6,7,3,9,0,2,0,0
2966,2025/26,2026-03-21,20:00,E0,16,4,Leeds,Brentford,0,0,D,0,0,D,J Gillett,14,6,4,2,6,9,6,2,2,0,0,0
2967,2025/26,2026-03-22,12:00,E0,22,28,Newcastle,Sunderland,1,2,A,1,0,H,A Taylor,16,17,4,7,8,19,9,5,1,6,0,0
2968,2025/26,2026-03-22,14:15,E0,2,31,Aston Villa,West Ham,2,0,H,1,0,H,P Tierney,23,9,7,1,3,7,6,6,0,1,0,0
2969,2025/26,2026-03-22,14:15,E0,27,24,Tottenham,Nott'm Forest,0,3,A,0,1,A,M Oliver,14,8,3,7,13,13,13,3,1,2,0,0
2970,2025/26,2026-04-10,20:00,E0,31,32,West Ham,Wolves,4,0,H,1,0,H,J Gillett,18,14,7,3,11,7,5,2,2,2,0,0
2971,2025/26,2026-04-11,12:30,E0,1,3,Arsenal,Bournemouth,1,2,A,1,1,D,M Oliver,15,8,3,3,12,18,10,1,1,3,0,0
2972,2025/26,2026-04-11,15:00,E0,4,11,Brentford,Everton,2,2,D,1,1,D,F Hallam,17,14,4,7,6,7,2,3,0,2,0,0
2973,2025/26,2026-04-11,15:00,E0,6,5,Burnley,Brighton,0,2,A,0,1,A,T Bramall,10,13,5,6,7,11,8,2,2,1,0,0
2974,2025/26,2026-04-11,17:30,E0,18,12,Liverpool,Fulham,2,0,H,2,0,H,A Taylor,18,19,5,4,10,4,6,9,0,0,0,0
2975,2025/26,2026-04-12,14:00,E0,10,22,Crystal Palace,Newcastle,2,1,H,0,1,A,A Madley,11,7,5,3,17,12,2,4,0,3,0,0
2976,2025/26,2026-04-12,14:00,E0,24,2,Nott'm Forest,Aston Villa,1,1,D,1,1,D,M Salisbury,15,12,4,5,15,10,7,3,2,2,0,0
2977,2025/26,2026-04-12,14:00,E0,28,27,Sunderland,Tottenham,1,0,H,0,0,D,R Jones,13,11,2,7,14,15,2,6,3,3,0,0
2978,2025/26,2026-04-12,16:30,E0,8,20,Chelsea,Man City,0,3,A,0,0,D,C Kavanagh,12,18,3,8,10,14,4,12,3,1,0,0
2979,2025/26,2026-04-13,20:00,E0,21,16,Man United,Leeds,1,2,A,0,2,A,P Tierney,20,15,9,6,12,15,11,4,3,2,1,0
2980,2025/26,2026-04-18,12:30,E0,4,12,Brentford,Fulham,0,0,D,0,0,D,P Tierney,13,11,4,0,8,13,9,3,0,1,0,0
2981,2025/26,2026-04-18,15:00,E0,16,32,Leeds,Wolves,3,0,H,2,0,H,F Hallam,17,7,6,2,9,17,5,6,2,1,0,0
2982,2025/26,2026-04-18,15:00,E0,22,3,Newcastle,Bournemouth,1,2,A,0,1,A,T Bramall,12,12,3,3,11,12,2,3,2,4,0,0
2983,2025/26,2026-04-18,17:30,E0,27,5,Tottenham,Brighton,2,2,D,1,1,D,S Attwell,13,10,6,3,14,14,7,5,3,1,0,0
2984,2025/26,2026-04-18,20:00,E0,8,21,Chelsea,Man United,0,1,A,0,1,A,M Oliver,21,4,3,1,12,13,7,1,1,3,0,0
2985,2025/26,2026-04-19,14:00,E0,2,28,Aston Villa,Sunderland,4,3,H,2,1,H,S Barrott,15,10,7,7,11,11,4,5,1,3,0,0
2986,2025/26,2026-04-19,14:00,E0,11,18,Everton,Liverpool,1,2,A,0,1,A,C Kavanagh,10,14,4,6,8,12,1,6,2,0,0,0
2987,2025/26,2026-04-19,14:00,E0,24,6,Nott'm Forest,Burnley,4,1,H,0,1,A,T Kirk,10,4,4,3,8,12,4,4,0,2,0,0
2988,2025/26,2026-04-19,16:30,E0,20,1,Man City,Arsenal,2,1,H,1,1,D,A Taylor,15,9,5,3,5,12,8,5,2,2,0,0
2989,2025/26,2026-04-20,20:00,E0,10,31,Crystal Palace,West Ham,0,0,D,0,0,D,D England,9,9,1,4,13,12,4,6,2,1,0,0
2990,2025/26,2026-04-21,20:00,E0,5,8,Brighton,Chelsea,3,0,H,1,0,H,C Pawson,15,6,9,0,15,6,6,5,1,1,0,0
2991,2025/26,2026-04-22,20:00,E0,3,16,Bournemouth,Leeds,2,2,D,0,0,D,M Salisbury,17,10,7,3,6,10,12,1,3,0,0,0
2992,2025/26,2026-04-22,20:00,E0,6,20,Burnley,Man City,0,1,A,0,1,A,A Madley,9,28,1,9,10,12,3,11,0,0,0,0
2993,2025/26,2026-04-24,20:00,E0,28,24,Sunderland,Nott'm Forest,0,5,A,0,4,A,D England,14,10,4,6,13,15,3,6,2,5,0,0
2994,2025/26,2026-04-25,12:30,E0,12,2,Fulham,Aston Villa,1,0,H,1,0,H,M Oliver,13,10,6,1,14,12,2,5,2,2,0,0
2995,2025/26,2026-04-25,15:00,E0,18,10,Liverpool,Crystal Palace,3,1,H,2,0,H,A Madley,9,14,3,7,10,10,5,8,1,3,0,0
2996,2025/26,2026-04-25,15:00,E0,31,11,West Ham,Everton,2,1,H,0,0,D,S Attwell,10,11,3,3,9,11,3,4,3,4,0,0
2997,2025/26,2026-04-25,15:00,E0,32,27,Wolves,Tottenham,0,1,A,0,0,D,A Taylor,11,11,2,2,8,14,5,5,3,4,0,0
2998,2025/26,2026-04-25,17:30,E0,1,22,Arsenal,Newcastle,1,0,H,1,0,H,S Barrott,11,13,4,3,13,10,7,2,2,2,0,0
2999,2025/26,2026-04-27,20:00,E0,21,4,Man United,Brentford,2,1,H,2,0,H,C Kavanagh,11,12,6,4,6,9,7,8,2,4,0,0
3000,2025/26,2026-05-01,20:00,E0,16,6,Leeds,Burnley,3,1,H,1,0,H,T Bramall,18,9,8,3,12,11,5,0,4,3,0,0
3001,2025/26,2026-05-02,15:00,E0,4,31,Brentford,West Ham,3,0,H,1,0,H,C Pawson,14,13,6,4,8,12,2,6,1,3,0,0
3002,2025/26,2026-05-02,15:00,E0,22,5,Newcastle,Brighton,3,1,H,2,0,H,C Kavanagh,13,13,6,4,10,12,2,10,3,3,0,0
3003,2025/26,2026-05-02,15:00,E0,32,28,Wolves,Sunderland,1,1,D,0,1,A,P Tierney,20,10,7,2,11,11,6,3,0,4,0,1
3004,2025/26,2026-05-02,17:30,E0,1,12,Arsenal,Fulham,3,0,H,3,0,H,J Gillett,18,10,9,1,7,12,3,4,0,1,0,0
3005,2025/26,2026-05-03,14:00,E0,3,10,Bournemouth,Crystal Palace,3,0,H,2,0,H,R Jones,16,7,5,1,10,11,7,1,0,2,0,0
3006,2025/26,2026-05-03,15:30,E0,21,18,Man United,Liverpool,3,2,H,2,0,H,D England,18,13,6,5,12,11,3,2,2,2,0,0
3007,2025/26,2026-05-03,19:00,E0,2,27,Aston Villa,Tottenham,1,2,A,0,2,A,S Barrott,5,10,1,5,12,12,5,5,2,5,0,0
3008,2025/26,2026-05-04,15:00,E0,8,24,Chelsea,Nott'm Forest,1,3,A,0,2,A,A Taylor,21,6,5,4,12,10,10,1,3,1,0,0
3009,2025/26,2026-05-04,20:00,E0,11,20,Everton,Man City,3,3,D,0,1,A,M Oliver,14,21,6,4,15,5,5,9,4,1,0,0
3010,2025/26,2026-05-09,12:30,E0,18,8,Liverpool,Chelsea,1,1,D,1,1,D,C Pawson,8,6,3,3,17,17,5,2,2,4,0,0
3011,2025/26,2026-05-09,15:00,E0,5,32,Brighton,Wolves,3,0,H,2,0,H,J Brooks,14,5,6,1,9,11,7,1,1,2,0,0
3012,2025/26,2026-05-09,15:00,E0,12,3,Fulham,Bournemouth,0,1,A,0,0,D,A Madley,14,10,2,5,12,21,11,2,4,2,1,1
3013,2025/26,2026-05-09,15:00,E0,28,21,Sunderland,Man United,0,0,D,0,0,D,S Attwell,15,11,4,1,12,12,7,8,0,3,0,0
3014,2025/26,2026-05-09,17:30,E0,20,4,Man City,Brentford,3,0,H,0,0,D,M Salisbury,25,4,10,2,8,14,10,2,4,2,0,0
3015,2025/26,2026-05-10,14:00,E0,6,2,Burnley,Aston Villa,2,2,D,1,1,D,A Taylor,15,18,6,7,18,8,2,8,1,1,0,0
3016,2025/26,2026-05-10,14:00,E0,10,11,Crystal Palace,Everton,2,2,D,1,1,D,T Bramall,21,13,8,6,5,13,5,10,0,2,0,0
3017,2025/26,2026-05-10,14:00,E0,24,22,Nott'm Forest,Newcastle,1,1,D,0,0,D,P Tierney,17,16,6,6,16,11,2,1,2,0,0,0
3018,2025/26,2026-05-10,16:30,E0,31,1,West Ham,Arsenal,0,1,A,0,0,D,C Kavanagh,9,15,3,4,14,12,4,3,3,4,0,0
3019,2025/26,2026-05-11,20:00,E0,27,16,Tottenham,Leeds,1,1,D,0,0,D,J Gillett,16,11,3,4,12,7,14,2,3,1,0,0
3020,2025/26,2026-05-13,20:00,E0,20,10,Man City,Crystal Palace,3,0,H,2,0,H,S Attwell,15,6,4,2,10,7,9,4,0,2,0,0
3021,2025/26,2026-05-15,20:00,E0,2,18,Aston Villa,Liverpool,4,2,H,1,0,H,C Kavanagh,14,16,9,5,12,9,4,9,3,1,0,0
3022,2025/26,2026-05-17,12:30,E0,21,24,Man United,Nott'm Forest,3,2,H,1,0,H,M Salisbury,29,11,8,4,11,5,7,6,2,1,0,0
3023,2025/26,2026-05-17,15:00,E0,4,10,Brentford,Crystal Palace,2,2,D,1,1,D,S Barrott,14,16,3,5,7,5,9,4,1,3,0,0
3024,2025/26,2026-05-17,15:00,E0,11,28,Everton,Sunderland,1,3,A,1,0,H,J Brooks,10,7,4,3,14,9,3,2,3,0,0,0
3025,2025/26,2026-05-17,15:00,E0,16,5,Leeds,Brighton,1,0,H,0,0,D,M Oliver,7,19,1,8,9,7,7,8,1,0,0,0
3026,2025/26,2026-05-17,15:00,E0,32,12,Wolves,Fulham,1,1,D,1,1,D,T Kirk,11,13,3,5,20,8,3,6,1,0,0,0
3027,2025/26,2026-05-17,17:30,E0,22,31,Newcastle,West Ham,3,1,H,2,0,H,J Gillett,15,15,7,8,8,11,9,1,1,3,0,0
3028,2025/26,2026-05-18,20:00,E0,1,6,Arsenal,Burnley,1,0,H,1,0,H,P Tierney,13,5,3,0,7,16,3,3,1,3,0,0
3029,2025/26,2026-05-19,19:30,E0,3,20,Bournemouth,Man City,1,1,D,1,0,H,A Taylor,10,14,2,5,16,7,7,6,4,2,0,0
3030,2025/26,2026-05-19,20:15,E0,8,27,Chelsea,Tottenham,2,1,H,1,0,H,S Attwell,9,9,4,3,11,18,3,4,4,3,0,0
3031,2025/26,2026-05-24,16:00,E0,5,21,Brighton,Man United,0,3,A,0,2,A,S Barrott,13,11,2,7,11,8,0,3,0,1,0,0
3032,2025/26,2026-05-24,16:00,E0,6,32,Burnley,Wolves,1,1,D,0,1,A,A Kitchen,16,16,8,4,10,11,7,7,2,2,0,0
3033,2025/26,2026-05-24,16:00,E0,10,1,Crystal Palace,Arsenal,1,2,A,0,1,A,F Hallam,8,17,3,7,9,12,3,4,0,1,0,0
3034,2025/26,2026-05-24,16:00,E0,12,22,Fulham,Newcastle,2,0,H,1,0,H,R Jones,21,7,6,2,13,6,6,6,2,2,0,0
3035,2025/26,2026-05-24,16:00,E0,18,4,Liverpool,Brentford,1,1,D,0,0,D,D England,24,11,8,2,9,9,14,2,2,3,0,0
3036,2025/26,2026-05-24,16:00,E0,20,2,Man City,Aston Villa,1,2,A,1,0,H,A Madley,16,12,3,5,8,4,9,4,1,0,0,0
3037,2025/26,2026-05-24,16:00,E0,24,3,Nott'm Forest,Bournemouth,1,1,D,1,0,H,C Pawson,15,17,5,4,11,7,6,3,1,1,0,0
3038,2025/26,2026-05-24,16:00,E0,28,8,Sunderland,Chelsea,2,1,H,1,0,H,C Kavanagh,20,10,2,1,15,18,7,7,3,2,0,0
3039,2025/26,2026-05-24,16:00,E0,27,11,Tottenham,Everton,1,0,H,1,0,H,M Oliver,21,8,6,3,15,12,6,2,5,3,0,1
3040,2025/26,2026-05-24,16:00,E0,31,16,West Ham,Leeds,3,0,H,0,0,D,A Taylor,16,13,9,3,11,14,6,4,0,3,0,0
