player_id,season,team_id,Age,MP,Starts,Min,90s,Gls,Ast,G+A,G-PK,PK,PKatt,CrdY,CrdR,xG,npxG,xAG,npxG+xAG,G+A-PK,xG+xAG,PrgC,PrgP,PrgR,Sh,SoT,SoT%,Sh/90,SoT/90,G/Sh,G/SoT,Dist,FK,PK_stats_shooting,PKatt_stats_shooting,xG_stats_shooting,npxG_stats_shooting,npxG/Sh,G-xG,np:G-xG,Cmp,Att,Cmp%,TotDist,PrgDist,Ast_stats_passing,xAG_stats_passing,xA,A-xAG,KP,1/3,PPA,CrsPA,PrgP_stats_passing,Live,Dead,FK_stats_passing_types,TB,Sw,Crs,TI,CK,In,Out,Str,Cmp_stats_passing_types,Tkl,TklW,Def 3rd,Mid 3rd,Att 3rd,Att_stats_defense,Tkl%,Lost,Blocks_stats_defense,Sh_stats_defense,Pass,Int,Tkl+Int,Clr,Err,SCA,SCA90,PassLive,PassDead,TO,Sh_stats_gca,Fld,Def,GCA,GCA90,Touches,Def Pen,Def 3rd_stats_possession,Mid 3rd_stats_possession,Att 3rd_stats_possession,Att Pen,Live_stats_possession,Att_stats_possession,Succ,Succ%,Tkld,Tkld%,Carries,TotDist_stats_possession,PrgDist_stats_possession,PrgC_stats_possession,1/3_stats_possession,CPA,Mis,Dis,Rec,PrgR_stats_possession,CrdY_stats_misc,CrdR_stats_misc,2CrdY,Fls,Fld_stats_misc,Off_stats_misc,Crs_stats_misc,Int_stats_misc,TklW_stats_misc,PKwon,PKcon,OG,Recov,Won,Lost_stats_misc,Won%,GA,GA90,SoTA,Saves,Save%,W,D,L,CS,CS%,PKatt_stats_keeper,PKA,PKsv,PKm,PSxG,PSxG/SoT,PSxG+/-,/90,Cmp_stats_keeper_adv,Att_stats_keeper_adv,Cmp%_stats_keeper_adv,Att (GK),Thr,Launch%,AvgLen,Opp,Stp,Stp%,#OPA,#OPA/90,AvgDist
1,2025/26,1,27.0,1,1,70.0,0.8,0,0,0,0,0,0,0,0,0.0,0.0,0.0,0.1,0.0,0.07,1,4,0,1,0,0.0,1.29,0.0,0.0,,29.2,0,0,0,0.0,0.0,0.01,0.0,0.0,21,27,77.8,353,131,0,0.0,0.0,0.0,1,5,0,0,4,22,5,0,0,0,1,5,0,0,0,0,21,2,1,2,0,0,1,0.0,1,2,1,1,1,3,4,0,2,2.57,2,0,0,0,0,0,0,0.0,38,4,11,20,8,0,38,1,1,100.0,0,0.0,13,53,25,1,1,0,0,0,14,0,0,0,0,2,0,0,1,1,1,0,0,0,4,2,1,66.7,,,,,,,,,,,,,,,,,,,,,,,,,,,,,,,
2,2025/26,1,24.0,2,2,142.0,1.6,1,0,1,1,0,0,0,0,0.3,0.3,0.1,0.4,0.63,0.23,5,2,15,2,1,50.0,1.27,0.63,0.5,1.0,11.0,0,0,0,0.3,0.3,0.13,0.7,0.7,33,40,82.5,541,70,0,0.1,0.1,-0.1,3,0,1,0,2,35,5,0,0,0,7,2,3,2,0,0,33,3,2,1,2,0,2,50.0,1,1,0,1,0,3,0,0,4,2.54,3,0,1,0,0,0,0,0.0,62,1,4,20,39,5,62,10,3,30.0,7,70.0,41,329,182,5,3,3,4,2,40,15,0,0,0,0,1,0,7,0,2,0,0,0,6,0,3,0.0,,,,,,,,,,,,,,,,,,,,,,,,,,,,,,,
3,2025/26,1,21.0,3,1,203.0,2.3,0,0,0,0,0,0,0,0,0.0,0.0,0.0,0.0,0.0,0.0,2,5,0,0,0,,0.0,0.0,,,,0,0,0,0.0,0.0,,0.0,0.0,135,148,91.2,2325,692,0,0.0,0.0,0.0,0,3,0,0,5,143,4,0,0,0,0,4,0,0,0,0,135,8,6,3,4,1,3,100.0,0,3,2,1,2,10,7,0,1,0.44,1,0,0,0,0,0,0,0.0,168,12,79,83,7,2,168,1,0,0.0,1,100.0,112,602,337,2,1,0,1,0,118,0,0,0,0,0,0,1,0,2,6,0,0,0,9,1,1,50.0,,,,,,,,,,,,,,,,,,,,,,,,,,,,,,,
4,2025/26,1,30.0,4,4,360.0,4.0,0,0,0,0,0,0,1,0,0.0,0.0,0.1,0.1,0.0,0.01,0,1,0,0,0,,0.0,0.0,,,,0,0,0,0.0,0.0,,0.0,0.0,117,153,76.5,3340,2465,0,0.1,0.0,-0.1,1,10,0,0,1,130,23,11,0,0,0,0,0,0,0,0,117,0,0,0,0,0,0,,0,0,0,0,0,0,0,1,2,0.5,2,0,0,0,0,0,0,0.0,159,115,151,9,0,0,159,0,0,,0,,104,399,188,0,0,0,0,0,92,0,1,0,0,0,0,0,0,0,0,0,0,0,8,1,0,100.0,1.0,0.25,12.0,11.0,91.7,3.0,0.0,1.0,3.0,75.0,0.0,0.0,0.0,0.0,1.2,0.1,0.2,0.06,24.0,59.0,40.7,141.0,22.0,34.0,33.3,29.0,5.0,17.2,4.0,1.0,14.6
5,2025/26,1,26.0,4,3,285.0,3.2,0,1,1,0,0,0,0,0,0.1,0.1,0.5,0.7,0.32,0.21,7,13,1,4,0,0.0,1.26,0.0,0.0,,26.1,2,0,0,0.1,0.1,0.04,-0.1,-0.1,145,168,86.3,2538,610,1,0.5,0.7,0.5,4,9,1,0,13,150,18,6,0,1,13,1,10,4,6,0,145,1,1,0,1,0,2,0.0,2,3,2,1,3,4,2,0,7,2.21,3,4,0,0,0,0,2,0.63,188,11,46,100,45,4,188,3,2,66.7,1,33.3,114,619,254,7,4,1,4,2,128,1,0,0,0,3,0,0,13,3,1,0,0,0,15,0,2,0.0,,,,,,,,,,,,,,,,,,,,,,,,,,,,,,,
6,2025/26,1,27.0,2,1,99.0,1.1,0,1,1,0,0,0,0,0,0.1,0.1,0.5,0.5,0.91,0.47,5,4,10,2,0,0.0,1.82,0.0,0.0,,19.7,0,0,0,0.1,0.1,0.03,-0.1,-0.1,29,35,82.9,431,100,1,0.5,0.5,0.5,1,1,1,0,4,34,1,0,1,1,2,0,1,1,0,0,29,0,0,0,0,0,0,,0,1,0,1,0,0,0,0,5,4.55,4,0,1,0,0,0,1,0.91,50,0,2,16,33,4,50,8,4,50.0,4,50.0,33,306,191,5,3,1,3,0,40,10,0,0,0,0,2,1,2,0,0,0,0,0,3,2,2,50.0,,,,,,,,,,,,,,,,,,,,,,,,,,,,,,,
7,2025/26,1,18.0,2,0,126.0,1.4,0,0,0,0,0,0,0,0,0.2,0.2,0.0,0.2,0.0,0.15,5,9,5,4,0,0.0,2.86,0.0,0.0,,18.1,0,0,0,0.2,0.2,0.04,-0.2,-0.2,60,66,90.9,1167,269,0,0.0,0.0,0.0,1,5,0,0,9,62,4,2,1,1,1,0,0,0,0,0,60,0,0,0,0,0,1,0.0,1,3,0,3,0,0,1,0,4,2.86,3,0,0,1,0,0,1,0.71,85,2,9,47,31,5,85,5,2,40.0,3,60.0,53,448,227,5,5,0,1,2,66,5,0,0,0,1,0,0,1,0,0,0,0,0,6,0,2,0.0,,,,,,,,,,,,,,,,,,,,,,,,,,,,,,,
8,2025/26,1,27.0,4,4,360.0,4.0,0,0,0,0,0,0,0,0,0.3,0.3,0.0,0.3,0.0,0.07,4,17,1,4,0,0.0,1.0,0.0,0.0,,17.2,0,0,0,0.3,0.3,0.07,-0.3,-0.3,212,239,88.7,3948,1100,0,0.0,0.0,0.0,0,10,0,0,17,224,15,5,0,1,0,0,0,0,0,0,212,4,3,3,1,0,2,50.0,1,9,7,2,3,7,13,0,5,1.25,2,0,0,2,1,0,0,0.0,281,40,124,134,23,5,281,2,1,50.0,1,50.0,176,884,576,4,2,0,3,0,204,1,0,0,0,2,5,0,0,3,3,0,0,0,10,7,6,53.8,,,,,,,,,,,,,,,,,,,,,,,,,,,,,,,
9,2025/26,1,24.0,3,2,141.0,1.6,0,0,0,0,0,0,0,0,0.0,0.0,0.0,0.1,0.0,0.04,4,3,4,1,1,100.0,0.64,0.64,0.0,0.0,16.6,0,0,0,0.0,0.0,0.02,0.0,0.0,13,21,61.9,249,38,0,0.0,0.0,0.0,1,1,0,0,3,19,1,1,0,1,2,0,0,0,0,0,13,2,2,0,2,0,2,50.0,1,1,0,1,0,2,0,0,1,0.64,1,0,0,0,0,0,0,0.0,33,1,7,12,17,6,33,1,0,0.0,1,100.0,17,202,129,4,3,1,5,1,14,4,0,0,0,0,2,0,2,0,2,0,0,0,6,0,0,,,,,,,,,,,,,,,,,,,,,,,,,,,,,,,,
10,2025/26,1,24.0,4,3,263.0,2.9,2,1,3,2,0,0,1,0,1.1,1.1,0.2,1.3,1.03,0.44,7,20,8,5,3,60.0,1.71,1.03,0.4,0.67,6.4,0,0,0,1.1,1.1,0.24,0.9,0.9,109,129,84.5,1863,564,1,0.2,0.1,0.8,3,14,3,0,20,106,23,2,2,1,2,21,0,0,0,0,109,10,5,4,3,3,5,80.0,1,2,0,2,2,12,11,0,8,2.74,4,1,0,3,0,0,2,0.68,172,10,36,86,54,9,172,8,1,12.5,6,75.0,91,496,279,7,7,0,5,2,101,8,1,0,0,5,4,0,2,2,5,0,0,0,8,4,2,66.7,,,,,,,,,,,,,,,,,,,,,,,,,,,,,,,
11,2025/26,1,26.0,1,0,31.0,0.3,0,0,0,0,0,0,0,0,0.0,0.0,0.0,0.0,0.0,0.0,1,2,2,0,0,,0.0,0.0,,,,0,0,0,0.0,0.0,,0.0,0.0,5,9,55.6,79,33,0,0.0,0.0,0.0,0,0,0,0,2,9,0,0,0,0,0,0,0,0,0,0,5,0,0,0,0,0,1,0.0,1,0,0,0,0,0,1,0,3,8.71,2,0,0,0,1,0,0,0.0,16,0,2,5,10,1,16,4,1,25.0,1,25.0,11,75,21,1,1,1,1,1,12,2,0,0,0,0,2,0,0,0,0,0,0,0,2,2,2,50.0,,,,,,,,,,,,,,,,,,,,,,,,,,,,,,,
12,2025/26,1,30.0,2,0,50.0,0.6,0,1,1,0,0,0,0,0,0.1,0.1,0.1,0.2,1.8,0.36,1,1,4,1,0,0.0,1.8,0.0,0.0,,9.2,0,0,0,0.1,0.1,0.07,-0.1,-0.1,13,19,68.4,321,120,1,0.1,0.3,0.9,2,1,3,2,1,19,0,0,1,1,2,0,0,0,0,0,13,0,0,0,0,0,2,0.0,2,1,0,1,0,0,0,0,4,7.2,2,0,1,1,0,0,1,1.8,25,0,4,8,14,3,25,3,1,33.3,2,66.7,18,95,19,1,1,1,0,1,20,4,0,0,0,0,0,0,2,0,0,0,0,0,0,0,0,,,,,,,,,,,,,,,,,,,,,,,,,,,,,,,,
13,2025/26,1,26.0,4,3,165.0,1.8,0,0,0,0,0,0,0,0,0.1,0.1,0.1,0.3,0.0,0.16,8,15,4,4,1,25.0,2.18,0.55,0.0,0.0,21.7,0,0,0,0.1,0.1,0.04,-0.1,-0.1,75,99,75.8,1315,454,0,0.1,0.4,-0.1,1,14,4,0,15,92,6,2,3,0,4,1,1,1,0,0,75,2,1,1,0,1,0,,0,0,0,0,1,3,5,0,5,2.73,1,0,2,1,1,0,1,0.55,117,3,18,56,45,4,117,5,3,60.0,2,40.0,71,575,340,8,7,2,2,0,81,4,0,0,0,1,2,0,4,1,1,0,0,0,9,0,0,,,,,,,,,,,,,,,,,,,,,,,,,,,,,,,,
14,2025/26,1,26.0,4,4,360.0,4.0,2,0,2,2,0,0,1,0,0.2,0.2,0.0,0.2,0.5,0.06,3,15,4,5,2,40.0,1.25,0.5,0.4,1.0,19.4,0,0,0,0.2,0.2,0.04,1.8,1.8,182,211,86.3,2901,739,0,0.0,0.1,0.0,1,12,1,0,15,207,4,4,0,0,0,0,0,0,0,0,182,6,3,3,3,0,6,50.0,3,10,1,9,4,10,2,0,3,0.75,3,0,0,0,0,0,1,0.25,246,11,50,163,34,3,246,1,1,100.0,0,0.0,143,771,287,3,1,0,3,1,170,4,1,0,0,8,1,0,0,4,3,0,0,0,16,6,2,75.0,,,,,,,,,,,,,,,,,,,,,,,,,,,,,,,
15,2025/26,1,15.0,2,0,29.0,0.3,0,0,0,0,0,0,0,0,0.1,0.1,0.0,0.1,0.0,0.43,4,0,6,3,0,0.0,9.31,0.0,0.0,,17.3,0,0,0,0.1,0.1,0.05,-0.1,-0.1,4,4,100.0,66,0,0,0.0,0.0,0.0,0,0,0,0,0,4,0,0,0,0,0,0,0,0,0,0,4,2,2,1,1,0,2,50.0,1,1,0,1,0,2,0,0,2,6.21,0,0,0,0,2,0,1,3.1,19,0,1,4,14,8,19,7,1,14.3,5,71.4,13,169,71,4,1,3,1,2,12,6,0,0,0,0,2,0,0,0,2,1,0,0,1,0,0,,,,,,,,,,,,,,,,,,,,,,,,,,,,,,,,
16,2025/26,1,29.0,3,2,167.0,1.9,0,0,0,0,0,0,0,0,0.1,0.1,0.1,0.2,0.0,0.1,3,6,5,1,1,100.0,0.54,0.54,0.0,0.0,4.5,0,0,0,0.1,0.1,0.13,-0.1,-0.1,50,65,76.9,646,157,0,0.1,0.1,-0.1,1,5,2,0,6,64,1,0,2,0,1,1,0,0,0,0,50,3,1,0,0,3,4,50.0,2,2,1,1,1,4,1,0,2,1.08,2,0,0,0,0,0,0,0.0,79,4,19,41,22,1,79,2,1,50.0,0,0.0,50,237,111,3,2,0,2,1,51,5,0,0,0,3,2,0,1,1,1,0,0,0,10,2,2,50.0,,,,,,,,,,,,,,,,,,,,,,,,,,,,,,,
17,2025/26,1,18.0,3,0,69.0,0.8,0,0,0,0,0,0,1,0,0.0,0.0,0.0,0.0,0.0,0.0,1,0,2,0,0,,0.0,0.0,,,,0,0,0,0.0,0.0,,0.0,0.0,41,43,95.3,725,59,0,0.0,0.0,0.0,0,1,0,0,0,37,6,2,0,0,0,4,0,0,0,0,41,1,1,1,0,0,1,100.0,0,1,0,1,0,1,1,0,0,0.0,0,0,0,0,0,0,0,0.0,47,3,14,31,4,0,47,2,2,100.0,0,0.0,26,106,65,1,2,0,0,0,33,2,1,0,0,3,2,0,0,0,1,0,0,0,4,0,2,0.0,,,,,,,,,,,,,,,,,,,,,,,,,,,,,,,
18,2025/26,1,23.0,4,3,259.0,2.9,0,0,0,0,0,0,0,0,0.1,0.1,0.8,1.0,0.0,0.34,15,8,35,3,1,33.3,1.04,0.35,0.0,0.0,14.6,0,0,0,0.1,0.1,0.05,-0.1,-0.1,63,100,63.0,875,233,0,0.8,0.8,-0.8,8,0,7,1,8,92,8,0,0,0,21,1,7,7,0,0,63,3,2,0,1,2,7,42.9,4,1,0,1,1,4,0,0,13,4.5,10,2,1,0,0,0,2,0.69,128,1,11,32,86,24,128,14,7,50.0,5,35.7,70,518,359,15,3,10,7,3,80,35,0,0,0,5,4,0,21,1,2,0,0,0,8,3,2,60.0,,,,,,,,,,,,,,,,,,,,,,,,,,,,,,,
19,2025/26,1,23.0,4,4,291.0,3.2,1,2,3,1,0,0,2,0,1.4,1.4,0.5,1.9,0.93,0.59,10,11,16,7,1,14.3,2.16,0.31,0.14,1.0,13.1,0,0,0,1.4,1.4,0.2,-0.4,-0.4,113,142,79.6,2020,558,2,0.5,0.0,1.5,3,10,1,0,11,110,32,1,0,0,8,31,0,0,0,0,113,5,3,2,0,3,6,66.7,2,3,1,2,4,9,6,0,12,3.71,5,1,1,3,1,1,4,1.24,174,7,34,89,52,10,174,3,2,66.7,0,0.0,85,535,354,10,5,0,3,1,97,16,2,0,0,5,2,1,8,4,3,0,0,0,10,4,2,66.7,,,,,,,,,,,,,,,,,,,,,,,,,,,,,,,
20,2025/26,1,27.0,4,4,306.0,3.4,3,0,3,2,1,1,1,0,2.1,1.3,0.1,1.5,0.59,0.67,1,2,19,6,2,33.3,1.76,0.59,0.33,1.0,10.9,0,1,1,2.1,1.3,0.22,0.9,0.7,22,39,56.4,307,64,0,0.1,0.3,-0.1,3,1,1,0,2,38,0,0,0,0,3,0,0,0,0,0,22,1,1,0,1,0,1,0.0,1,1,0,1,0,1,5,0,6,1.76,5,0,1,0,0,0,1,0.29,79,5,6,26,47,19,78,6,1,16.7,4,66.7,37,180,39,1,0,1,11,1,50,19,1,0,0,4,7,1,3,0,1,0,0,0,6,6,9,40.0,,,,,,,,,,,,,,,,,,,,,,,,,,,,,,,
21,2025/26,1,24.0,3,3,184.0,2.0,0,0,0,0,0,0,0,0,0.0,0.0,0.0,0.0,0.0,0.0,1,7,0,0,0,,0.0,0.0,,,,0,0,0,0.0,0.0,,0.0,0.0,140,149,94.0,2540,848,0,0.0,0.0,0.0,0,6,0,0,7,147,2,2,0,0,0,0,0,0,0,0,140,4,1,3,1,0,2,50.0,1,2,2,0,3,7,13,0,0,0.0,0,0,0,0,0,0,0,0.0,175,17,89,83,4,1,175,1,1,100.0,0,0.0,99,364,158,1,0,0,1,0,128,0,0,0,0,3,1,0,0,3,1,0,0,0,7,5,2,71.4,,,,,,,,,,,,,,,,,,,,,,,,,,,,,,,
22,2025/26,2,24.0,2,2,153.0,1.7,0,0,0,0,0,0,1,0,0.2,0.2,0.0,0.2,0.0,0.13,2,8,1,2,1,50.0,1.18,0.59,0.0,0.0,24.0,0,0,0,0.2,0.2,0.11,-0.2,-0.2,61,72,84.7,1069,262,0,0.0,0.1,0.0,0,4,0,0,8,70,2,2,0,0,0,0,0,0,0,0,61,4,2,1,3,0,3,66.7,1,2,2,0,5,9,2,0,2,1.18,2,0,0,0,0,0,0,0.0,95,9,30,56,10,3,95,2,2,100.0,0,0.0,63,289,103,2,1,0,1,1,62,1,1,0,0,1,3,0,0,5,2,0,0,0,10,3,0,100.0,,,,,,,,,,,,,,,,,,,,,,,,,,,,,,,
23,2025/26,2,25.0,2,2,105.0,1.2,0,0,0,0,0,0,1,0,0.1,0.1,0.0,0.1,0.0,0.05,1,14,0,1,1,100.0,0.86,0.86,0.0,0.0,11.4,0,0,0,0.1,0.1,0.05,-0.1,-0.1,38,45,84.4,679,299,0,0.0,0.0,0.0,0,8,2,0,14,43,2,1,0,0,0,0,1,0,0,0,38,3,2,2,1,0,3,66.7,1,1,0,1,1,4,2,0,1,0.86,1,0,0,0,0,0,0,0.0,60,7,16,33,11,2,60,3,1,33.3,1,33.3,33,162,101,1,0,0,3,0,33,0,1,0,0,1,3,0,0,1,2,0,0,0,6,4,1,80.0,,,,,,,,,,,,,,,,,,,,,,,,,,,,,,,
24,2025/26,2,17.0,1,0,17.0,0.2,0,0,0,0,0,0,0,0,0.0,0.0,0.0,0.0,0.0,0.0,1,0,4,0,0,,0.0,0.0,,,,0,0,0,0.0,0.0,,0.0,0.0,3,8,37.5,65,4,0,0.0,0.0,0.0,0,0,0,0,0,8,0,0,0,0,3,0,0,0,0,0,3,0,0,0,0,0,1,0.0,1,1,0,1,0,0,0,0,0,0.0,0,0,0,0,0,0,0,0.0,12,0,3,3,6,0,12,2,0,0.0,1,50.0,7,68,23,1,1,0,0,0,6,4,0,0,0,0,1,0,3,0,0,0,0,0,1,0,0,,,,,,,,,,,,,,,,,,,,,,,,,,,,,,,,
25,2025/26,2,26.0,4,1,124.0,1.4,0,0,0,0,0,0,0,0,0.2,0.2,0.0,0.2,0.0,0.15,2,2,11,3,1,33.3,2.18,0.73,0.0,0.0,16.7,0,0,0,0.2,0.2,0.07,-0.2,-0.2,23,30,76.7,360,37,0,0.0,0.0,0.0,0,2,1,0,2,27,3,0,0,0,2,0,3,0,0,0,23,0,0,0,0,0,0,,0,0,0,0,0,0,1,0,2,1.45,2,0,0,0,0,0,0,0.0,39,1,3,9,27,3,39,6,1,16.7,3,50.0,29,183,38,2,1,1,0,2,27,11,0,0,0,0,1,1,2,0,0,0,0,0,4,0,0,,,,,,,,,,,,,,,,,,,,,,,,,,,,,,,,
26,2025/26,2,28.0,3,1,174.0,1.9,0,0,0,0,0,0,1,0,0.3,0.3,0.3,0.6,0.0,0.33,7,13,10,6,0,0.0,3.1,0.0,0.0,,23.7,0,0,0,0.3,0.3,0.05,-0.3,-0.3,58,70,82.9,785,208,0,0.3,0.4,-0.3,5,6,4,0,13,65,5,0,0,0,0,2,0,0,0,0,58,6,4,2,3,1,6,50.0,3,3,1,2,1,7,3,0,10,5.17,10,0,0,0,0,0,0,0.0,98,4,11,43,45,11,98,6,1,16.7,5,83.3,48,289,192,7,3,3,0,4,61,10,1,0,0,5,4,0,0,1,4,0,0,0,8,4,5,44.4,,,,,,,,,,,,,,,,,,,,,,,,,,,,,,,
27,2025/26,2,33.0,2,2,180.0,2.0,0,0,0,0,0,0,0,0,0.0,0.0,0.0,0.0,0.0,0.0,0,0,0,0,0,,0.0,0.0,,,,0,0,0,0.0,0.0,,0.0,0.0,55,73,75.3,1372,942,0,0.0,0.0,0.0,0,3,1,0,0,62,11,3,0,0,0,0,0,0,0,0,55,0,0,0,0,0,0,,0,0,0,0,0,0,1,0,1,0.5,1,0,0,0,0,0,0,0.0,79,65,77,2,0,0,79,0,0,,0,,46,216,176,0,0,0,0,0,39,0,0,0,0,0,2,0,0,0,0,0,0,0,5,1,0,100.0,1.0,0.5,4.0,3.0,75.0,0.0,1.0,1.0,1.0,50.0,0.0,0.0,0.0,0.0,1.3,0.41,0.3,0.14,9.0,24.0,37.5,65.0,6.0,29.2,29.9,23.0,2.0,8.7,0.0,0.0,10.9
28,2025/26,2,24.0,3,1,106.0,1.2,0,0,0,0,0,0,0,0,0.1,0.1,0.0,0.1,0.0,0.06,3,3,5,1,1,100.0,0.85,0.85,0.0,0.0,16.0,0,0,0,0.1,0.1,0.07,-0.1,-0.1,19,24,79.2,241,31,0,0.0,0.0,0.0,0,0,2,0,3,24,0,0,0,0,4,0,0,0,0,0,19,6,3,3,2,1,0,,0,1,0,1,0,6,0,0,3,2.55,2,0,0,0,1,0,0,0.0,47,0,7,11,29,2,47,6,1,16.7,5,83.3,26,198,85,3,1,1,4,7,32,5,0,0,0,3,2,0,4,0,3,0,0,0,5,0,2,0.0,,,,,,,,,,,,,,,,,,,,,,,,,,,,,,,
29,2025/26,2,27.0,3,3,245.0,2.7,0,0,0,0,0,0,0,1,0.0,0.0,0.0,0.0,0.0,0.01,1,10,1,0,0,,0.0,0.0,,,,0,0,0,0.0,0.0,,0.0,0.0,170,180,94.4,3033,992,0,0.0,0.0,0.0,1,16,1,0,10,165,15,9,0,0,1,1,0,0,0,0,170,1,1,1,0,0,0,,0,3,1,2,1,2,9,0,2,0.73,2,0,0,0,0,0,0,0.0,203,20,70,125,8,2,203,2,0,0.0,2,100.0,126,645,375,1,0,0,4,0,147,1,0,1,0,2,4,0,1,1,1,0,0,0,8,3,1,75.0,,,,,,,,,,,,,,,,,,,,,,,,,,,,,,,
30,2025/26,2,22.0,1,0,20.0,0.2,0,0,0,0,0,0,0,0,0.0,0.0,0.0,0.0,0.0,0.0,0,2,3,0,0,,0.0,0.0,,,,0,0,0,0.0,0.0,,0.0,0.0,8,10,80.0,118,18,0,0.0,0.0,0.0,0,1,0,0,2,9,1,0,0,0,0,1,0,0,0,0,8,0,0,0,0,0,0,,0,1,0,1,0,0,1,0,0,0.0,0,0,0,0,0,0,0,0.0,13,1,2,6,5,0,13,1,0,0.0,0,0.0,8,58,32,0,1,0,0,0,9,3,0,0,0,0,1,0,0,0,0,0,0,0,1,0,0,,,,,,,,,,,,,,,,,,,,,,,,,,,,,,,,
31,2025/26,2,23.0,2,1,114.0,1.3,0,0,0,0,0,0,0,0,0.1,0.1,0.2,0.3,0.0,0.26,2,7,11,2,0,0.0,1.58,0.0,0.0,,19.0,0,0,0,0.1,0.1,0.07,-0.1,-0.1,88,105,83.8,1506,467,0,0.2,0.2,-0.2,3,13,2,1,7,88,17,1,0,0,12,13,3,0,3,0,88,1,1,1,0,0,1,100.0,0,0,0,0,1,2,8,0,6,4.91,3,2,0,1,0,0,0,0.0,120,5,22,52,46,1,120,0,0,,0,,68,249,113,2,4,0,1,1,76,11,0,0,0,1,0,0,12,1,1,0,0,0,7,3,2,60.0,,,,,,,,,,,,,,,,,,,,,,,,,,,,,,,
32,2025/26,2,30.0,4,4,319.0,3.5,0,0,0,0,0,0,0,0,0.0,0.0,0.7,0.7,0.0,0.21,4,15,14,1,1,100.0,0.28,0.28,0.0,0.0,21.8,0,0,0,0.0,0.0,0.05,0.0,0.0,112,142,78.9,2102,539,0,0.7,0.4,-0.7,5,8,6,4,15,136,5,3,0,1,12,0,2,2,0,0,112,2,2,0,2,0,2,0.0,2,3,2,1,3,5,1,0,13,3.67,10,1,1,1,0,0,0,0.0,176,6,25,94,60,6,176,11,4,36.4,7,63.6,110,614,198,4,3,2,7,6,126,14,0,0,0,7,5,0,12,3,2,0,0,0,17,2,4,33.3,,,,,,,,,,,,,,,,,,,,,,,,,,,,,,,
33,2025/26,2,21.0,3,1,102.0,1.1,0,0,0,0,0,0,1,0,0.0,0.0,0.0,0.0,0.0,0.0,2,1,0,0,0,,0.0,0.0,,,,0,0,0,0.0,0.0,,0.0,0.0,53,57,93.0,774,159,0,0.0,0.1,0.0,0,3,1,0,1,56,1,1,0,0,0,0,0,0,0,0,53,3,3,2,1,0,1,100.0,0,2,1,1,0,3,3,1,1,0.85,1,0,0,0,0,0,0,0.0,69,9,19,35,15,0,69,2,0,0.0,1,50.0,49,252,122,2,2,0,1,1,56,0,1,0,0,2,4,0,0,0,3,0,0,0,3,2,3,40.0,,,,,,,,,,,,,,,,,,,,,,,,,,,,,,,
34,2025/26,2,32.0,4,3,251.0,2.8,0,0,0,0,0,0,1,0,0.1,0.1,0.0,0.1,0.0,0.03,2,4,26,2,0,0.0,0.72,0.0,0.0,,23.3,1,0,0,0.1,0.1,0.04,-0.1,-0.1,95,143,66.4,1528,520,0,0.0,0.2,0.0,0,2,3,2,4,109,34,1,0,0,14,29,4,3,0,0,95,4,3,4,0,0,8,50.0,4,1,0,1,2,6,9,0,1,0.36,1,0,0,0,0,0,0,0.0,162,6,53,43,66,5,162,1,0,0.0,1,100.0,79,299,128,2,2,0,1,1,86,26,1,0,0,4,2,0,14,2,3,0,0,0,11,3,7,30.0,,,,,,,,,,,,,,,,,,,,,,,,,,,,,,,
35,2025/26,2,34.0,2,2,180.0,2.0,0,0,0,0,0,0,1,0,0.0,0.0,0.0,0.0,0.0,0.0,0,1,0,0,0,,0.0,0.0,,,,0,0,0,0.0,0.0,,0.0,0.0,46,67,68.7,1272,836,0,0.0,0.0,0.0,0,0,0,0,1,50,17,3,0,0,0,0,0,0,0,0,46,0,0,0,0,0,0,,0,0,0,0,0,0,2,0,0,0.0,0,0,0,0,0,0,0,0.0,73,54,71,2,0,0,73,0,0,,0,,40,171,66,0,0,0,0,0,29,0,1,0,0,1,0,0,0,0,0,0,1,0,4,0,0,,3.0,1.5,7.0,4.0,71.4,0.0,1.0,1.0,1.0,50.0,1.0,1.0,0.0,0.0,3.1,0.33,0.1,0.05,7.0,27.0,25.9,53.0,8.0,30.2,32.2,28.0,4.0,14.3,10.0,5.0,18.4
36,2025/26,2,28.0,4,4,343.0,3.8,0,0,0,0,0,0,2,0,0.0,0.0,0.4,0.4,0.0,0.11,3,12,18,1,0,0.0,0.26,0.0,0.0,,31.9,0,0,0,0.0,0.0,0.01,0.0,0.0,163,209,78.0,2923,909,0,0.4,0.5,-0.4,4,19,2,1,12,167,41,3,0,1,21,27,11,8,1,0,163,8,5,6,2,0,9,55.6,4,8,6,2,3,11,11,0,7,1.84,4,3,0,0,0,0,0,0.0,247,18,66,104,79,4,247,3,1,33.3,1,33.3,141,643,251,3,2,1,1,4,148,18,2,0,0,4,3,1,21,3,5,0,0,0,8,2,6,25.0,,,,,,,,,,,,,,,,,,,,,,,,,,,,,,,
37,2025/26,2,23.0,4,4,360.0,4.0,0,0,0,0,0,0,0,0,0.2,0.2,0.3,0.5,0.0,0.13,6,13,23,4,2,50.0,1.0,0.5,0.0,0.0,16.0,0,0,0,0.2,0.2,0.06,-0.2,-0.2,60,94,63.8,908,315,0,0.3,0.2,-0.3,2,8,1,0,13,92,2,0,4,1,1,0,0,0,0,0,60,2,0,0,1,1,3,0.0,3,3,0,3,3,5,1,0,3,0.75,3,0,0,0,0,0,0,0.0,143,3,19,63,63,12,143,19,6,31.6,12,63.2,100,493,229,6,3,1,17,7,106,23,0,0,0,2,4,0,1,3,0,0,0,0,14,3,6,33.3,,,,,,,,,,,,,,,,,,,,,,,,,,,,,,,
38,2025/26,2,29.0,4,4,352.0,3.9,0,0,0,0,0,0,0,0,1.1,1.1,0.4,1.5,0.0,0.37,8,5,22,8,2,25.0,2.05,0.51,0.0,0.0,12.8,0,0,0,1.1,1.1,0.14,-1.1,-1.1,44,55,80.0,526,83,0,0.4,0.2,-0.4,4,2,0,0,5,54,1,0,0,0,2,0,0,0,0,0,44,2,1,0,0,2,1,0.0,1,2,0,2,1,3,1,0,7,1.79,5,0,0,1,1,0,0,0.0,84,2,8,29,49,16,84,7,4,57.1,2,28.6,55,315,154,8,2,5,4,5,67,22,0,0,0,2,6,2,2,1,1,0,0,0,8,3,10,23.1,,,,,,,,,,,,,,,,,,,,,,,,,,,,,,,
39,2025/26,2,28.0,2,1,107.0,1.2,0,0,0,0,0,0,0,0,0.1,0.1,0.0,0.1,0.0,0.06,5,9,1,1,0,0.0,0.84,0.0,0.0,,15.2,0,0,0,0.1,0.1,0.07,-0.1,-0.1,105,118,89.0,1798,480,0,0.0,0.1,0.0,0,9,0,0,9,109,9,3,0,0,0,0,0,0,0,0,105,3,1,2,1,0,3,66.7,1,1,1,0,0,3,0,0,1,0.84,1,0,0,0,0,0,0,0.0,128,11,39,78,14,3,128,1,0,0.0,1,100.0,97,573,383,5,6,0,1,1,95,1,0,0,0,0,0,0,0,0,1,0,0,0,9,2,3,40.0,,,,,,,,,,,,,,,,,,,,,,,,,,,,,,,
40,2025/26,2,32.0,4,4,360.0,4.0,0,0,0,0,0,0,0,0,0.3,0.3,0.1,0.3,0.0,0.09,1,22,1,3,0,0.0,0.75,0.0,0.0,,8.6,0,0,0,0.3,0.3,0.09,-0.3,-0.3,215,243,88.5,4059,1434,0,0.1,0.1,-0.1,1,18,1,0,22,212,30,18,1,0,0,2,0,0,0,0,215,2,1,1,1,0,1,0.0,1,6,5,1,4,6,16,0,3,0.75,2,0,0,1,0,0,0,0.0,283,51,118,157,10,6,283,3,2,66.7,1,33.3,173,940,507,1,2,0,1,1,176,1,0,0,0,3,3,0,0,4,1,0,0,0,13,14,10,58.3,,,,,,,,,,,,,,,,,,,,,,,,,,,,,,,
41,2025/26,2,31.0,1,0,8.0,0.1,0,0,0,0,0,0,0,0,0.0,0.0,0.0,0.0,0.0,0.0,0,2,0,0,0,,0.0,0.0,,,,0,0,0,0.0,0.0,,0.0,0.0,4,4,100.0,72,24,0,0.0,0.0,0.0,0,0,0,0,2,4,0,0,0,0,0,0,0,0,0,0,4,0,0,0,0,0,0,,0,0,0,0,0,0,0,0,0,0.0,0,0,0,0,0,0,0,0.0,4,0,0,4,0,0,4,0,0,,0,,2,4,2,0,0,0,0,0,3,0,0,0,0,0,0,0,0,0,0,0,0,0,0,0,0,,,,,,,,,,,,,,,,,,,,,,,,,,,,,,,,
42,2025/26,2,28.0,4,4,315.0,3.5,0,0,0,0,0,0,0,0,0.1,0.1,0.2,0.3,0.0,0.09,8,21,10,5,1,20.0,1.43,0.29,0.0,0.0,18.3,0,0,0,0.1,0.1,0.03,-0.1,-0.1,195,235,83.0,3535,862,0,0.2,0.4,-0.2,4,25,1,0,21,221,13,10,4,2,7,0,1,0,0,0,195,5,4,1,4,0,4,50.0,2,4,1,3,1,6,2,0,8,2.29,7,1,0,0,0,0,0,0.0,260,5,32,167,62,7,260,3,3,100.0,0,0.0,156,644,323,8,3,0,4,3,192,10,0,0,0,6,3,0,7,1,4,0,0,0,12,2,4,33.3,,,,,,,,,,,,,,,,,,,,,,,,,,,,,,,
43,2025/26,3,34.0,3,3,204.0,2.3,0,0,0,0,0,0,0,0,0.0,0.0,0.3,0.3,0.0,0.12,1,6,2,0,0,,0.0,0.0,,,,0,0,0,0.0,0.0,,0.0,0.0,69,87,79.3,1169,441,0,0.3,0.1,-0.3,1,7,0,0,6,71,16,4,0,0,2,12,0,0,0,0,69,1,0,0,1,0,0,,0,1,0,1,1,2,10,0,4,1.76,3,0,0,0,1,0,0,0.0,106,6,25,61,20,2,106,1,0,0.0,0,0.0,32,121,61,1,2,1,3,0,56,2,0,0,0,3,3,0,2,1,0,0,0,0,3,3,6,33.3,,,,,,,,,,,,,,,,,,,,,,,,,,,,,,,
44,2025/26,3,23.0,4,4,360.0,4.0,0,0,0,0,0,0,0,0,0.0,0.0,0.5,0.6,0.0,0.14,11,19,14,1,0,0.0,0.25,0.0,0.0,,32.7,0,0,0,0.0,0.0,0.01,0.0,0.0,122,162,75.3,2005,718,0,0.5,0.4,-0.5,5,16,8,6,19,137,25,3,0,0,21,22,0,0,0,0,122,8,3,3,4,1,8,62.5,3,4,1,3,0,8,16,0,9,2.25,9,0,0,0,0,0,0,0.0,208,12,60,91,58,3,208,7,4,57.1,3,42.9,97,680,372,11,9,0,1,6,114,14,0,0,0,7,3,0,21,0,3,0,0,0,11,5,8,38.5,,,,,,,,,,,,,,,,,,,,,,,,,,,,,,,
45,2025/26,3,22.0,4,4,266.0,3.0,1,0,1,1,0,0,1,0,0.2,0.2,0.3,0.4,0.34,0.15,6,5,9,3,1,33.3,1.02,0.34,0.33,1.0,21.5,0,0,0,0.2,0.2,0.05,0.8,0.8,87,108,80.6,1231,283,0,0.3,0.2,-0.3,4,5,2,1,5,89,19,5,0,0,11,0,10,8,0,0,87,11,7,3,5,3,4,75.0,1,2,0,2,1,12,5,0,11,3.72,4,3,0,0,3,1,1,0.34,149,7,27,82,42,5,149,10,3,30.0,4,40.0,66,397,178,6,4,2,6,3,89,9,1,0,0,6,9,0,11,1,7,0,0,0,9,3,3,50.0,,,,,,,,,,,,,,,,,,,,,,,,,,,,,,,
46,2025/26,3,25.0,3,0,76.0,0.8,0,0,0,0,0,0,0,0,0.0,0.0,0.1,0.1,0.0,0.14,3,3,11,1,1,100.0,1.18,1.18,0.0,0.0,29.6,1,0,0,0.0,0.0,0.04,0.0,0.0,30,39,76.9,438,123,0,0.1,0.0,-0.1,2,1,1,0,3,38,1,0,1,1,3,1,0,0,0,0,30,7,3,2,2,3,6,83.3,1,2,0,2,2,9,3,0,5,6.0,3,0,1,0,0,1,0,0.0,59,2,15,17,28,1,59,5,2,40.0,3,60.0,31,250,179,3,3,0,1,0,30,11,0,0,0,3,3,0,3,2,3,0,0,0,8,1,1,50.0,,,,,,,,,,,,,,,,,,,,,,,,,,,,,,,
47,2025/26,3,25.0,4,4,360.0,4.0,3,2,5,2,1,1,1,0,2.7,1.9,0.4,2.3,1.0,0.77,12,15,22,11,4,36.4,2.75,1.0,0.18,0.5,13.5,0,1,1,2.7,1.9,0.17,0.3,0.1,78,121,64.5,1197,333,2,0.4,0.2,1.6,7,4,9,0,15,107,14,0,0,0,3,14,0,0,0,0,78,6,5,3,1,2,4,50.0,2,8,0,8,1,7,3,0,20,5.0,15,1,2,1,0,1,3,0.75,178,3,13,73,99,23,177,21,9,42.9,8,38.1,95,745,366,12,8,6,10,8,108,22,1,0,0,8,2,2,3,1,5,0,0,0,18,12,12,50.0,,,,,,,,,,,,,,,,,,,,,,,,,,,,,,,
48,2025/26,3,24.0,3,3,270.0,3.0,0,0,0,0,0,0,0,0,0.0,0.0,0.0,0.0,0.0,0.01,0,4,1,0,0,,0.0,0.0,,,,0,0,0,0.0,0.0,,0.0,0.0,96,117,82.1,1824,490,0,0.0,0.0,0.0,1,4,0,0,4,110,7,7,0,1,0,0,0,0,0,0,96,5,5,4,1,0,3,100.0,0,2,0,2,2,7,19,0,1,0.33,1,0,0,0,0,0,0,0.0,154,14,67,84,3,1,154,0,0,,0,,49,220,118,0,1,0,3,0,76,1,0,0,0,1,1,0,0,2,5,0,0,0,14,6,9,40.0,,,,,,,,,,,,,,,,,,,,,,,,,,,,,,,
49,2025/26,3,21.0,1,0,7.0,0.1,0,0,0,0,0,0,0,0,0.0,0.0,0.0,0.0,0.0,0.0,0,0,0,0,0,,0.0,0.0,,,,0,0,0,0.0,0.0,,0.0,0.0,0,1,0.0,0,0,0,0.0,0.0,0.0,0,0,0,0,0,1,0,0,0,0,0,0,0,0,0,0,0,0,0,0,0,0,0,,0,0,0,0,0,0,0,0,0,0.0,0,0,0,0,0,0,0,0.0,2,1,1,1,0,0,2,0,0,,0,,0,0,0,0,0,0,0,0,0,0,0,0,0,0,0,0,0,0,0,0,0,0,0,0,1,0.0,,,,,,,,,,,,,,,,,,,,,,,,,,,,,,,
50,2025/26,3,28.0,4,4,277.0,3.1,0,1,1,0,0,0,2,0,0.8,0.8,1.4,2.2,0.32,0.7,6,10,24,11,2,18.2,3.57,0.65,0.0,0.0,18.3,2,0,0,0.8,0.8,0.07,-0.8,-0.8,66,97,68.0,1047,483,1,1.4,1.2,-0.4,6,8,5,4,10,85,10,0,1,1,15,3,7,7,0,0,66,6,5,2,2,2,9,33.3,6,2,0,2,0,6,2,0,12,3.88,8,1,1,2,0,0,1,0.32,135,1,21,41,78,16,135,10,4,40.0,5,50.0,76,467,297,6,6,2,7,4,92,24,2,0,0,4,3,0,15,0,5,0,0,0,14,0,1,0.0,,,,,,,,,,,,,,,,,,,,,,,,,,,,,,,
51,2025/26,3,19.0,3,0,14.0,0.2,0,0,0,0,0,0,0,0,0.0,0.0,0.0,0.0,0.0,0.0,1,0,0,0,0,,0.0,0.0,,,,0,0,0,0.0,0.0,,0.0,0.0,1,3,33.3,15,0,0,0.0,0.0,0.0,0,0,0,0,0,2,1,0,0,0,0,0,0,0,0,0,1,0,0,0,0,0,0,,0,0,0,0,0,0,0,0,0,0.0,0,0,0,0,0,0,0,0.0,6,1,1,1,4,1,6,1,0,0.0,1,100.0,3,20,12,1,0,1,1,0,3,0,0,0,0,0,0,0,0,0,0,0,0,0,1,0,1,0.0,,,,,,,,,,,,,,,,,,,,,,,,,,,,,,,
52,2025/26,3,25.0,4,4,346.0,3.8,1,0,1,1,0,0,1,0,0.9,0.9,0.5,1.4,0.26,0.37,4,5,12,11,3,27.3,2.86,0.78,0.09,0.33,12.2,0,0,0,0.9,0.9,0.08,0.1,0.1,54,66,81.8,592,86,0,0.5,0.1,-0.5,6,2,2,0,5,64,2,0,0,0,0,0,0,0,0,0,54,0,0,0,0,0,2,0.0,2,3,1,2,0,0,5,0,12,3.12,9,0,0,1,2,0,1,0.26,103,4,9,49,46,20,103,6,1,16.7,1,16.7,53,263,132,4,3,3,4,3,71,12,1,0,0,2,7,4,0,0,0,1,0,0,12,7,16,30.4,,,,,,,,,,,,,,,,,,,,,,,,,,,,,,,
53,2025/26,3,25.0,1,0,17.0,0.2,0,1,1,0,0,0,0,0,0.0,0.0,0.2,0.2,5.29,1.1,0,0,0,0,0,,0.0,0.0,,,,0,0,0,0.0,0.0,,0.0,0.0,2,3,66.7,23,18,1,0.2,0.0,0.8,1,0,0,0,0,2,1,0,0,0,1,0,1,1,0,0,2,1,0,1,0,0,1,100.0,0,0,0,0,0,1,1,0,1,5.29,1,0,0,0,0,0,1,5.29,7,1,6,0,1,0,7,1,0,0.0,1,100.0,1,2,0,0,0,0,0,0,0,0,0,0,0,0,0,0,1,0,0,0,0,0,2,0,2,0.0,,,,,,,,,,,,,,,,,,,,,,,,,,,,,,,
54,2025/26,3,23.0,4,1,155.0,1.7,0,0,0,0,0,0,1,0,0.1,0.1,0.0,0.1,0.0,0.07,0,7,3,1,1,100.0,0.58,0.58,0.0,0.0,5.2,0,0,0,0.1,0.1,0.12,-0.1,-0.1,48,74,64.9,853,402,0,0.0,0.0,0.0,0,7,0,0,7,56,18,1,0,0,2,17,0,0,0,0,48,1,1,0,1,0,4,25.0,3,2,0,2,3,4,7,0,2,1.16,1,1,0,0,0,0,0,0.0,92,3,31,48,14,3,92,0,0,,0,,29,78,41,0,0,0,1,0,37,3,1,0,0,4,1,0,2,3,1,0,0,0,5,6,3,66.7,,,,,,,,,,,,,,,,,,,,,,,,,,,,,,,
55,2025/26,3,20.0,1,0,1.0,0.0,0,0,0,0,0,0,0,0,0.0,0.0,0.0,0.0,0.0,0.0,0,0,0,0,0,,0.0,0.0,,,,0,0,0,0.0,0.0,,0.0,0.0,0,0,,0,0,0,0.0,0.0,0.0,0,0,0,0,0,0,0,0,0,0,0,0,0,0,0,0,0,0,0,0,0,0,0,,0,0,0,0,0,0,0,0,0,0.0,0,0,0,0,0,0,0,0.0,0,0,0,0,0,0,0,0,0,,0,,0,0,0,0,0,0,0,0,0,0,0,0,0,1,0,0,0,0,0,0,0,0,0,0,0,,,,,,,,,,,,,,,,,,,,,,,,,,,,,,,,
56,2025/26,3,26.0,3,0,47.0,0.5,0,0,0,0,0,0,0,0,0.2,0.2,0.2,0.4,0.0,0.72,1,4,2,4,0,0.0,7.66,0.0,0.0,,25.3,1,0,0,0.2,0.2,0.05,-0.2,-0.2,16,24,66.7,226,76,0,0.2,0.3,-0.2,2,2,1,0,4,21,3,1,1,0,2,0,2,1,0,0,16,0,0,0,0,0,1,0.0,1,1,0,1,0,0,1,0,2,3.83,2,0,0,0,0,0,0,0.0,39,0,3,17,19,5,39,3,0,0.0,3,100.0,15,71,44,1,0,1,1,0,21,2,0,0,0,1,1,0,2,0,0,0,0,0,3,0,2,0.0,,,,,,,,,,,,,,,,,,,,,,,,,,,,,,,
57,2025/26,3,28.0,1,0,5.0,0.1,0,0,0,0,0,0,0,0,0.0,0.0,0.0,0.0,0.0,0.0,0,0,0,0,0,,0.0,0.0,,,,0,0,0,0.0,0.0,,0.0,0.0,1,2,50.0,13,0,0,0.0,0.0,0.0,0,0,0,0,0,2,0,0,0,0,0,0,0,0,0,0,1,0,0,0,0,0,0,,0,0,0,0,0,0,1,0,0,0.0,0,0,0,0,0,0,0,0.0,4,1,1,3,0,0,4,0,0,,0,,3,7,0,0,0,0,0,1,3,0,0,0,0,0,0,0,0,0,0,0,0,0,0,0,0,,,,,,,,,,,,,,,,,,,,,,,,,,,,,,,,
58,2025/26,3,28.0,4,4,360.0,4.0,0,1,1,0,0,0,1,0,0.1,0.1,0.2,0.3,0.25,0.08,1,15,0,2,0,0.0,0.5,0.0,0.0,,22.9,0,0,0,0.1,0.1,0.07,-0.1,-0.1,135,188,71.8,3030,1415,1,0.2,0.1,0.8,2,16,5,2,15,168,18,13,0,0,5,0,0,0,0,0,135,9,7,4,5,0,5,40.0,3,4,2,2,7,16,37,0,8,2.0,6,0,0,1,0,1,1,0.25,249,41,119,112,19,4,249,1,1,100.0,0,0.0,112,502,275,1,0,0,2,1,127,0,1,0,0,3,4,0,5,7,7,0,0,0,18,7,6,53.8,,,,,,,,,,,,,,,,,,,,,,,,,,,,,,,
59,2025/26,3,26.0,4,4,332.0,3.7,1,0,1,1,0,0,0,0,0.9,0.9,0.3,1.1,0.27,0.31,11,16,22,8,3,37.5,2.17,0.81,0.13,0.33,18.4,2,0,0,0.9,0.9,0.11,0.1,0.1,104,139,74.8,1727,455,0,0.3,0.4,-0.3,3,10,6,0,16,125,12,1,1,1,12,2,7,3,2,0,104,6,3,1,4,1,5,40.0,3,2,0,2,2,8,8,0,10,2.71,9,0,0,0,1,0,1,0.27,186,5,31,71,89,18,186,14,6,42.9,7,50.0,101,568,251,11,7,2,8,7,125,22,0,0,0,2,4,1,12,2,3,0,0,0,21,2,2,50.0,,,,,,,,,,,,,,,,,,,,,,,,,,,,,,,
60,2025/26,3,30.0,2,0,53.0,0.6,0,0,0,0,0,0,0,0,0.1,0.1,0.0,0.1,0.0,0.13,2,5,0,1,0,0.0,1.7,0.0,0.0,,17.7,0,0,0,0.1,0.1,0.06,-0.1,-0.1,25,35,71.4,480,113,0,0.0,0.0,0.0,1,6,1,0,5,35,0,0,0,0,0,0,0,0,0,0,25,4,2,2,2,0,4,50.0,2,1,0,1,1,5,2,0,1,1.7,1,0,0,0,0,0,0,0.0,48,2,12,25,11,2,48,3,0,0.0,2,66.7,22,125,74,2,0,1,1,0,28,0,0,0,0,1,3,0,0,1,2,0,0,0,4,0,1,0.0,,,,,,,,,,,,,,,,,,,,,,,,,,,,,,,
61,2025/26,3,26.0,4,4,356.0,4.0,0,0,0,0,0,0,3,0,0.1,0.1,0.0,0.1,0.0,0.02,0,10,4,2,2,100.0,0.51,0.51,0.0,0.0,19.1,0,0,0,0.1,0.1,0.03,-0.1,-0.1,132,164,80.5,2281,539,0,0.0,0.1,0.0,1,13,0,0,10,158,6,6,0,0,0,0,0,0,0,0,132,11,5,5,5,1,14,57.1,6,7,3,4,8,19,8,0,5,1.26,4,0,0,0,0,1,2,0.51,210,17,66,121,26,3,210,4,2,50.0,1,25.0,88,371,206,0,2,0,3,1,101,4,3,0,0,6,5,1,0,8,5,0,0,0,21,2,4,33.3,,,,,,,,,,,,,,,,,,,,,,,,,,,,,,,
62,2025/26,3,18.0,1,1,90.0,1.0,0,0,0,0,0,0,0,0,0.0,0.0,0.1,0.1,0.0,0.06,0,3,0,0,0,,0.0,0.0,,,,0,0,0,0.0,0.0,,0.0,0.0,33,40,82.5,551,189,0,0.1,0.2,-0.1,1,4,0,0,3,40,0,0,0,0,0,0,0,0,0,0,33,1,1,0,1,0,1,100.0,0,1,0,1,1,2,9,0,2,2.0,2,0,0,0,0,0,0,0.0,55,9,30,20,5,3,55,0,0,,0,,33,144,74,0,0,0,0,0,31,0,0,0,0,0,0,0,0,1,1,0,0,0,3,2,2,50.0,,,,,,,,,,,,,,,,,,,,,,,,,,,,,,,
63,2025/26,3,20.0,1,0,4.0,0.0,0,0,0,0,0,0,1,0,0.0,0.0,0.0,0.0,0.0,0.0,0,0,0,0,0,,0.0,0.0,,,,0,0,0,0.0,0.0,,0.0,0.0,2,4,50.0,46,37,0,0.0,0.0,0.0,0,0,0,0,0,2,2,0,0,0,0,2,0,0,0,0,2,1,1,1,0,0,0,,0,0,0,0,0,1,1,0,0,0.0,0,0,0,0,0,0,0,0.0,6,1,3,3,0,0,6,0,0,,0,,1,2,0,0,0,0,0,0,1,0,1,0,0,0,0,0,0,0,1,0,0,0,0,0,0,,,,,,,,,,,,,,,,,,,,,,,,,,,,,,,,
64,2025/26,3,25.0,4,4,360.0,4.0,0,0,0,0,0,0,1,0,0.0,0.0,0.0,0.0,0.0,0.0,0,0,0,0,0,,0.0,0.0,,,,0,0,0,0.0,0.0,,0.0,0.0,88,134,65.7,2885,2064,0,0.0,0.0,0.0,0,4,0,0,0,91,41,7,0,0,0,0,0,0,0,0,88,0,0,0,0,0,0,,0,0,0,0,0,0,6,1,1,0.25,1,0,0,0,0,0,0,0.0,146,105,146,0,0,0,146,0,0,,0,,81,386,247,0,0,0,0,0,70,0,1,0,0,0,0,0,0,0,0,0,0,0,6,2,0,100.0,5.0,1.25,14.0,9.0,64.3,3.0,0.0,1.0,2.0,50.0,0.0,0.0,0.0,0.0,4.8,0.34,-0.2,-0.06,24.0,68.0,35.3,98.0,15.0,43.9,38.9,52.0,6.0,11.5,9.0,2.25,14.3
65,2025/26,4,23.0,3,0,23.0,0.3,0,0,0,0,0,0,1,0,0.0,0.0,0.0,0.0,0.0,0.0,0,0,1,0,0,,0.0,0.0,,,,0,0,0,0.0,0.0,,0.0,0.0,4,9,44.4,53,21,0,0.0,0.0,0.0,0,0,0,0,0,6,3,0,0,0,0,3,0,0,0,0,4,3,1,3,0,0,4,75.0,1,0,0,0,0,3,1,0,1,3.91,1,0,0,0,0,0,0,0.0,17,0,7,6,4,0,17,1,0,0.0,0,0.0,5,28,21,0,0,0,2,0,5,1,1,0,0,1,2,0,0,0,1,0,0,0,0,1,1,50.0,,,,,,,,,,,,,,,,,,,,,,,,,,,,,,,
66,2025/26,4,20.0,1,1,45.0,0.5,0,0,0,0,0,0,0,0,0.0,0.0,0.0,0.0,0.0,0.0,1,3,1,0,0,,0.0,0.0,,,,0,0,0,0.0,0.0,,0.0,0.0,8,11,72.7,116,49,0,0.0,0.0,0.0,0,2,0,0,3,11,0,0,0,0,0,0,0,0,0,0,8,3,1,1,2,0,0,,0,2,0,2,0,3,0,0,1,2.0,1,0,0,0,0,0,0,0.0,19,1,6,10,4,0,19,0,0,,0,,5,32,30,1,2,0,1,0,8,1,0,0,0,0,0,0,0,0,1,0,0,0,2,2,1,66.7,,,,,,,,,,,,,,,,,,,,,,,,,,,,,,,
67,2025/26,4,26.0,4,4,360.0,4.0,0,0,0,0,0,0,1,0,0.0,0.0,0.0,0.0,0.0,0.0,0,1,0,0,0,,0.0,0.0,,,,0,0,0,0.0,0.0,,0.0,0.0,96,146,65.8,3027,2400,0,0.0,0.0,0.0,0,5,0,0,1,98,47,21,0,0,0,0,0,0,0,0,96,1,0,1,0,0,1,0.0,1,0,0,0,0,1,1,0,1,0.25,1,0,0,0,0,0,0,0.0,152,110,142,10,0,0,152,0,0,,0,,71,347,227,0,0,0,0,0,64,0,1,0,0,0,0,0,0,0,0,0,0,0,4,0,1,0.0,7.0,1.75,16.0,9.0,62.5,1.0,1.0,2.0,1.0,25.0,1.0,1.0,0.0,0.0,5.9,0.33,-1.1,-0.28,33.0,77.0,42.9,119.0,22.0,45.4,35.3,66.0,2.0,3.0,3.0,0.75,11.2
68,2025/26,4,23.0,3,2,191.0,2.1,1,0,1,1,0,0,0,0,0.9,0.9,0.0,0.9,0.47,0.4,5,0,9,3,3,100.0,1.41,1.41,0.33,0.33,9.4,0,0,0,0.9,0.9,0.37,0.1,0.1,12,32,37.5,148,53,0,0.0,0.0,0.0,0,0,0,0,0,32,0,0,1,0,3,0,0,0,0,0,12,4,2,1,1,2,4,50.0,2,3,0,3,2,6,7,0,3,1.41,1,0,1,1,0,0,1,0.47,68,6,18,24,28,9,68,12,3,25.0,7,58.3,34,223,105,5,1,4,5,2,33,9,0,0,0,5,3,1,3,2,2,0,0,0,10,4,3,57.1,,,,,,,,,,,,,,,,,,,,,,,,,,,,,,,
69,2025/26,4,32.0,1,1,82.0,0.9,0,0,0,0,0,0,1,0,0.0,0.0,0.0,0.0,0.0,0.0,0,1,2,0,0,,0.0,0.0,,,,0,0,0,0.0,0.0,,0.0,0.0,23,32,71.9,375,216,0,0.0,0.0,0.0,0,3,0,0,1,31,1,0,0,0,0,1,0,0,0,0,23,1,0,1,0,0,1,0.0,1,2,2,0,2,3,3,0,0,0.0,0,0,0,0,0,0,0,0.0,43,10,18,20,5,4,43,0,0,,0,,22,73,22,0,0,0,0,0,28,2,1,0,0,0,1,0,0,2,0,0,0,0,1,1,2,33.3,,,,,,,,,,,,,,,,,,,,,,,,,,,,,,,
70,2025/26,4,23.0,3,1,92.0,1.0,1,0,1,1,0,0,0,0,0.7,0.7,0.0,0.7,0.98,0.68,2,2,5,2,1,50.0,1.96,0.98,0.5,1.0,12.4,0,0,0,0.7,0.7,0.35,0.3,0.3,16,21,76.2,245,68,0,0.0,0.0,0.0,0,0,1,0,2,16,5,1,0,0,4,0,3,0,2,0,16,3,2,0,1,2,1,100.0,0,1,0,1,0,3,1,0,3,2.93,1,1,1,0,0,0,1,0.98,32,1,3,16,14,2,32,3,1,33.3,2,66.7,13,91,31,2,1,0,1,1,16,5,0,0,0,0,0,0,4,0,2,0,0,0,4,0,3,0.0,,,,,,,,,,,,,,,,,,,,,,,,,,,,,,,
71,2025/26,4,27.0,3,0,64.0,0.7,0,1,1,0,0,0,0,0,0.0,0.0,0.1,0.1,1.41,0.17,2,1,1,0,0,,0.0,0.0,,,,0,0,0,0.0,0.0,,0.0,0.0,17,23,73.9,240,105,1,0.1,0.4,0.9,1,3,0,0,1,23,0,0,0,0,0,0,0,0,0,0,17,1,0,1,0,0,2,0.0,2,0,0,0,0,1,2,0,1,1.41,1,0,0,0,0,0,1,1.41,33,2,7,21,5,2,33,2,0,0.0,2,100.0,17,103,46,2,1,0,1,0,19,1,0,0,0,2,3,0,0,0,0,0,0,0,3,1,0,100.0,,,,,,,,,,,,,,,,,,,,,,,,,,,,,,,
72,2025/26,4,35.0,4,3,250.0,2.8,0,1,1,0,0,0,0,0,0.0,0.0,0.2,0.2,0.36,0.09,3,12,0,1,0,0.0,0.36,0.0,0.0,,14.1,0,0,0,0.0,0.0,0.03,0.0,0.0,84,117,71.8,1701,498,1,0.2,0.0,0.8,1,11,1,1,12,114,3,2,0,0,9,0,0,0,0,0,84,5,1,4,1,0,3,66.7,1,3,1,2,2,7,5,0,5,1.8,5,0,0,0,0,0,1,0.36,139,9,46,75,20,1,139,1,0,0.0,1,100.0,76,337,144,3,3,0,2,1,89,0,0,0,0,4,1,0,9,2,1,0,0,0,13,0,1,0.0,,,,,,,,,,,,,,,,,,,,,,,,,,,,,,,
73,2025/26,4,24.0,4,4,318.0,3.5,0,0,0,0,0,0,0,0,0.1,0.1,0.0,0.2,0.0,0.05,4,3,9,2,0,0.0,0.57,0.0,0.0,,19.5,0,0,0,0.1,0.1,0.06,-0.1,-0.1,60,82,73.2,1025,385,0,0.0,0.1,0.0,1,2,0,0,3,65,17,2,0,0,9,13,2,0,2,0,60,6,4,4,1,1,4,75.0,1,0,0,0,1,7,10,0,2,0.57,1,1,0,0,0,0,0,0.0,114,6,47,46,23,5,114,3,1,33.3,2,66.7,48,241,131,4,2,2,4,4,49,9,0,0,0,2,3,0,9,1,4,0,0,0,14,1,3,25.0,,,,,,,,,,,,,,,,,,,,,,,,,,,,,,,
74,2025/26,4,23.0,4,3,302.0,3.4,1,0,1,1,0,1,0,0,1.6,0.9,0.1,0.9,0.3,0.51,6,1,7,7,2,28.6,2.09,0.6,0.14,0.5,14.1,0,0,1,1.6,0.9,0.12,-0.6,0.1,33,55,60.0,566,191,0,0.1,0.1,-0.1,1,2,0,0,1,49,6,0,1,0,2,4,0,0,0,0,33,8,2,2,5,1,3,0.0,3,2,2,0,2,10,1,0,3,0.89,0,1,0,1,1,0,1,0.3,101,7,23,48,33,14,100,9,2,22.2,6,66.7,39,312,127,6,3,4,7,5,57,7,0,0,0,7,2,0,2,2,2,0,0,0,11,8,13,38.1,,,,,,,,,,,,,,,,,,,,,,,,,,,,,,,
75,2025/26,4,27.0,2,0,14.0,0.2,0,1,1,0,0,0,0,0,0.0,0.0,0.7,0.7,6.43,4.57,0,1,0,1,1,100.0,6.43,6.43,0.0,0.0,11.4,0,0,0,0.0,0.0,0.04,0.0,0.0,4,4,100.0,64,46,1,0.7,0.4,0.3,1,0,0,0,1,3,1,0,0,0,0,1,0,0,0,0,4,0,0,0,0,0,0,,0,0,0,0,0,0,1,0,1,6.43,1,0,0,0,0,0,1,6.43,6,1,1,3,2,2,6,0,0,,0,,2,9,5,0,0,0,0,1,4,0,0,0,0,0,0,0,0,0,0,0,0,0,0,1,0,100.0,,,,,,,,,,,,,,,,,,,,,,,,,,,,,,,
76,2025/26,4,29.0,3,2,152.0,1.7,0,0,0,0,0,0,0,0,0.1,0.1,0.2,0.3,0.0,0.19,0,9,1,1,0,0.0,0.59,0.0,0.0,,13.6,0,0,0,0.1,0.1,0.13,-0.1,-0.1,42,58,72.4,893,367,0,0.2,0.1,-0.2,3,8,2,0,9,48,10,2,1,0,7,3,5,4,0,0,42,7,5,0,5,2,5,40.0,3,2,0,2,1,8,6,0,5,2.96,3,1,0,1,0,0,1,0.59,80,5,21,40,20,4,80,2,1,50.0,1,50.0,27,59,37,0,0,0,3,1,37,1,0,0,0,0,1,0,7,1,5,0,0,0,5,1,0,100.0,,,,,,,,,,,,,,,,,,,,,,,,,,,,,,,
77,2025/26,4,21.0,4,4,346.0,3.8,0,0,0,0,0,0,0,0,0.0,0.0,0.2,0.2,0.0,0.05,4,7,12,0,0,,0.0,0.0,,,,0,0,0,0.0,0.0,,0.0,0.0,100,132,75.8,1535,377,0,0.2,0.1,-0.2,2,5,1,0,7,104,28,1,0,0,3,27,0,0,0,0,100,8,4,5,3,0,7,85.7,1,8,4,4,4,12,13,0,3,0.78,1,2,0,0,0,0,0,0.0,182,24,85,61,39,2,182,13,8,61.5,3,23.1,80,508,222,4,5,0,4,4,84,12,0,0,0,4,3,0,3,4,4,0,0,0,15,3,1,75.0,,,,,,,,,,,,,,,,,,,,,,,,,,,,,,,
78,2025/26,4,25.0,2,2,180.0,2.0,0,0,0,0,0,0,0,0,0.1,0.1,0.4,0.5,0.0,0.24,6,8,6,1,0,0.0,0.5,0.0,0.0,,12.9,0,0,0,0.1,0.1,0.06,-0.1,-0.1,47,66,71.2,837,363,0,0.4,0.5,-0.4,5,6,4,3,8,51,14,3,0,0,14,1,6,3,2,0,47,3,2,1,0,2,4,25.0,3,5,1,4,2,5,4,0,10,5.0,6,2,2,0,0,0,1,0.5,95,5,16,44,35,5,95,8,3,37.5,4,50.0,46,264,148,6,4,2,3,3,49,6,0,0,0,2,3,1,14,2,2,0,0,0,7,0,4,0.0,,,,,,,,,,,,,,,,,,,,,,,,,,,,,,,
79,2025/26,4,24.0,4,4,360.0,4.0,0,0,0,0,0,0,1,0,0.0,0.0,0.1,0.1,0.0,0.03,2,6,0,1,0,0.0,0.25,0.0,0.0,,8.7,0,0,0,0.0,0.0,0.02,0.0,0.0,121,138,87.7,2581,1020,0,0.1,0.1,-0.1,1,6,1,0,6,130,7,4,0,0,0,0,0,0,0,0,121,3,1,3,0,0,3,66.7,1,4,3,1,5,8,29,0,3,0.75,2,0,0,0,1,0,0,0.0,192,45,134,51,8,6,192,1,0,0.0,0,0.0,101,588,330,2,1,1,1,3,104,0,1,0,0,4,6,0,0,5,1,1,0,0,16,7,4,63.6,,,,,,,,,,,,,,,,,,,,,,,,,,,,,,,
80,2025/26,4,28.0,4,1,132.0,1.5,0,0,0,0,0,0,1,0,0.1,0.1,0.1,0.3,0.0,0.18,9,1,10,2,0,0.0,1.36,0.0,0.0,,16.5,0,0,0,0.1,0.1,0.06,-0.1,-0.1,27,55,49.1,405,119,0,0.1,0.1,-0.1,1,0,1,0,1,46,9,0,0,0,5,9,0,0,0,0,27,3,3,1,2,0,2,100.0,0,0,0,0,1,4,3,1,2,1.36,1,0,1,0,0,0,0,0.0,74,4,29,24,24,4,74,6,6,100.0,0,0.0,35,345,242,9,5,2,5,0,46,10,1,0,0,1,2,0,5,1,3,0,1,0,5,2,2,50.0,,,,,,,,,,,,,,,,,,,,,,,,,,,,,,,
81,2025/26,4,23.0,4,4,360.0,4.0,0,0,0,0,0,0,0,0,0.2,0.2,0.0,0.2,0.0,0.05,2,10,3,2,1,50.0,0.5,0.25,0.0,0.0,9.3,0,0,0,0.2,0.2,0.11,-0.2,-0.2,140,159,88.1,2547,897,0,0.0,0.0,0.0,0,7,0,0,10,155,4,1,0,0,0,0,0,0,0,0,140,3,2,2,1,0,3,66.7,1,5,4,1,2,5,35,1,0,0.0,0,0,0,0,0,0,0,0.0,212,42,121,82,9,4,212,0,0,,0,,97,586,355,2,0,0,2,0,123,3,0,0,0,1,1,0,0,2,2,0,0,0,11,13,9,59.1,,,,,,,,,,,,,,,,,,,,,,,,,,,,,,,
82,2025/26,4,24.0,4,4,341.0,3.8,2,0,2,1,1,1,2,0,1.2,0.5,1.1,1.5,0.26,0.61,4,3,9,5,1,20.0,1.32,0.26,0.2,1.0,13.3,0,1,1,1.2,0.5,0.09,0.8,0.5,40,55,72.7,557,105,0,1.1,0.2,-1.1,4,1,3,2,3,52,3,0,1,0,3,0,0,0,0,0,40,3,1,1,1,1,2,0.0,2,3,1,2,0,3,11,0,7,1.85,5,0,0,2,0,0,0,0.0,102,14,23,42,39,9,101,7,4,57.1,3,42.9,36,201,92,4,5,1,9,4,56,9,2,0,0,11,2,2,3,0,1,0,0,0,4,16,20,44.4,,,,,,,,,,,,,,,,,,,,,,,,,,,,,,,
83,2025/26,4,21.0,4,4,348.0,3.9,0,0,0,0,0,0,1,0,0.1,0.1,0.1,0.2,0.0,0.05,4,10,2,3,2,66.7,0.78,0.52,0.0,0.0,22.6,0,0,0,0.1,0.1,0.04,-0.1,-0.1,97,117,82.9,1655,407,0,0.1,0.1,-0.1,2,9,3,1,10,113,3,2,0,2,2,1,0,0,0,0,97,9,7,3,6,0,7,71.4,2,13,2,11,2,11,8,0,3,0.78,3,0,0,0,0,0,0,0.0,165,8,60,79,26,1,165,11,5,45.5,6,54.5,82,488,194,4,3,1,6,3,87,2,1,0,0,7,0,0,2,2,7,0,0,0,24,1,5,16.7,,,,,,,,,,,,,,,,,,,,,,,,,,,,,,,
84,2025/26,5,23.0,4,4,360.0,4.0,0,0,0,0,0,0,0,0,0.0,0.0,0.1,0.1,0.0,0.04,0,0,0,0,0,,0.0,0.0,,,,0,0,0,0.0,0.0,,0.0,0.0,122,167,73.1,2887,1771,0,0.1,0.0,-0.1,1,3,1,0,0,147,20,8,0,0,0,0,0,0,0,0,122,0,0,0,0,0,0,,0,0,0,0,0,0,1,0,1,0.25,1,0,0,0,0,0,0,0.0,172,125,167,5,0,0,172,1,1,100.0,0,0.0,134,469,221,0,0,0,0,0,117,0,0,0,0,0,0,0,0,0,0,0,0,0,13,1,0,100.0,6.0,1.5,13.0,7.0,61.5,1.0,1.0,2.0,0.0,0.0,1.0,1.0,0.0,0.0,4.5,0.29,-1.5,-0.37,12.0,53.0,22.6,155.0,20.0,27.7,30.7,36.0,2.0,5.6,3.0,0.75,14.9
85,2025/26,5,21.0,4,0,68.0,0.8,1,0,1,1,0,0,0,0,1.2,1.2,0.1,1.3,1.32,1.69,5,2,7,5,2,40.0,6.62,2.65,0.2,0.5,14.8,0,0,0,1.2,1.2,0.23,-0.2,-0.2,14,20,70.0,212,68,0,0.1,0.0,-0.1,1,1,0,0,2,18,2,2,0,0,1,0,0,0,0,0,14,1,0,1,0,0,2,50.0,1,1,0,1,0,1,0,0,3,3.97,1,0,2,0,0,0,1,1.32,39,0,4,13,25,5,39,6,4,66.7,2,33.3,26,246,147,5,3,3,4,4,26,7,0,0,0,2,1,1,1,0,0,0,0,0,6,1,0,100.0,,,,,,,,,,,,,,,,,,,,,,,,,,,,,,,
86,2025/26,5,21.0,4,3,198.0,2.2,0,0,0,0,0,0,1,0,0.0,0.0,0.0,0.1,0.0,0.04,1,4,1,2,0,0.0,0.91,0.0,0.0,,28.7,0,0,0,0.0,0.0,0.02,0.0,0.0,57,73,78.1,1064,169,0,0.0,0.0,0.0,2,4,0,0,4,71,2,1,0,1,0,1,0,0,0,0,57,2,0,1,1,0,3,0.0,3,2,0,2,4,6,2,0,2,0.91,2,0,0,0,0,0,0,0.0,99,1,26,58,17,0,99,1,1,100.0,0,0.0,46,196,80,1,0,0,6,1,46,1,1,0,0,5,2,0,0,4,0,0,0,0,14,6,3,66.7,,,,,,,,,,,,,,,,,,,,,,,,,,,,,,,
87,2025/26,5,34.0,4,3,238.0,2.6,0,0,0,0,0,1,0,0,1.7,0.9,0.1,0.9,0.0,0.65,0,1,2,2,0,0.0,0.76,0.0,0.0,,16.9,0,0,1,1.7,0.9,0.43,-1.7,-0.9,35,48,72.9,425,74,0,0.1,0.3,-0.1,1,3,0,0,1,47,0,0,2,0,0,0,0,0,0,0,35,3,1,2,0,1,1,0.0,1,1,0,1,0,3,0,0,2,0.76,2,0,0,0,0,0,0,0.0,64,0,5,34,26,10,63,2,0,0.0,1,50.0,32,115,24,0,0,0,6,1,44,2,0,0,0,4,1,0,0,0,1,0,0,0,5,1,5,16.7,,,,,,,,,,,,,,,,,,,,,,,,,,,,,,,
88,2025/26,5,21.0,1,0,1.0,0.0,0,0,0,0,0,0,0,0,0.0,0.0,0.0,0.0,0.0,0.0,0,0,0,0,0,,0.0,0.0,,,,0,0,0,0.0,0.0,,0.0,0.0,0,0,,0,0,0,0.0,0.0,0.0,0,0,0,0,0,0,0,0,0,0,0,0,0,0,0,0,0,0,0,0,0,0,0,,0,0,0,0,0,0,0,0,0,0.0,0,0,0,0,0,0,0,0.0,0,0,0,0,0,0,0,0,0,,0,,0,0,0,0,0,0,0,0,0,0,0,0,0,0,0,0,0,0,0,0,0,0,0,0,0,,,,,,,,,,,,,,,,,,,,,,,,,,,,,,,,
89,2025/26,5,22.0,3,1,106.0,1.2,0,0,0,0,0,0,1,0,0.0,0.0,0.3,0.3,0.0,0.29,0,4,1,1,1,100.0,0.85,0.85,0.0,0.0,28.8,0,0,0,0.0,0.0,0.03,0.0,0.0,26,37,70.3,387,118,0,0.3,0.0,-0.3,1,6,1,0,4,33,3,0,0,0,2,0,1,1,0,0,26,5,4,2,3,0,5,40.0,3,4,0,4,2,7,3,0,1,0.85,1,0,0,0,0,0,0,0.0,53,3,10,39,7,0,53,2,0,0.0,2,100.0,22,74,47,0,0,0,1,0,27,1,1,0,0,4,2,0,2,2,4,0,0,0,6,1,4,20.0,,,,,,,,,,,,,,,,,,,,,,,,,,,,,,,
90,2025/26,5,25.0,3,0,113.0,1.3,0,0,0,0,0,0,2,0,0.0,0.0,0.0,0.0,0.0,0.0,2,3,4,0,0,,0.0,0.0,,,,0,0,0,0.0,0.0,,0.0,0.0,48,54,88.9,735,257,0,0.0,0.0,0.0,0,3,2,1,3,45,8,0,0,0,2,8,0,0,0,0,48,2,2,2,0,0,3,66.7,1,2,0,2,0,2,10,0,1,0.8,1,0,0,0,0,0,0,0.0,69,7,22,33,15,0,69,0,0,,0,,37,229,119,2,1,0,2,0,39,4,2,0,0,3,2,0,2,0,2,0,0,0,6,1,5,16.7,,,,,,,,,,,,,,,,,,,,,,,,,,,,,,,
91,2025/26,5,23.0,3,2,164.0,1.8,0,0,0,0,0,0,1,0,0.1,0.1,0.1,0.2,0.0,0.12,5,6,11,3,2,66.7,1.65,1.1,0.0,0.0,22.0,0,0,0,0.1,0.1,0.05,-0.1,-0.1,23,31,74.2,374,100,0,0.1,0.1,-0.1,2,5,1,0,6,28,3,0,0,0,2,0,0,0,0,0,23,2,2,0,0,2,1,0.0,1,3,0,3,0,2,3,0,6,3.29,4,0,0,0,2,0,2,1.1,60,2,6,23,31,6,60,5,2,40.0,3,60.0,37,176,80,5,0,4,9,6,43,11,1,0,0,3,6,1,2,0,2,1,0,0,3,1,1,50.0,,,,,,,,,,,,,,,,,,,,,,,,,,,,,,,
92,2025/26,5,20.0,3,2,107.0,1.2,0,0,0,0,0,0,0,0,0.0,0.0,0.0,0.0,0.0,0.0,2,2,1,0,0,,0.0,0.0,,,,0,0,0,0.0,0.0,,0.0,0.0,46,54,85.2,725,139,0,0.0,0.0,0.0,0,2,1,0,2,53,1,1,0,2,0,0,0,0,0,0,46,3,3,1,2,0,1,100.0,0,0,0,0,0,3,2,0,0,0.0,0,0,0,0,0,0,0,0.0,60,2,20,35,6,0,60,0,0,,0,,42,279,146,2,0,0,1,0,48,1,0,0,0,3,1,0,0,0,3,0,0,0,6,2,1,66.7,,,,,,,,,,,,,,,,,,,,,,,,,,,,,,,
93,2025/26,5,39.0,3,1,98.0,1.1,1,0,1,0,1,1,1,0,0.8,0.0,0.0,0.0,0.0,0.72,2,2,1,0,0,,0.0,0.0,,,,0,1,1,0.8,0.0,,0.2,0.0,34,43,79.1,659,207,0,0.0,0.0,0.0,0,4,0,0,2,33,10,4,0,0,2,3,2,1,1,0,34,3,3,2,1,0,2,50.0,1,2,1,1,1,4,0,0,2,1.82,1,1,0,0,0,0,0,0.0,54,2,18,29,7,1,53,1,0,0.0,1,100.0,25,109,60,2,1,0,1,0,26,1,1,0,0,2,1,0,2,1,3,0,0,0,3,1,3,25.0,,,,,,,,,,,,,,,,,,,,,,,,,,,,,,,
94,2025/26,5,25.0,4,4,360.0,4.0,0,0,0,0,0,0,1,0,0.3,0.3,0.0,0.3,0.0,0.08,3,20,1,2,1,50.0,0.5,0.25,0.0,0.0,16.8,0,0,0,0.3,0.3,0.15,-0.3,-0.3,230,266,86.5,4678,2206,0,0.0,0.2,0.0,0,26,1,0,20,256,10,9,0,6,0,1,0,0,0,0,230,2,1,2,0,0,5,40.0,3,8,4,4,0,2,23,0,4,1.0,3,0,0,1,0,0,0,0.0,306,29,155,146,9,3,306,1,0,0.0,0,0.0,213,1290,812,3,2,0,1,0,223,1,1,0,0,2,3,1,0,0,1,0,1,0,14,10,16,38.5,,,,,,,,,,,,,,,,,,,,,,,,,,,,,,,
95,2025/26,5,33.0,2,2,180.0,2.0,0,0,0,0,0,0,1,0,0.0,0.0,0.0,0.0,0.0,0.02,5,9,1,0,0,,0.0,0.0,,,,0,0,0,0.0,0.0,,0.0,0.0,48,68,70.6,919,367,0,0.0,0.0,0.0,1,5,0,0,9,50,18,3,1,0,1,15,0,0,0,0,48,7,3,3,4,0,3,66.7,1,4,0,4,4,11,5,0,2,1.0,2,0,0,0,0,0,0,0.0,94,5,25,50,19,3,94,1,0,0.0,0,0.0,40,273,192,5,2,1,3,0,38,1,1,0,0,1,7,0,1,4,3,0,0,0,7,1,2,33.3,,,,,,,,,,,,,,,,,,,,,,,,,,,,,,,
96,2025/26,5,28.0,4,4,352.0,3.9,1,1,2,1,0,0,1,0,0.7,0.7,1.0,1.7,0.51,0.42,10,8,25,5,2,40.0,1.28,0.51,0.2,0.5,13.6,0,0,0,0.7,0.7,0.13,0.3,0.3,83,103,80.6,1015,293,1,1.0,0.2,0.0,6,4,5,2,8,100,3,0,0,0,6,3,0,0,0,0,83,3,3,2,1,0,7,28.6,5,4,0,4,2,5,1,0,10,2.56,9,0,1,0,0,0,1,0.26,141,4,12,50,79,9,141,11,5,45.5,5,45.5,86,545,337,10,9,1,7,7,92,25,1,0,0,10,0,1,6,2,3,0,0,0,6,0,4,0.0,,,,,,,,,,,,,,,,,,,,,,,,,,,,,,,
97,2025/26,5,33.0,4,4,360.0,4.0,0,0,0,0,0,0,1,0,0.2,0.2,0.0,0.2,0.0,0.05,0,8,1,3,0,0.0,0.75,0.0,0.0,,10.9,0,0,0,0.2,0.2,0.06,-0.2,-0.2,247,270,91.5,4411,1195,0,0.0,0.0,0.0,1,8,0,0,8,238,31,9,0,0,0,0,0,0,0,0,247,3,2,2,1,0,2,50.0,1,2,1,1,2,5,25,0,2,0.5,1,0,0,1,0,0,1,0.25,312,53,194,109,9,8,312,2,1,50.0,0,0.0,179,667,230,0,0,0,2,0,200,1,1,0,0,2,3,0,0,2,2,0,0,0,16,8,4,66.7,,,,,,,,,,,,,,,,,,,,,,,,,,,,,,,
98,2025/26,5,25.0,2,2,174.0,1.9,0,0,0,0,0,0,1,0,0.0,0.0,0.0,0.0,0.0,0.01,2,11,6,1,1,100.0,0.52,0.52,0.0,0.0,12.4,0,0,0,0.0,0.0,0.02,0.0,0.0,75,94,79.8,1268,499,0,0.0,0.0,0.0,0,6,2,0,11,69,23,1,0,2,2,22,0,0,0,0,75,12,6,6,3,3,7,85.7,1,3,0,3,2,14,11,0,2,1.03,2,0,0,0,0,0,0,0.0,125,5,46,51,29,3,125,1,1,100.0,0,0.0,42,248,138,2,2,0,2,3,52,6,1,0,0,2,0,2,2,2,6,0,0,0,8,6,6,50.0,,,,,,,,,,,,,,,,,,,,,,,,,,,,,,,
99,2025/26,5,24.0,2,2,177.0,2.0,1,0,1,0,1,1,0,0,1.2,0.4,0.2,0.6,0.0,0.72,0,5,11,3,1,33.3,1.53,0.51,0.0,0.0,22.2,0,1,1,1.2,0.4,0.14,-0.2,-0.4,51,61,83.6,762,174,0,0.2,0.2,-0.2,4,5,1,1,5,54,6,0,0,0,6,0,2,2,0,0,51,4,2,2,2,0,4,50.0,2,4,1,3,0,4,2,0,4,2.03,2,1,0,0,0,1,0,0.0,85,1,13,38,34,7,84,1,0,0.0,1,100.0,38,130,48,0,2,0,6,1,55,11,0,0,0,1,0,1,6,0,2,0,0,0,2,1,5,16.7,,,,,,,,,,,,,,,,,,,,,,,,,,,,,,,
100,2025/26,5,24.0,4,4,269.0,3.0,0,0,0,0,0,0,1,0,0.0,0.0,0.1,0.1,0.0,0.02,1,10,8,0,0,,0.0,0.0,,,,0,0,0,0.0,0.0,,0.0,0.0,110,136,80.9,1870,617,0,0.1,0.5,-0.1,2,7,3,1,10,112,24,9,0,2,5,14,1,1,0,0,110,6,4,2,3,1,6,66.7,2,5,0,5,2,8,8,1,6,2.01,3,2,0,0,0,1,1,0.33,164,8,60,71,34,4,164,4,1,25.0,3,75.0,88,306,121,1,1,1,1,4,99,8,1,0,0,6,6,1,5,2,4,0,0,0,15,1,3,25.0,,,,,,,,,,,,,,,,,,,,,,,,,,,,,,,
101,2025/26,5,19.0,1,0,24.0,0.3,0,0,0,0,0,0,0,0,0.0,0.0,0.0,0.0,0.0,0.0,0,0,1,0,0,,0.0,0.0,,,,0,0,0,0.0,0.0,,0.0,0.0,1,2,50.0,7,0,0,0.0,0.0,0.0,0,0,0,0,0,2,0,0,0,0,0,0,0,0,0,0,1,0,0,0,0,0,0,,0,0,0,0,0,0,0,0,0,0.0,0,0,0,0,0,0,0,0.0,4,0,1,2,1,0,4,1,0,0.0,1,100.0,4,27,4,0,0,0,1,1,4,1,0,0,0,1,0,0,0,0,0,0,0,0,2,0,1,0.0,,,,,,,,,,,,,,,,,,,,,,,,,,,,,,,
102,2025/26,5,21.0,4,4,337.0,3.7,0,1,1,0,0,0,0,0,0.5,0.5,1.3,1.8,0.27,0.49,21,4,29,7,2,28.6,1.87,0.53,0.0,0.0,14.1,0,0,0,0.5,0.5,0.07,-0.5,-0.5,47,95,49.5,619,192,1,1.3,0.7,-0.3,6,3,2,1,4,90,3,0,0,2,9,2,1,1,0,0,47,6,5,1,3,2,7,42.9,4,4,0,4,4,10,1,0,14,3.74,7,0,4,2,1,0,1,0.27,140,2,19,56,72,25,140,19,13,68.4,4,21.1,101,828,487,21,6,14,11,6,100,29,0,0,0,3,7,2,9,4,5,0,0,0,18,5,3,62.5,,,,,,,,,,,,,,,,,,,,,,,,,,,,,,,
103,2025/26,5,21.0,4,2,274.0,3.0,0,0,0,0,0,0,0,0,0.2,0.2,0.1,0.2,0.0,0.07,1,17,4,4,2,50.0,1.31,0.66,0.0,0.0,24.6,0,0,0,0.2,0.2,0.04,-0.2,-0.2,105,130,80.8,1767,427,0,0.1,0.2,-0.1,2,7,3,0,17,118,11,5,0,1,9,0,6,4,1,0,105,9,5,3,4,2,7,42.9,4,1,0,1,5,14,3,0,8,2.63,7,1,0,0,0,0,0,0.0,162,5,34,88,42,1,162,7,1,14.3,4,57.1,97,436,172,1,1,0,5,2,110,4,0,0,0,3,8,0,9,5,5,0,0,0,12,0,4,0.0,,,,,,,,,,,,,,,,,,,,,,,,,,,,,,,
104,2025/26,6,24.0,1,0,2.0,0.0,0,0,0,0,0,0,0,0,0.0,0.0,0.0,0.0,0.0,0.0,0,0,0,0,0,,0.0,0.0,,,,0,0,0,0.0,0.0,,0.0,0.0,1,1,100.0,19,0,0,0.0,0.0,0.0,0,0,0,0,0,0,1,0,0,0,0,0,0,0,0,0,1,0,0,0,0,0,0,,0,0,0,0,0,0,1,0,0,0.0,0,0,0,0,0,0,0,0.0,2,0,1,1,0,0,2,0,0,,0,,0,0,0,0,0,0,0,0,0,0,0,0,0,0,0,0,0,0,0,0,0,0,0,1,1,50.0,,,,,,,,,,,,,,,,,,,,,,,,,,,,,,,
105,2025/26,6,26.0,1,0,28.0,0.3,0,0,0,0,0,0,0,0,0.0,0.0,0.0,0.0,0.0,0.0,0,1,0,0,0,,0.0,0.0,,,,0,0,0,0.0,0.0,,0.0,0.0,7,8,87.5,75,58,0,0.0,0.0,0.0,0,1,0,0,1,8,0,0,0,0,0,0,0,0,0,0,7,3,1,3,0,0,4,75.0,1,1,1,0,1,4,0,0,0,0.0,0,0,0,0,0,0,0,0.0,15,1,9,4,2,0,15,1,0,0.0,1,100.0,0,0,0,0,0,0,0,0,1,0,0,0,0,0,0,0,0,1,1,0,0,0,2,1,0,100.0,,,,,,,,,,,,,,,,,,,,,,,,,,,,,,,
106,2025/26,6,22.0,4,3,236.0,2.6,0,0,0,0,0,0,0,0,0.2,0.2,0.2,0.4,0.0,0.13,4,5,8,3,0,0.0,1.14,0.0,0.0,,20.8,1,0,0,0.2,0.2,0.05,-0.2,-0.2,42,54,77.8,666,135,0,0.2,0.1,-0.2,1,2,2,1,5,47,7,0,1,0,3,0,0,0,0,0,42,6,2,1,3,2,2,100.0,0,4,0,4,2,8,1,0,2,0.76,2,0,0,0,0,0,0,0.0,92,2,8,43,43,4,92,5,2,40.0,3,60.0,45,211,114,4,2,1,3,7,53,8,0,0,0,5,9,0,3,2,2,0,1,0,10,0,12,0.0,,,,,,,,,,,,,,,,,,,,,,,,,,,,,,,
107,2025/26,6,26.0,4,4,352.0,3.9,0,0,0,0,0,0,0,0,0.0,0.0,0.0,0.0,0.0,0.01,1,5,0,1,0,0.0,0.26,0.0,0.0,,14.4,0,0,0,0.0,0.0,0.01,0.0,0.0,97,112,86.6,1682,545,0,0.0,0.0,0.0,1,3,0,0,5,111,1,1,1,0,1,0,0,0,0,0,97,5,3,4,1,0,3,33.3,2,5,4,1,3,8,31,0,1,0.26,1,0,0,0,0,0,0,0.0,159,35,87,62,10,8,159,0,0,,0,,68,343,177,1,0,0,0,0,83,0,0,0,0,1,0,0,1,3,3,0,0,0,10,12,5,70.6,,,,,,,,,,,,,,,,,,,,,,,,,,,,,,,
108,2025/26,6,26.0,3,2,177.0,2.0,0,1,1,0,0,0,0,0,0.1,0.1,0.6,0.7,0.51,0.34,1,4,13,2,0,0.0,1.02,0.0,0.0,,24.4,1,0,0,0.1,0.1,0.03,-0.1,-0.1,38,49,77.6,492,115,1,0.6,0.3,0.4,2,1,1,1,4,47,2,0,0,0,6,1,0,0,0,0,38,1,1,1,0,0,0,,0,2,0,2,2,3,4,0,3,1.53,3,0,0,0,0,0,1,0.51,77,6,16,28,33,6,77,2,1,50.0,1,50.0,38,149,87,1,1,2,4,3,44,13,0,0,0,0,0,1,6,2,1,0,0,0,6,2,7,22.2,,,,,,,,,,,,,,,,,,,,,,,,,,,,,,,
109,2025/26,6,25.0,4,4,352.0,3.9,2,1,3,2,0,0,1,0,1.7,1.7,0.2,1.9,0.77,0.47,6,8,17,8,3,37.5,2.05,0.77,0.25,0.67,13.4,0,0,0,1.7,1.7,0.21,0.3,0.3,60,88,68.2,831,224,1,0.2,0.4,0.8,3,4,4,1,8,86,1,0,0,0,3,1,0,0,0,0,60,5,3,0,3,2,4,75.0,1,10,3,7,3,8,2,0,7,1.79,4,0,2,0,1,0,2,0.51,154,5,27,73,60,9,154,12,4,33.3,5,41.7,82,481,280,6,2,1,16,9,94,17,1,0,0,2,6,2,3,3,3,0,1,0,19,3,6,33.3,,,,,,,,,,,,,,,,,,,,,,,,,,,,,,,
110,2025/26,6,28.0,3,0,21.0,0.2,0,0,0,0,0,0,0,0,0.0,0.0,0.0,0.0,0.0,0.0,0,0,0,0,0,,0.0,0.0,,,,0,0,0,0.0,0.0,,0.0,0.0,1,4,25.0,26,0,0,0.0,0.0,0.0,0,0,0,0,0,2,1,0,0,0,0,1,0,0,0,0,1,1,1,1,0,0,1,100.0,0,0,0,0,1,2,4,0,0,0.0,0,0,0,0,0,0,0,0.0,10,3,7,1,2,0,10,0,0,,0,,0,0,0,0,0,0,0,0,2,0,0,0,0,0,1,0,0,1,1,0,0,0,1,1,0,100.0,,,,,,,,,,,,,,,,,,,,,,,,,,,,,,,
111,2025/26,6,29.0,4,4,332.0,3.7,1,1,2,1,0,0,0,0,0.1,0.1,0.7,0.8,0.54,0.22,2,17,2,1,1,100.0,0.27,0.27,1.0,1.0,17.4,0,0,0,0.1,0.1,0.08,0.9,0.9,129,168,76.8,2233,802,1,0.7,0.5,0.3,6,20,1,0,17,152,15,12,2,0,3,0,2,0,0,0,129,7,4,3,4,0,6,16.7,5,5,5,0,5,12,10,0,12,3.25,9,3,0,0,0,0,1,0.27,205,11,42,134,30,3,205,1,0,0.0,0,0.0,81,205,51,2,2,1,3,2,109,2,0,0,0,1,4,0,3,5,4,0,0,1,13,4,5,44.4,,,,,,,,,,,,,,,,,,,,,,,,,,,,,,,
112,2025/26,6,30.0,4,2,189.0,2.1,0,0,0,0,0,0,1,0,0.1,0.1,0.2,0.3,0.0,0.13,2,5,7,4,2,50.0,1.9,0.95,0.0,0.0,24.5,0,0,0,0.1,0.1,0.03,-0.1,-0.1,20,38,52.6,306,71,0,0.2,0.1,-0.2,1,2,1,0,5,37,0,0,0,0,0,0,0,0,0,0,20,2,1,2,0,0,7,14.3,6,4,2,2,4,6,6,0,3,1.43,2,0,0,0,1,0,0,0.0,62,6,17,26,19,3,62,2,0,0.0,2,100.0,26,102,62,2,1,1,1,1,23,7,1,0,0,3,1,1,0,4,1,0,0,0,6,3,3,50.0,,,,,,,,,,,,,,,,,,,,,,,,,,,,,,,
113,2025/26,6,35.0,4,4,360.0,4.0,0,0,0,0,0,0,1,0,0.0,0.0,0.0,0.0,0.0,0.0,3,7,2,1,0,0.0,0.25,0.0,0.0,,34.1,0,0,0,0.0,0.0,0.01,0.0,0.0,116,163,71.2,2178,927,0,0.0,0.1,0.0,0,8,1,0,7,126,37,8,1,5,1,29,0,0,0,0,116,5,3,5,0,0,6,50.0,3,5,0,5,3,8,16,0,5,1.25,2,3,0,0,0,0,1,0.25,193,19,85,83,25,0,193,1,1,100.0,0,0.0,83,323,172,3,1,0,3,1,94,2,1,0,0,2,2,0,1,3,3,0,0,0,14,4,5,44.4,,,,,,,,,,,,,,,,,,,,,,,,,,,,,,,
114,2025/26,6,21.0,4,3,254.0,2.8,0,0,0,0,0,0,2,1,0.1,0.1,0.0,0.1,0.0,0.03,0,6,3,2,0,0.0,0.71,0.0,0.0,,21.0,0,0,0,0.1,0.1,0.04,-0.1,-0.1,62,75,82.7,1010,262,0,0.0,0.0,0.0,1,5,0,0,6,75,0,0,0,0,2,0,0,0,0,0,62,9,3,5,2,2,3,33.3,2,4,1,3,2,11,4,0,1,0.35,1,0,0,0,0,0,0,0.0,112,7,33,58,22,3,112,4,2,50.0,2,50.0,56,192,69,0,1,0,1,3,67,3,2,1,1,8,3,0,2,2,3,0,0,0,8,3,3,50.0,,,,,,,,,,,,,,,,,,,,,,,,,,,,,,,
115,2025/26,6,22.0,4,1,113.0,1.3,0,0,0,0,0,0,1,0,0.2,0.2,0.1,0.3,0.0,0.25,3,4,3,2,1,50.0,1.59,0.8,0.0,0.0,18.2,0,0,0,0.2,0.2,0.1,-0.2,-0.2,21,32,65.6,256,96,0,0.1,0.0,-0.1,1,2,2,1,4,30,2,0,0,0,1,0,1,0,0,0,21,2,1,1,1,0,3,33.3,2,1,0,1,0,2,2,0,2,1.59,1,0,0,1,0,0,1,0.8,46,1,8,20,20,2,46,2,1,50.0,1,50.0,16,99,43,3,3,0,2,2,22,3,1,0,0,1,2,0,1,0,1,0,0,0,5,5,4,55.6,,,,,,,,,,,,,,,,,,,,,,,,,,,,,,,
116,2025/26,6,25.0,4,4,333.0,3.7,1,0,1,1,0,0,1,0,0.7,0.7,0.4,1.1,0.27,0.3,3,3,19,3,1,33.3,0.81,0.27,0.33,1.0,14.6,0,0,0,0.7,0.7,0.24,0.3,0.3,38,67,56.7,497,78,0,0.4,0.1,-0.4,2,2,0,0,3,67,0,0,0,0,2,0,0,0,0,0,38,5,5,3,2,0,1,0.0,1,1,1,0,0,5,6,0,5,1.35,2,0,0,1,2,0,0,0.0,101,6,15,45,43,9,101,3,3,100.0,0,0.0,56,244,73,3,4,2,12,8,68,19,1,0,0,8,4,4,2,0,5,0,0,0,11,10,22,31.3,,,,,,,,,,,,,,,,,,,,,,,,,,,,,,,
117,2025/26,6,26.0,1,0,6.0,0.1,0,0,0,0,0,0,0,0,0.0,0.0,0.0,0.0,0.0,0.0,0,0,0,0,0,,0.0,0.0,,,,0,0,0,0.0,0.0,,0.0,0.0,0,0,,0,0,0,0.0,0.0,0.0,0,0,0,0,0,0,0,0,0,0,0,0,0,0,0,0,0,0,0,0,0,0,0,,0,0,0,0,0,0,0,0,0,0.0,0,0,0,0,0,0,0,0.0,1,0,0,0,1,0,1,0,0,,0,,1,0,0,0,0,0,1,0,1,0,0,0,0,0,0,0,0,0,0,0,0,0,0,0,0,,,,,,,,,,,,,,,,,,,,,,,,,,,,,,,,
118,2025/26,6,36.0,4,4,360.0,4.0,0,0,0,0,0,0,0,0,0.0,0.0,0.0,0.0,0.0,0.0,0,0,0,0,0,,0.0,0.0,,,,0,0,0,0.0,0.0,,0.0,0.0,67,156,42.9,2245,1738,0,0.0,0.0,0.0,0,1,0,0,0,84,71,9,0,0,0,0,0,0,0,0,67,0,0,0,0,0,0,,0,0,0,0,0,0,1,0,1,0.25,0,1,0,0,0,0,0,0.0,168,146,167,1,0,0,168,0,0,,0,,75,422,246,0,0,0,0,0,54,0,0,0,0,0,0,0,0,0,0,0,0,0,2,2,2,50.0,7.0,1.75,17.0,11.0,70.6,1.0,0.0,3.0,1.0,25.0,2.0,2.0,0.0,0.0,6.7,0.3,0.7,0.17,22.0,107.0,20.6,93.0,19.0,52.7,39.0,100.0,5.0,5.0,1.0,0.25,8.3
119,2025/26,6,23.0,4,4,352.0,3.9,0,0,0,0,0,0,0,0,0.0,0.0,0.0,0.0,0.0,0.01,1,11,0,1,1,100.0,0.26,0.26,0.0,0.0,9.2,0,0,0,0.0,0.0,0.05,0.0,0.0,102,120,85.0,1773,725,0,0.0,0.0,0.0,0,9,0,0,11,118,2,2,0,1,0,0,0,0,0,0,102,2,2,1,0,1,4,25.0,3,8,6,2,3,5,29,0,1,0.26,0,0,0,0,1,0,0,0.0,166,35,93,69,4,2,166,0,0,,0,,71,241,132,1,0,0,2,1,85,0,0,0,0,2,3,0,0,3,2,0,0,0,4,9,5,64.3,,,,,,,,,,,,,,,,,,,,,,,,,,,,,,,
120,2025/26,6,24.0,3,1,104.0,1.2,0,0,0,0,0,0,0,0,0.0,0.0,0.0,0.1,0.0,0.06,0,4,3,1,0,0.0,0.87,0.0,0.0,,19.9,0,0,0,0.0,0.0,0.03,0.0,0.0,19,29,65.5,247,88,0,0.0,0.1,0.0,1,1,2,1,4,28,1,0,0,0,3,1,0,0,0,0,19,1,1,1,0,0,1,0.0,1,0,0,0,1,2,2,0,2,1.73,2,0,0,0,0,0,0,0.0,38,0,13,8,17,2,38,2,1,50.0,1,50.0,13,31,12,0,0,0,0,0,17,3,0,0,0,1,0,0,3,1,1,0,0,0,3,2,0,100.0,,,,,,,,,,,,,,,,,,,,,,,,,,,,,,,
121,2025/26,6,23.0,4,4,360.0,4.0,0,0,0,0,0,0,0,0,0.1,0.1,0.0,0.1,0.0,0.04,1,8,8,1,0,0.0,0.25,0.0,0.0,,12.8,0,0,0,0.1,0.1,0.09,-0.1,-0.1,75,122,61.5,1234,599,0,0.0,0.1,0.0,2,5,1,0,8,89,30,6,0,0,16,16,8,8,0,0,75,10,7,7,2,1,9,66.7,3,5,1,4,9,19,22,0,5,1.25,3,2,0,0,0,0,1,0.25,177,23,61,70,47,4,177,2,0,0.0,2,100.0,55,171,86,1,2,0,2,0,71,8,0,0,0,1,0,0,16,9,7,0,0,0,10,5,2,71.4,,,,,,,,,,,,,,,,,,,,,,,,,,,,,,,
122,2025/26,6,27.0,2,0,22.0,0.2,0,0,0,0,0,0,0,0,0.0,0.0,0.1,0.1,0.0,0.32,1,0,2,0,0,,0.0,0.0,,,,0,0,0,0.0,0.0,,0.0,0.0,1,4,25.0,14,14,0,0.1,0.0,-0.1,1,0,0,0,0,3,1,0,0,0,0,1,0,0,0,0,1,0,0,0,0,0,0,,0,1,0,1,0,0,0,0,0,0.0,0,0,0,0,0,0,0,0.0,8,0,1,2,5,1,8,1,0,0.0,1,100.0,3,18,15,1,1,0,1,0,4,2,0,0,0,0,0,0,0,0,0,0,0,0,0,1,2,33.3,,,,,,,,,,,,,,,,,,,,,,,,,,,,,,,
123,2025/26,8,21.0,1,0,12.0,0.1,0,0,0,0,0,0,0,0,0.0,0.0,0.1,0.1,0.0,0.66,3,0,2,0,0,,0.0,0.0,,,,0,0,0,0.0,0.0,,0.0,0.0,2,5,40.0,15,3,0,0.1,0.0,-0.1,1,0,0,0,0,5,0,0,0,0,1,0,0,0,0,0,2,0,0,0,0,0,0,,0,0,0,0,0,0,0,0,1,7.5,1,0,0,0,0,0,0,0.0,6,0,0,2,5,3,6,0,0,,0,,5,67,56,3,1,3,1,0,4,2,0,0,0,0,0,0,1,0,0,0,0,0,1,1,0,100.0,,,,,,,,,,,,,,,,,,,,,,,,,,,,,,,
124,2025/26,8,21.0,3,0,51.0,0.6,0,0,0,0,0,0,1,0,0.3,0.3,0.1,0.4,0.0,0.65,2,3,5,2,1,50.0,3.53,1.76,0.0,0.0,14.1,0,0,0,0.3,0.3,0.15,-0.3,-0.3,20,25,80.0,278,74,0,0.1,0.0,-0.1,2,2,0,0,3,22,1,1,0,0,1,0,0,0,0,0,20,1,1,1,0,0,1,100.0,0,0,0,0,1,2,0,0,2,3.53,2,0,0,0,0,0,0,0.0,30,0,4,19,7,4,30,0,0,,0,,22,109,63,2,0,0,1,0,22,5,1,0,0,2,1,0,1,1,1,0,0,0,3,0,0,,,,,,,,,,,,,,,,,,,,,,,,,,,,,,,,
125,2025/26,8,23.0,2,1,125.0,1.4,1,0,1,1,0,0,0,0,0.8,0.8,0.0,0.8,0.72,0.6,9,10,14,9,2,22.2,6.48,1.44,0.11,0.5,20.2,2,0,0,0.8,0.8,0.09,0.2,0.2,38,51,74.5,588,145,0,0.0,0.1,0.0,1,3,2,0,10,50,1,0,1,0,5,0,0,0,0,0,38,2,2,1,1,0,2,0.0,2,0,0,0,0,2,1,0,9,6.48,6,0,0,2,1,0,1,0.72,66,1,5,19,45,10,66,5,2,40.0,1,20.0,45,290,154,9,4,2,3,2,49,14,0,0,0,1,1,0,5,0,2,0,0,0,4,0,0,,,,,,,,,,,,,,,,,,,,,,,,,,,,,,,,
126,2025/26,8,24.0,4,4,348.0,3.9,2,1,3,1,1,1,0,0,1.9,1.1,0.7,1.9,0.52,0.69,5,19,16,4,1,25.0,1.03,0.26,0.25,1.0,16.4,0,1,1,1.9,1.1,0.28,0.1,-0.1,195,238,81.9,3072,760,1,0.7,0.4,0.3,6,19,6,1,19,222,16,8,1,1,10,1,7,5,0,0,195,6,4,3,2,1,7,28.6,5,2,0,2,3,9,3,0,12,3.1,11,1,0,0,0,0,2,0.52,268,3,43,163,63,9,267,3,0,0.0,2,66.7,157,641,283,5,3,0,5,8,205,16,0,0,0,3,3,1,10,3,4,0,0,0,12,2,3,40.0,,,,,,,,,,,,,,,,,,,,,,,,,,,,,,,
127,2025/26,8,18.0,3,2,180.0,2.0,0,1,1,0,0,0,1,0,1.0,1.0,0.9,1.9,0.5,0.93,7,3,19,3,2,66.7,1.5,1.0,0.0,0.0,12.8,0,0,0,1.0,1.0,0.33,-1.0,-1.0,54,66,81.8,843,85,1,0.9,1.0,0.1,2,3,1,0,3,64,2,0,0,0,4,0,2,2,0,0,54,3,2,1,2,0,3,33.3,2,1,0,1,0,3,2,0,5,2.5,3,0,2,0,0,0,2,1.0,90,2,7,40,45,13,90,16,8,50.0,8,50.0,57,413,220,7,2,6,2,4,72,19,1,0,0,3,0,1,4,0,2,0,0,0,6,0,2,0.0,,,,,,,,,,,,,,,,,,,,,,,,,,,,,,,
128,2025/26,8,20.0,1,1,45.0,0.5,0,0,0,0,0,0,0,0,0.0,0.0,0.3,0.3,0.0,0.51,0,0,5,0,0,,0.0,0.0,,,,0,0,0,0.0,0.0,,0.0,0.0,20,22,90.9,251,29,0,0.3,0.1,-0.3,2,2,0,0,0,22,0,0,0,0,0,0,0,0,0,0,20,1,0,0,0,1,0,,0,1,0,1,0,1,0,0,2,4.0,2,0,0,0,0,0,0,0.0,30,0,1,12,17,4,30,1,0,0.0,1,100.0,16,64,9,0,1,0,2,0,21,5,0,0,0,0,0,0,0,0,0,0,0,0,2,0,0,,,,,,,,,,,,,,,,,,,,,,,,,,,,,,,,
129,2025/26,8,21.0,4,2,145.0,1.6,0,0,0,0,0,0,0,0,0.1,0.1,0.1,0.2,0.0,0.15,5,1,11,4,1,25.0,2.48,0.62,0.0,0.0,23.5,0,0,0,0.1,0.1,0.03,-0.1,-0.1,32,36,88.9,479,40,0,0.1,0.1,-0.1,3,0,1,0,1,35,0,0,0,0,2,0,0,0,0,0,32,2,1,1,1,0,1,100.0,0,1,0,1,0,2,1,0,5,3.1,4,0,0,1,0,0,0,0.0,54,1,5,14,35,8,54,6,2,33.3,3,50.0,32,248,109,5,2,5,6,0,37,11,0,0,0,5,1,2,2,0,1,0,0,0,3,1,1,50.0,,,,,,,,,,,,,,,,,,,,,,,,,,,,,,,
130,2025/26,8,19.0,2,1,67.0,0.7,0,0,0,0,0,0,2,0,0.0,0.0,0.0,0.0,0.0,0.0,0,2,1,0,0,,0.0,0.0,,,,0,0,0,0.0,0.0,,0.0,0.0,35,37,94.6,522,32,0,0.0,0.0,0.0,0,2,0,0,2,32,5,0,0,0,0,5,0,0,0,0,35,0,0,0,0,0,1,0.0,1,1,0,1,0,0,2,0,0,0.0,0,0,0,0,0,0,0,0.0,43,2,8,25,10,1,43,1,1,100.0,0,0.0,24,59,16,0,0,0,1,3,30,1,2,0,0,2,0,0,0,0,0,0,0,0,3,0,2,0.0,,,,,,,,,,,,,,,,,,,,,,,,,,,,,,,
131,2025/26,8,19.0,1,1,90.0,1.0,0,0,0,0,0,0,0,0,0.1,0.1,0.0,0.1,0.0,0.09,0,3,0,1,0,0.0,1.0,0.0,0.0,,4.3,0,0,0,0.1,0.1,0.09,-0.1,-0.1,87,93,93.5,1412,277,0,0.0,0.0,0.0,0,0,0,0,3,92,1,1,0,0,0,0,0,0,0,0,87,2,2,1,1,0,2,50.0,1,0,0,0,1,3,5,1,0,0.0,0,0,0,0,0,0,0,0.0,102,6,38,59,6,2,102,3,2,66.7,0,0.0,80,370,190,0,1,0,0,0,85,0,0,0,0,0,2,0,0,1,2,0,0,0,4,5,2,71.4,,,,,,,,,,,,,,,,,,,,,,,,,,,,,,,
132,2025/26,8,23.0,4,4,330.0,3.7,2,3,5,2,0,0,0,0,1.5,1.5,1.2,2.7,1.36,0.74,6,10,26,9,3,33.3,2.45,0.82,0.22,0.67,14.3,0,0,0,1.5,1.5,0.17,0.5,0.5,82,100,82.0,1084,190,3,1.2,0.2,1.8,4,5,3,0,10,95,4,0,0,0,3,0,0,0,0,0,82,2,2,1,1,0,1,100.0,0,2,2,0,2,4,5,0,9,2.45,7,0,0,2,0,0,2,0.55,146,5,11,68,69,16,146,11,1,9.1,7,63.6,79,342,117,6,2,2,10,6,113,26,0,0,0,2,7,2,3,2,2,0,0,0,8,10,8,55.6,,,,,,,,,,,,,,,,,,,,,,,,,,,,,,,
133,2025/26,8,22.0,3,2,92.0,1.0,0,0,0,0,0,0,0,0,0.2,0.2,0.0,0.2,0.0,0.22,2,3,4,3,2,66.7,2.93,1.96,0.0,0.0,13.9,0,0,0,0.2,0.2,0.08,-0.2,-0.2,9,15,60.0,137,38,0,0.0,0.0,0.0,0,1,1,0,3,15,0,0,0,0,1,0,0,0,0,0,9,0,0,0,0,0,0,,0,0,0,0,0,0,1,1,1,0.98,1,0,0,0,0,0,0,0.0,25,1,1,10,14,5,25,0,0,,0,,15,99,42,2,1,0,2,2,20,4,0,0,0,1,1,1,1,0,0,0,0,0,3,2,4,33.3,,,,,,,,,,,,,,,,,,,,,,,,,,,,,,,
134,2025/26,8,22.0,3,2,170.0,1.9,0,0,0,0,0,0,0,0,0.0,0.0,0.0,0.0,0.0,0.02,2,12,7,1,0,0.0,0.53,0.0,0.0,,31.3,0,0,0,0.0,0.0,0.02,0.0,0.0,104,114,91.2,1676,441,0,0.0,0.1,0.0,1,11,1,0,12,96,18,4,0,0,2,14,0,0,0,0,104,4,1,2,0,2,3,100.0,0,0,0,0,3,7,4,0,5,2.65,4,0,0,0,0,1,1,0.53,134,5,27,74,33,2,134,1,0,0.0,1,100.0,71,392,171,2,0,0,7,1,85,7,0,0,0,1,3,0,2,3,1,0,0,0,8,1,2,33.3,,,,,,,,,,,,,,,,,,,,,,,,,,,,,,,
135,2025/26,8,27.0,4,3,293.0,3.3,0,1,1,0,0,0,0,0,0.2,0.2,0.8,1.0,0.31,0.29,7,17,14,3,1,33.3,0.92,0.31,0.0,0.0,13.6,0,0,0,0.2,0.2,0.06,-0.2,-0.2,201,224,89.7,3432,1070,1,0.8,0.5,0.2,6,18,3,0,17,195,29,2,1,1,0,27,0,0,0,0,201,8,4,5,1,2,9,33.3,6,5,2,3,4,12,9,0,6,1.84,6,0,0,0,0,0,1,0.31,252,7,66,135,52,7,252,0,0,,0,,139,561,355,7,6,1,1,0,178,14,0,0,0,4,4,0,0,4,4,0,0,0,16,5,4,55.6,,,,,,,,,,,,,,,,,,,,,,,,,,,,,,,
136,2025/26,8,23.0,4,4,360.0,4.0,2,0,2,2,0,0,1,0,0.4,0.4,0.0,0.4,0.5,0.1,4,25,2,4,2,50.0,1.0,0.5,0.5,1.0,15.8,0,0,0,0.4,0.4,0.1,1.6,1.6,242,262,92.4,3933,1134,0,0.0,0.2,0.0,0,31,1,0,25,259,2,2,1,1,1,0,0,0,0,0,242,16,6,5,9,2,11,81.8,2,7,4,3,12,28,5,0,7,1.75,6,0,0,1,0,0,1,0.25,315,14,61,217,39,2,315,3,1,33.3,1,33.3,174,792,383,4,3,0,2,4,220,2,1,0,0,3,6,0,1,12,6,0,0,0,22,2,3,40.0,,,,,,,,,,,,,,,,,,,,,,,,,,,,,,,
137,2025/26,8,25.0,4,4,350.0,3.9,1,0,1,1,0,0,0,0,0.5,0.5,0.9,1.4,0.26,0.37,18,14,39,5,1,20.0,1.29,0.26,0.2,1.0,16.3,0,0,0,0.5,0.5,0.11,0.5,0.5,108,155,69.7,1734,542,0,0.9,0.9,-0.9,8,4,6,1,14,133,21,6,0,0,33,3,12,8,2,0,108,3,2,1,1,1,4,50.0,2,1,0,1,3,6,1,0,18,4.63,10,4,2,1,0,1,2,0.51,189,1,17,50,126,18,189,14,6,42.9,7,50.0,127,931,523,18,7,6,10,5,141,39,0,0,0,0,3,0,33,3,2,0,0,0,11,1,2,33.3,,,,,,,,,,,,,,,,,,,,,,,,,,,,,,,
138,2025/26,8,25.0,4,1,155.0,1.7,0,0,0,0,0,0,1,0,0.1,0.1,0.5,0.6,0.0,0.34,4,13,1,2,1,50.0,1.16,0.58,0.0,0.0,25.5,0,0,0,0.1,0.1,0.04,-0.1,-0.1,145,160,90.6,2629,842,0,0.5,0.3,-0.5,4,18,1,0,13,132,28,5,3,2,7,16,7,4,0,0,145,1,1,1,0,0,2,50.0,1,2,0,2,4,5,4,0,8,4.65,3,2,1,0,1,1,2,1.16,174,2,38,102,34,0,174,3,1,33.3,1,33.3,108,565,319,4,1,0,1,2,120,1,1,0,0,4,5,0,7,4,1,0,0,0,10,3,1,75.0,,,,,,,,,,,,,,,,,,,,,,,,,,,,,,,
139,2025/26,8,27.0,4,4,360.0,4.0,0,0,0,0,0,0,0,0,0.0,0.0,0.0,0.0,0.0,0.0,0,0,0,0,0,,0.0,0.0,,,,0,0,0,0.0,0.0,,0.0,0.0,90,127,70.9,2373,1620,0,0.0,0.0,0.0,0,4,0,0,0,109,18,6,0,1,0,0,0,0,0,0,90,0,0,0,0,0,0,,0,0,0,0,0,0,2,0,1,0.25,1,0,0,0,0,0,0,0.0,134,103,132,2,0,0,134,0,0,,0,,88,374,261,0,0,0,0,0,81,0,0,0,0,0,0,0,0,0,0,0,0,0,4,1,1,50.0,3.0,0.75,13.0,10.0,76.9,2.0,2.0,0.0,2.0,50.0,0.0,0.0,0.0,0.0,3.0,0.23,0.0,0.0,10.0,43.0,23.3,115.0,16.0,33.0,34.6,49.0,4.0,8.2,3.0,0.75,13.6
140,2025/26,8,27.0,3,3,270.0,3.0,0,0,0,0,0,0,0,0,0.0,0.0,0.0,0.0,0.0,0.0,1,13,0,0,0,,0.0,0.0,,,,0,0,0,0.0,0.0,,0.0,0.0,247,266,92.9,4506,1624,0,0.0,0.1,0.0,0,14,1,0,13,247,18,6,0,0,0,2,0,0,0,0,247,5,2,3,2,0,2,50.0,1,1,1,0,4,9,19,0,0,0.0,0,0,0,0,0,0,0,0.0,298,35,137,158,3,1,298,0,0,,0,,150,700,437,1,1,0,1,0,211,0,0,0,0,2,0,1,0,4,2,0,0,0,7,14,7,66.7,,,,,,,,,,,,,,,,,,,,,,,,,,,,,,,
141,2025/26,8,26.0,4,4,338.0,3.8,1,0,1,1,0,0,0,0,0.6,0.6,0.0,0.6,0.27,0.15,6,22,0,7,1,14.3,1.86,0.27,0.14,1.0,14.3,0,0,0,0.6,0.6,0.08,0.4,0.4,272,303,89.8,5026,1335,0,0.0,0.5,0.0,1,30,4,1,22,292,10,9,2,4,3,0,0,0,0,0,272,8,5,1,7,0,7,100.0,0,2,2,0,7,15,24,0,7,1.86,4,0,1,2,0,0,0,0.0,353,23,107,219,29,5,353,4,3,75.0,0,0.0,234,1045,580,6,4,0,3,1,273,0,0,0,0,3,6,0,3,7,5,0,0,0,13,12,6,66.7,,,,,,,,,,,,,,,,,,,,,,,,,,,,,,,
142,2025/26,8,19.0,2,0,112.0,1.2,0,0,0,0,0,0,1,0,0.2,0.2,0.0,0.2,0.0,0.2,1,3,7,2,2,100.0,1.61,1.61,0.0,0.0,9.3,0,0,0,0.2,0.2,0.12,-0.2,-0.2,14,15,93.3,244,55,0,0.0,0.1,0.0,0,1,2,1,3,13,2,0,0,0,1,0,0,0,0,0,14,1,1,0,1,0,0,,0,0,0,0,0,1,1,0,4,3.21,3,0,0,1,0,0,2,1.61,27,0,1,11,15,3,27,2,1,50.0,1,50.0,16,79,42,1,0,1,5,2,19,7,1,0,0,3,1,1,1,0,1,0,0,0,1,1,0,100.0,,,,,,,,,,,,,,,,,,,,,,,,,,,,,,,
143,2025/26,8,24.0,2,1,67.0,0.7,0,0,0,0,0,0,0,0,0.0,0.0,0.0,0.0,0.0,0.0,2,2,1,0,0,,0.0,0.0,,,,0,0,0,0.0,0.0,,0.0,0.0,62,67,92.5,911,207,0,0.0,0.0,0.0,0,9,0,0,2,61,5,0,0,0,0,5,0,0,0,0,62,1,1,0,1,0,1,0.0,1,0,0,0,2,3,1,0,1,1.34,1,0,0,0,0,0,0,0.0,71,2,11,57,3,0,71,0,0,,0,,43,170,129,2,1,0,0,0,57,1,0,0,0,1,2,0,0,2,1,0,0,0,1,2,2,50.0,,,,,,,,,,,,,,,,,,,,,,,,,,,,,,,
144,2025/26,10,21.0,3,3,226.0,2.5,0,0,0,0,0,0,0,0,0.0,0.0,0.4,0.4,0.0,0.16,2,10,0,0,0,,0.0,0.0,,,,0,0,0,0.0,0.0,,0.0,0.0,79,100,79.0,1481,430,0,0.4,0.2,-0.4,3,13,2,0,10,96,4,4,1,1,3,0,0,0,0,0,79,1,1,0,1,0,8,0.0,8,5,1,4,2,3,2,0,4,1.59,2,2,0,0,0,0,1,0.4,116,2,30,70,19,0,116,3,3,100.0,0,0.0,55,247,154,2,2,0,4,1,76,0,0,0,0,0,1,0,3,2,1,0,0,0,15,1,3,25.0,,,,,,,,,,,,,,,,,,,,,,,,,,,,,,,
145,2025/26,10,25.0,4,4,360.0,4.0,0,0,0,0,0,0,0,0,0.3,0.3,0.0,0.3,0.0,0.07,0,7,0,2,0,0.0,0.5,0.0,0.0,,8.5,0,0,0,0.3,0.3,0.13,-0.3,-0.3,136,163,83.4,2717,861,0,0.0,0.1,0.0,1,6,0,0,7,153,10,1,0,2,1,9,0,0,0,0,136,8,5,4,3,1,7,71.4,2,8,4,4,3,11,20,0,3,0.75,1,2,0,0,0,0,0,0.0,210,28,101,90,19,5,210,0,0,,0,,105,435,207,0,1,0,0,0,128,0,0,0,0,2,1,0,1,3,5,0,0,0,6,11,5,68.8,,,,,,,,,,,,,,,,,,,,,,,,,,,,,,,
146,2025/26,10,22.0,1,0,7.0,0.1,0,0,0,0,0,0,0,0,0.0,0.0,0.0,0.0,0.0,0.12,1,0,2,1,1,100.0,12.86,12.86,0.0,0.0,12.6,0,0,0,0.0,0.0,0.01,0.0,0.0,5,9,55.6,70,11,0,0.0,0.0,0.0,0,1,0,0,0,9,0,0,0,0,2,0,0,0,0,0,5,0,0,0,0,0,0,,0,0,0,0,0,0,0,0,1,12.86,0,0,0,1,0,0,0,0.0,11,0,0,4,7,2,11,0,0,,0,,7,26,20,1,0,1,0,0,9,2,0,0,0,0,1,0,2,0,0,0,0,0,1,0,0,,,,,,,,,,,,,,,,,,,,,,,,,,,,,,,,
147,2025/26,10,29.0,2,2,175.0,1.9,0,0,0,0,0,0,0,0,0.1,0.1,0.6,0.7,0.0,0.34,2,10,7,2,2,100.0,1.03,1.03,0.0,0.0,23.4,0,0,0,0.1,0.1,0.03,-0.1,-0.1,55,66,83.3,866,253,0,0.6,0.4,-0.6,1,5,3,0,10,63,3,2,3,0,1,0,0,0,0,0,55,4,3,1,1,2,4,0.0,4,1,0,1,1,5,1,0,4,2.06,2,0,0,1,1,0,2,1.03,80,1,15,41,24,3,80,2,1,50.0,0,0.0,39,164,82,2,1,0,3,1,55,7,0,0,0,2,4,1,1,1,3,1,0,0,5,0,1,0.0,,,,,,,,,,,,,,,,,,,,,,,,,,,,,,,
148,2025/26,10,29.0,4,4,360.0,4.0,0,1,1,0,0,0,2,0,0.2,0.2,1.5,1.6,0.25,0.41,6,8,19,3,1,33.3,0.75,0.25,0.0,0.0,16.5,0,0,0,0.2,0.2,0.05,-0.2,-0.2,109,144,75.7,1864,631,1,1.5,1.0,-0.5,2,2,4,3,8,125,18,1,0,0,11,17,0,0,0,0,109,9,5,5,4,0,7,57.1,3,0,0,0,3,12,18,0,4,1.0,3,1,0,0,0,0,1,0.25,186,8,53,78,57,10,186,4,1,25.0,3,75.0,89,419,193,6,3,0,4,1,103,19,2,0,0,7,4,0,11,3,5,0,0,0,17,10,6,62.5,,,,,,,,,,,,,,,,,,,,,,,,,,,,,,,
149,2025/26,10,28.0,4,4,360.0,4.0,0,0,0,0,0,0,0,0,0.0,0.0,0.0,0.0,0.0,0.0,0,0,0,0,0,,0.0,0.0,,,,0,0,0,0.0,0.0,,0.0,0.0,103,146,70.5,2879,1904,0,0.0,0.0,0.0,1,3,0,0,0,94,52,14,0,0,0,0,0,0,0,0,103,0,0,0,0,0,0,,0,0,0,0,0,0,3,0,1,0.25,1,0,0,0,0,0,0,0.0,152,123,150,2,0,0,152,0,0,,0,,87,399,220,0,0,0,0,0,68,0,0,0,0,0,0,0,0,0,0,0,0,0,3,1,0,100.0,1.0,0.25,7.0,6.0,85.7,1.0,3.0,0.0,3.0,75.0,0.0,0.0,0.0,0.0,1.9,0.28,0.9,0.23,22.0,64.0,34.4,108.0,15.0,40.7,36.5,77.0,5.0,6.5,2.0,0.5,10.3
150,2025/26,10,27.0,1,1,83.0,0.9,0,0,0,0,0,0,0,0,0.2,0.2,0.0,0.2,0.0,0.26,0,1,2,6,2,33.3,6.51,2.17,0.0,0.0,32.4,0,0,0,0.2,0.2,0.04,-0.2,-0.2,16,25,64.0,241,34,0,0.0,0.0,0.0,0,2,0,0,1,19,6,3,0,1,4,0,2,2,0,0,16,1,1,0,1,0,0,,0,1,0,1,0,1,1,0,3,3.25,1,0,0,2,0,0,0,0.0,37,0,2,24,11,1,37,4,2,50.0,1,25.0,18,116,60,0,0,0,1,2,22,2,0,0,0,2,1,0,4,0,1,0,0,0,5,0,1,0.0,,,,,,,,,,,,,,,,,,,,,,,,,,,,,,,
151,2025/26,10,27.0,3,3,270.0,3.0,2,0,2,2,0,0,1,0,2.0,2.0,0.0,2.0,0.67,0.68,4,8,12,3,2,66.7,1.0,0.67,0.67,1.0,5.0,0,0,0,2.0,2.0,0.66,0.0,0.0,39,55,70.9,620,212,0,0.0,0.1,0.0,1,4,2,0,8,55,0,0,1,0,3,0,0,0,0,0,39,3,0,3,0,0,4,25.0,3,2,1,1,1,4,5,0,5,1.67,2,0,0,0,3,0,0,0.0,87,10,20,40,30,3,87,5,1,20.0,2,40.0,42,297,177,4,6,0,8,10,64,12,1,0,0,5,4,2,3,1,0,0,0,0,10,2,5,28.6,,,,,,,,,,,,,,,,,,,,,,,,,,,,,,,
152,2025/26,10,28.0,4,4,351.0,3.9,1,0,1,0,1,1,2,0,1.8,1.0,0.0,1.0,0.0,0.47,2,4,13,7,5,71.4,1.79,1.28,0.0,0.0,19.8,0,1,1,1.8,1.0,0.15,-0.8,-1.0,32,47,68.1,444,80,0,0.0,0.3,0.0,0,2,1,0,4,46,1,0,1,0,1,0,0,0,0,0,32,1,1,1,0,0,3,0.0,3,2,0,2,4,5,10,0,2,0.51,1,0,0,1,0,0,1,0.26,88,10,11,44,36,8,87,3,1,33.3,2,66.7,46,165,66,2,5,1,12,6,56,13,2,0,0,4,4,0,1,4,1,0,0,0,9,5,14,26.3,,,,,,,,,,,,,,,,,,,,,,,,,,,,,,,
153,2025/26,10,30.0,4,1,133.0,1.5,0,0,0,0,0,0,0,0,0.4,0.4,0.0,0.4,0.0,0.26,1,8,2,2,1,50.0,1.35,0.68,0.0,0.0,19.3,0,0,0,0.4,0.4,0.19,-0.4,-0.4,40,51,78.4,705,250,0,0.0,0.0,0.0,0,4,0,0,8,45,6,0,1,0,1,6,0,0,0,0,40,2,1,2,0,0,2,50.0,1,1,0,1,0,2,5,1,3,2.03,2,1,0,0,0,0,1,0.68,67,5,15,40,12,2,67,0,0,,0,,28,89,49,1,0,1,1,1,38,2,0,0,0,2,1,0,1,0,1,0,0,0,5,2,2,50.0,,,,,,,,,,,,,,,,,,,,,,,,,,,,,,,
154,2025/26,10,21.0,4,1,100.0,1.1,0,0,0,0,0,0,0,0,0.0,0.0,0.1,0.2,0.0,0.15,5,1,8,1,1,100.0,0.9,0.9,0.0,0.0,13.6,0,0,0,0.0,0.0,0.05,0.0,0.0,26,37,70.3,369,31,0,0.1,0.1,-0.1,2,2,0,0,1,34,3,1,0,0,1,0,0,0,0,0,26,5,4,2,3,0,5,60.0,2,2,0,2,0,5,1,0,5,4.5,5,0,0,0,0,0,0,0.0,46,0,5,22,20,8,46,1,0,0.0,1,100.0,28,179,114,5,4,2,1,3,35,8,0,0,0,3,1,1,1,0,4,0,0,0,6,0,2,0.0,,,,,,,,,,,,,,,,,,,,,,,,,,,,,,,
155,2025/26,10,25.0,4,4,360.0,4.0,1,0,1,1,0,0,0,0,0.2,0.2,0.0,0.2,0.25,0.06,1,13,1,3,1,33.3,0.75,0.25,0.33,1.0,12.7,0,0,0,0.2,0.2,0.06,0.8,0.8,190,222,85.6,3523,1297,0,0.0,0.0,0.0,2,12,0,0,13,210,11,6,0,1,0,0,0,0,0,0,190,5,4,5,0,0,3,66.7,1,0,0,0,4,9,18,0,5,1.25,4,1,0,0,0,0,1,0.25,251,28,115,124,13,4,251,0,0,,0,,167,817,532,1,0,0,0,1,179,1,0,0,0,1,2,0,0,4,4,0,0,0,15,7,3,70.0,,,,,,,,,,,,,,,,,,,,,,,,,,,,,,,
156,2025/26,10,25.0,4,4,360.0,4.0,0,1,1,0,0,0,1,0,0.1,0.1,0.5,0.6,0.25,0.15,0,6,1,1,1,100.0,0.25,0.25,0.0,0.0,8.0,0,0,0,0.1,0.1,0.1,-0.1,-0.1,167,186,89.8,3200,889,1,0.5,0.1,0.5,1,5,0,0,6,184,2,2,1,0,1,0,0,0,0,0,167,7,4,4,3,0,4,100.0,0,7,4,3,7,14,27,1,3,0.75,3,0,0,0,0,0,1,0.25,244,50,148,89,8,6,244,1,1,100.0,0,0.0,136,574,310,0,0,0,4,1,154,1,1,0,0,5,1,0,1,7,4,0,0,0,11,14,4,77.8,,,,,,,,,,,,,,,,,,,,,,,,,,,,,,,
157,2025/26,10,34.0,1,0,5.0,0.1,0,0,0,0,0,0,0,0,0.0,0.0,0.0,0.0,0.0,0.0,0,0,0,0,0,,0.0,0.0,,,,0,0,0,0.0,0.0,,0.0,0.0,3,3,100.0,28,7,0,0.0,0.0,0.0,0,0,0,0,0,3,0,0,0,0,0,0,0,0,0,0,3,1,1,1,0,0,1,100.0,0,0,0,0,0,1,1,0,0,0.0,0,0,0,0,0,0,0,0.0,5,2,3,0,2,0,5,0,0,,0,,3,7,6,0,0,0,0,0,3,0,0,0,0,0,0,0,0,0,1,0,0,0,0,0,0,,,,,,,,,,,,,,,,,,,,,,,,,,,,,,,,
158,2025/26,10,27.0,1,0,3.0,0.0,0,0,0,0,0,0,0,0,0.0,0.0,0.0,0.0,0.0,0.0,0,0,0,0,0,,0.0,0.0,,,,0,0,0,0.0,0.0,,0.0,0.0,0,1,0.0,0,0,0,0.0,0.0,0.0,0,0,0,0,0,0,0,0,0,0,0,0,0,0,0,0,0,1,1,1,0,0,1,100.0,0,0,0,0,0,1,0,0,0,0.0,0,0,0,0,0,0,0,0.0,4,0,1,0,3,0,4,0,0,,0,,2,5,4,0,0,0,0,0,2,0,0,0,0,0,1,0,0,0,1,0,0,0,0,0,2,0.0,,,,,,,,,,,,,,,,,,,,,,,,,,,,,,,
159,2025/26,10,20.0,1,0,25.0,0.3,0,0,0,0,0,0,0,0,0.0,0.0,0.0,0.0,0.0,0.0,0,2,3,0,0,,0.0,0.0,,,,0,0,0,0.0,0.0,,0.0,0.0,5,7,71.4,72,29,0,0.0,0.0,0.0,0,1,1,0,2,7,0,0,0,0,0,0,0,0,0,0,5,2,1,0,1,1,1,100.0,0,0,0,0,0,2,0,0,0,0.0,0,0,0,0,0,0,0,0.0,12,0,1,7,5,1,12,2,1,50.0,0,0.0,9,26,12,0,0,0,2,1,10,3,0,0,0,1,2,0,0,0,1,0,0,0,0,0,1,0.0,,,,,,,,,,,,,,,,,,,,,,,,,,,,,,,
160,2025/26,10,26.0,4,4,360.0,4.0,0,0,0,0,0,0,1,0,0.0,0.0,0.2,0.2,0.0,0.05,13,6,28,0,0,,0.0,0.0,,,,0,0,0,0.0,0.0,,0.0,0.0,133,187,71.1,2091,674,0,0.2,0.2,-0.2,4,4,3,3,6,154,32,0,0,1,17,32,0,0,0,0,133,16,11,11,3,2,14,71.4,4,6,2,4,2,18,16,1,11,2.75,9,1,1,0,0,0,0,0.0,238,16,78,101,63,6,238,5,1,20.0,3,60.0,102,662,346,13,9,0,5,3,131,28,1,0,0,0,0,0,17,2,11,0,0,0,18,1,4,20.0,,,,,,,,,,,,,,,,,,,,,,,,,,,,,,,
161,2025/26,10,30.0,4,4,319.0,3.5,0,0,0,0,0,0,3,0,0.2,0.2,0.5,0.6,0.0,0.18,1,22,3,3,0,0.0,0.85,0.0,0.0,,18.4,0,0,0,0.2,0.2,0.05,-0.2,-0.2,97,123,78.9,1547,606,0,0.5,0.5,-0.5,5,9,6,1,22,115,8,5,0,0,10,0,3,2,1,0,97,5,3,0,2,3,7,71.4,2,2,2,0,2,7,9,0,8,2.26,6,2,0,0,0,0,0,0.0,153,8,35,82,37,3,153,1,0,0.0,1,100.0,60,226,137,1,1,0,1,2,82,3,3,0,0,7,4,0,10,2,3,0,0,0,12,0,2,0.0,,,,,,,,,,,,,,,,,,,,,,,,,,,,,,,
162,2025/26,10,22.0,2,1,103.0,1.1,0,0,0,0,0,0,0,0,0.8,0.8,0.4,1.1,0.0,0.97,3,8,11,4,0,0.0,3.5,0.0,0.0,,19.8,0,0,0,0.8,0.8,0.19,-0.8,-0.8,37,51,72.5,513,108,0,0.4,0.0,-0.4,1,3,1,0,8,47,4,0,3,0,4,0,4,3,0,0,37,1,0,1,0,0,4,25.0,3,3,0,3,1,2,0,0,3,2.62,2,0,1,0,0,0,0,0.0,70,0,6,34,34,2,70,8,4,50.0,3,37.5,41,192,78,3,4,0,2,0,49,11,0,0,0,6,3,0,4,1,0,0,0,0,7,0,5,0.0,,,,,,,,,,,,,,,,,,,,,,,,,,,,,,,
163,2025/26,11,27.0,4,3,266.0,3.0,1,0,1,1,0,0,1,0,1.8,1.8,0.2,2.0,0.34,0.67,1,2,13,7,1,14.3,2.37,0.34,0.14,1.0,8.8,0,0,0,1.8,1.8,0.26,-0.8,-0.8,21,38,55.3,260,31,0,0.2,0.1,-0.2,1,2,0,0,2,38,0,0,0,0,0,0,0,0,0,0,21,1,1,1,0,0,1,100.0,0,3,1,2,0,1,3,0,6,2.03,3,0,0,2,1,0,0,0.0,77,4,5,31,41,16,77,2,0,0.0,2,100.0,34,171,30,1,2,1,14,2,58,13,1,0,0,6,4,2,0,0,1,0,0,0,2,19,12,61.3,,,,,,,,,,,,,,,,,,,,,,,,,,,,,,,
164,2025/26,11,22.0,3,1,115.0,1.3,0,0,0,0,0,0,1,0,0.0,0.0,0.0,0.0,0.0,0.01,1,1,7,1,1,100.0,0.78,0.78,0.0,0.0,12.8,0,0,0,0.0,0.0,0.01,0.0,0.0,27,34,79.4,485,26,0,0.0,0.0,0.0,0,1,0,0,1,31,2,0,0,0,1,0,0,0,0,0,27,4,1,1,2,1,7,57.1,3,2,1,1,0,4,0,1,3,2.35,0,0,1,1,1,0,0,0.0,52,0,9,28,17,2,52,4,3,75.0,0,0.0,23,136,66,1,1,0,7,0,25,7,1,0,0,0,2,0,1,0,1,0,0,0,7,2,1,66.7,,,,,,,,,,,,,,,,,,,,,,,,,,,,,,,
165,2025/26,11,25.0,1,0,20.0,0.2,0,0,0,0,0,0,0,0,0.2,0.2,0.1,0.4,0.0,1.74,0,0,2,2,0,0.0,9.0,0.0,0.0,,16.5,0,0,0,0.2,0.2,0.12,-0.2,-0.2,5,6,83.3,66,8,0,0.1,0.0,-0.1,1,0,0,0,0,6,0,0,0,0,0,0,0,0,0,0,5,0,0,0,0,0,0,,0,0,0,0,0,0,0,0,1,4.5,0,0,0,1,0,0,0,0.0,8,0,0,1,7,2,8,0,0,,0,,7,31,3,0,1,0,0,0,8,2,0,0,0,0,0,0,0,0,0,0,0,0,0,1,0,100.0,,,,,,,,,,,,,,,,,,,,,,,,,,,,,,,
166,2025/26,11,18.0,1,0,1.0,0.0,0,0,0,0,0,0,0,0,0.0,0.0,0.0,0.0,0.0,0.0,0,0,0,0,0,,0.0,0.0,,,,0,0,0,0.0,0.0,,0.0,0.0,0,0,,0,0,0,0.0,0.0,0.0,0,0,0,0,0,0,0,0,0,0,0,0,0,0,0,0,0,0,0,0,0,0,0,,0,0,0,0,0,0,0,0,0,0.0,0,0,0,0,0,0,0,0.0,0,0,0,0,0,0,0,0,0,,0,,0,0,0,0,0,0,0,0,0,0,0,0,0,0,0,0,0,0,0,0,0,0,0,0,0,,,,,,,,,,,,,,,,,,,,,,,,,,,,,,,,
167,2025/26,11,35.0,4,4,345.0,3.8,0,0,0,0,0,0,0,0,0.4,0.4,0.1,0.6,0.0,0.15,2,15,6,6,0,0.0,1.57,0.0,0.0,,26.8,0,0,0,0.4,0.4,0.07,-0.4,-0.4,140,163,85.9,2197,579,0,0.1,0.2,-0.1,2,10,3,1,15,162,0,0,1,1,3,0,0,0,0,0,140,8,5,2,5,1,5,60.0,2,4,0,4,4,12,2,0,6,1.57,6,0,0,0,0,0,2,0.52,195,4,37,116,43,4,195,2,1,50.0,1,50.0,123,473,199,2,6,0,3,1,131,6,0,0,0,1,4,0,3,4,5,0,0,0,17,4,3,57.1,,,,,,,,,,,,,,,,,,,,,,,,,,,,,,,
168,2025/26,11,25.0,4,4,332.0,3.7,2,0,2,2,0,0,0,0,1.3,1.3,0.5,1.8,0.54,0.48,10,5,18,4,3,75.0,1.08,0.81,0.5,0.67,14.6,0,0,0,1.3,1.3,0.33,0.7,0.7,71,90,78.9,946,123,0,0.5,0.3,-0.5,5,3,0,0,5,87,3,3,0,0,3,0,0,0,0,0,71,10,6,7,2,1,7,57.1,3,4,1,3,1,11,2,1,10,2.71,6,0,3,0,1,0,0,0.0,139,8,27,49,68,12,139,20,8,40.0,10,50.0,78,521,235,10,8,4,13,9,86,18,0,0,0,5,7,2,3,1,6,0,0,0,25,2,1,66.7,,,,,,,,,,,,,,,,,,,,,,,,,,,,,,,
169,2025/26,11,30.0,4,3,286.0,3.2,0,4,4,0,0,0,1,0,0.4,0.4,2.0,2.4,1.26,0.74,25,13,29,6,2,33.3,1.89,0.63,0.0,0.0,15.2,0,0,0,0.4,0.4,0.07,-0.4,-0.4,104,125,83.2,1482,377,4,2.0,1.6,2.0,10,9,3,1,13,119,4,1,3,0,7,3,0,0,0,0,104,7,6,1,3,3,1,100.0,0,4,3,1,2,9,0,0,18,5.66,15,0,1,0,1,1,5,1.57,166,2,20,55,94,28,166,33,8,24.2,8,24.2,114,869,498,25,4,15,2,10,113,29,1,0,0,2,11,0,7,2,6,0,0,0,18,1,4,20.0,,,,,,,,,,,,,,,,,,,,,,,,,,,,,,,
170,2025/26,11,24.0,4,4,360.0,4.0,0,0,0,0,0,0,0,0,0.3,0.3,0.0,0.4,0.0,0.09,3,10,16,3,0,0.0,0.75,0.0,0.0,,10.4,0,0,0,0.3,0.3,0.11,-0.3,-0.3,104,167,62.3,1990,747,0,0.0,0.1,0.0,1,9,1,1,10,120,47,0,1,1,11,47,0,0,0,0,104,7,5,5,2,0,4,100.0,0,3,1,2,2,9,14,1,5,1.25,3,1,0,1,0,0,0,0.0,215,11,68,85,64,5,215,9,1,11.1,8,88.9,83,337,100,3,7,0,3,7,108,16,0,0,0,1,2,1,11,2,5,0,0,0,10,14,8,63.6,,,,,,,,,,,,,,,,,,,,,,,,,,,,,,,
171,2025/26,11,24.0,4,4,360.0,4.0,1,0,1,1,0,0,1,0,0.2,0.2,0.7,0.8,0.25,0.21,2,19,6,4,1,25.0,1.0,0.25,0.25,1.0,26.0,1,0,0,0.2,0.2,0.04,0.8,0.8,178,219,81.3,3137,1149,0,0.7,0.4,-0.7,6,19,3,1,19,177,42,8,0,0,13,22,9,6,0,1,178,10,9,7,3,0,13,46.2,7,8,2,6,5,15,14,0,14,3.5,8,4,0,1,1,0,0,0.0,267,13,91,106,72,0,267,3,1,33.3,1,33.3,131,508,172,2,6,0,3,0,142,6,1,0,0,2,2,0,13,5,9,0,0,0,15,3,2,60.0,,,,,,,,,,,,,,,,,,,,,,,,,,,,,,,
172,2025/26,11,32.0,4,4,360.0,4.0,0,0,0,0,0,0,0,0,0.4,0.4,0.1,0.5,0.0,0.12,3,15,0,1,0,0.0,0.25,0.0,0.0,,3.4,0,0,0,0.4,0.4,0.42,-0.4,-0.4,131,171,76.6,2905,1100,0,0.1,0.1,-0.1,1,13,1,0,15,160,11,3,0,3,0,1,0,0,0,0,131,7,4,6,1,0,8,62.5,3,7,6,1,4,11,30,2,3,0.75,3,0,0,0,0,0,0,0.0,227,31,125,90,13,6,227,4,2,50.0,2,50.0,114,577,340,3,1,0,2,0,119,0,0,0,0,5,4,0,0,4,4,0,1,0,11,16,9,64.0,,,,,,,,,,,,,,,,,,,,,,,,,,,,,,,
173,2025/26,11,31.0,4,4,360.0,4.0,0,0,0,0,0,0,0,0,0.0,0.0,0.0,0.0,0.0,0.0,0,0,0,0,0,,0.0,0.0,,,,0,0,0,0.0,0.0,,0.0,0.0,116,185,62.7,4049,3102,0,0.0,0.0,0.0,0,13,0,0,0,130,55,26,0,2,0,0,0,0,0,0,116,0,0,0,0,0,0,,0,0,0,0,0,0,7,0,0,0.0,0,0,0,0,0,0,0,0.0,198,123,191,7,0,0,198,0,0,,0,,112,597,276,0,0,0,0,0,98,0,0,0,0,0,1,0,0,0,0,0,0,0,4,1,0,100.0,3.0,0.75,12.0,8.0,83.3,2.0,1.0,1.0,2.0,50.0,2.0,1.0,1.0,0.0,3.8,0.19,0.8,0.21,43.0,108.0,39.8,156.0,13.0,55.1,42.4,48.0,4.0,8.3,8.0,2.0,16.3
174,2025/26,11,27.0,4,4,360.0,4.0,1,1,2,1,0,0,3,0,0.1,0.1,1.6,1.7,0.5,0.42,6,24,14,2,1,50.0,0.5,0.25,0.5,1.0,16.8,0,0,0,0.1,0.1,0.06,0.9,0.9,124,154,80.5,2048,604,1,1.6,1.3,-0.6,10,19,12,2,24,130,24,14,2,2,17,1,7,6,0,0,124,6,3,1,4,1,2,100.0,0,2,0,2,1,7,2,0,17,4.25,9,6,1,0,1,0,2,0.5,184,3,24,81,80,7,184,5,4,80.0,0,0.0,94,458,215,6,5,1,8,3,116,14,3,0,0,9,8,0,17,1,3,0,1,0,14,3,5,37.5,,,,,,,,,,,,,,,,,,,,,,,,,,,,,,,
175,2025/26,11,23.0,1,0,25.0,0.3,0,0,0,0,0,0,0,0,0.0,0.0,0.1,0.1,0.0,0.36,0,1,5,1,0,0.0,3.6,0.0,0.0,,31.0,0,0,0,0.0,0.0,0.03,0.0,0.0,7,10,70.0,98,39,0,0.1,0.0,-0.1,1,2,0,0,1,10,0,0,0,0,0,0,0,0,0,0,7,2,2,1,1,0,0,,0,0,0,0,0,2,0,0,1,3.6,1,0,0,0,0,0,0,0.0,14,0,2,9,3,0,14,0,0,,0,,8,20,2,0,0,0,1,1,13,5,0,0,0,2,1,0,0,0,2,0,0,0,1,2,0,100.0,,,,,,,,,,,,,,,,,,,,,,,,,,,,,,,
176,2025/26,11,32.0,4,4,360.0,4.0,0,0,0,0,0,0,0,0,0.5,0.5,0.1,0.7,0.0,0.17,0,6,0,4,1,25.0,1.0,0.25,0.0,0.0,7.9,0,0,0,0.5,0.5,0.14,-0.5,-0.5,124,150,82.7,2785,889,0,0.1,0.1,-0.1,1,5,0,0,6,145,4,4,0,1,0,0,0,0,0,0,124,4,2,3,0,1,2,50.0,1,2,2,0,5,9,31,0,2,0.5,2,0,0,0,0,0,0,0.0,199,29,113,81,8,7,199,1,1,100.0,0,0.0,98,319,135,0,0,0,3,0,119,0,0,0,0,2,0,0,0,5,2,0,0,0,8,10,7,58.8,,,,,,,,,,,,,,,,,,,,,,,,,,,,,,,
177,2025/26,11,36.0,1,0,1.0,0.0,0,0,0,0,0,0,0,0,0.0,0.0,0.0,0.0,0.0,0.0,0,0,0,0,0,,0.0,0.0,,,,0,0,0,0.0,0.0,,0.0,0.0,0,0,,0,0,0,0.0,0.0,0.0,0,0,0,0,0,0,0,0,0,0,0,0,0,0,0,0,0,0,0,0,0,0,0,,0,0,0,0,0,0,0,0,0,0.0,0,0,0,0,0,0,0,0.0,0,0,0,0,0,0,0,0,0,,0,,0,0,0,0,0,0,0,0,0,0,0,0,0,0,0,0,0,0,0,0,0,0,0,0,0,,,,,,,,,,,,,,,,,,,,,,,,,,,,,,,,
178,2025/26,11,22.0,4,1,99.0,1.1,0,0,0,0,0,0,0,0,0.5,0.5,0.0,0.5,0.0,0.42,2,1,5,4,0,0.0,3.64,0.0,0.0,,8.1,0,0,0,0.5,0.5,0.11,-0.5,-0.5,15,24,62.5,163,22,0,0.0,0.0,0.0,0,0,0,0,1,24,0,0,0,0,0,0,0,0,0,0,15,0,0,0,0,0,0,,0,1,1,0,1,1,0,0,2,1.82,2,0,0,0,0,0,0,0.0,41,1,3,18,20,7,41,1,0,0.0,1,100.0,18,90,49,2,0,1,3,0,30,5,0,0,0,1,0,0,0,1,0,0,0,0,0,9,9,50.0,,,,,,,,,,,,,,,,,,,,,,,,,,,,,,,
179,2025/26,11,22.0,4,3,220.0,2.4,0,0,0,0,0,0,3,0,0.2,0.2,0.0,0.2,0.0,0.06,1,6,2,3,0,0.0,1.23,0.0,0.0,,24.6,0,0,0,0.2,0.2,0.05,-0.2,-0.2,46,64,71.9,783,176,0,0.0,0.0,0.0,0,4,0,0,6,64,0,0,0,1,0,0,0,0,0,0,46,3,2,2,1,0,3,100.0,0,7,5,2,5,8,2,0,1,0.41,0,0,1,0,0,0,0,0.0,94,9,25,54,17,0,94,4,2,50.0,2,50.0,44,185,98,1,1,0,1,2,47,2,3,0,0,5,3,0,0,5,2,0,0,0,13,5,0,100.0,,,,,,,,,,,,,,,,,,,,,,,,,,,,,,,
180,2025/26,11,26.0,1,1,90.0,1.0,0,0,0,0,0,0,0,0,0.0,0.0,0.0,0.0,0.0,0.0,0,5,0,0,0,,0.0,0.0,,,,0,0,0,0.0,0.0,,0.0,0.0,35,46,76.1,565,223,0,0.0,0.1,0.0,0,2,1,0,5,36,10,1,1,0,3,9,0,0,0,0,35,1,1,0,1,0,1,100.0,0,1,0,1,1,2,5,1,1,1.0,1,0,0,0,0,0,1,1.0,58,3,21,27,10,1,58,1,0,0.0,1,100.0,29,93,55,0,3,0,1,0,28,0,0,0,0,1,2,0,3,1,1,0,0,0,4,2,1,66.7,,,,,,,,,,,,,,,,,,,,,,,,,,,,,,,
181,2025/26,12,29.0,3,0,63.0,0.7,0,0,0,0,0,0,0,0,0.0,0.0,0.1,0.1,0.0,0.16,5,0,7,1,0,0.0,1.43,0.0,0.0,,10.9,0,0,0,0.0,0.0,0.04,0.0,0.0,15,24,62.5,181,34,0,0.1,0.1,-0.1,1,0,1,1,0,22,2,0,0,0,6,2,0,0,0,0,15,0,0,0,0,0,0,,0,0,0,0,0,0,0,0,2,2.86,2,0,0,0,0,0,0,0.0,30,0,1,10,19,5,30,3,0,0.0,2,66.7,19,148,82,5,0,3,2,1,23,7,0,0,0,2,1,0,6,0,0,0,0,0,2,1,0,100.0,,,,,,,,,,,,,,,,,,,,,,,,,,,,,,,
182,2025/26,12,29.0,4,4,313.0,3.5,0,1,1,0,0,0,1,0,0.1,0.1,1.0,1.2,0.29,0.33,19,24,21,5,1,20.0,1.44,0.29,0.0,0.0,24.5,0,0,0,0.1,0.1,0.02,-0.1,-0.1,117,160,73.1,2091,643,1,1.0,0.6,0.0,4,12,13,2,24,154,4,1,2,1,7,3,0,0,0,0,117,4,2,3,1,0,3,33.3,2,4,0,4,2,6,1,0,7,2.01,6,0,0,1,0,0,1,0.29,191,4,25,93,79,3,191,10,2,20.0,7,70.0,141,867,484,19,13,1,5,2,147,21,1,0,0,3,2,0,7,2,2,0,0,0,12,0,4,0.0,,,,,,,,,,,,,,,,,,,,,,,,,,,,,,,
183,2025/26,12,28.0,2,0,53.0,0.6,0,0,0,0,0,0,0,0,0.0,0.0,0.0,0.0,0.0,0.05,3,4,6,0,0,,0.0,0.0,,,,0,0,0,0.0,0.0,,0.0,0.0,40,47,85.1,733,296,0,0.0,0.1,0.0,1,2,1,1,4,42,5,0,0,1,5,5,0,0,0,0,40,0,0,0,0,0,1,0.0,1,0,0,0,1,1,1,0,4,6.79,4,0,0,0,0,0,1,1.7,53,0,13,18,22,2,53,0,0,,0,,30,154,84,3,0,0,3,0,39,6,0,0,0,0,0,0,5,1,0,0,0,0,1,0,1,0.0,,,,,,,,,,,,,,,,,,,,,,,,,,,,,,,
184,2025/26,12,33.0,4,4,360.0,4.0,0,0,0,0,0,0,0,0,0.0,0.0,0.0,0.0,0.0,0.0,0,0,0,0,0,,0.0,0.0,,,,0,0,0,0.0,0.0,,0.0,0.0,132,174,75.9,3035,2041,0,0.0,0.0,0.0,0,0,0,0,0,139,34,8,0,0,0,0,0,0,0,0,132,1,0,1,0,0,1,100.0,0,0,0,0,0,1,1,0,0,0.0,0,0,0,0,0,0,0,0.0,184,165,184,0,0,0,184,0,0,,0,,131,492,262,0,0,0,0,0,108,0,0,0,0,0,1,0,0,0,0,0,0,0,7,1,0,100.0,4.0,1.0,16.0,13.0,87.5,1.0,2.0,1.0,1.0,25.0,3.0,2.0,0.0,1.0,4.6,0.23,1.6,0.41,15.0,56.0,26.8,147.0,24.0,27.9,29.9,40.0,3.0,7.5,2.0,0.5,12.6
185,2025/26,12,25.0,4,4,360.0,4.0,0,0,0,0,0,0,1,0,0.2,0.2,0.0,0.2,0.0,0.04,7,14,2,1,0,0.0,0.25,0.0,0.0,,4.8,0,0,0,0.2,0.2,0.15,-0.2,-0.2,231,261,88.5,4127,1339,0,0.0,0.0,0.0,0,23,2,0,14,231,30,8,0,2,2,16,0,0,0,0,231,6,3,6,0,0,9,44.4,5,1,1,0,0,6,14,1,2,0.5,2,0,0,0,0,0,0,0.0,285,29,138,135,14,1,285,6,3,50.0,1,16.7,205,1078,566,7,2,0,0,6,207,2,1,0,0,3,6,0,2,0,3,0,1,0,20,5,4,55.6,,,,,,,,,,,,,,,,,,,,,,,,,,,,,,,
186,2025/26,12,25.0,4,0,89.0,1.0,1,0,1,1,0,0,0,0,0.8,0.8,0.0,0.8,1.01,0.83,1,4,8,3,1,33.3,3.03,1.01,0.33,1.0,14.3,0,0,0,0.8,0.8,0.26,0.2,0.2,46,54,85.2,688,86,0,0.0,0.0,0.0,1,2,2,0,4,53,1,1,0,0,0,0,0,0,0,0,46,0,0,0,0,0,0,,0,1,0,1,0,0,0,0,2,2.02,1,0,0,1,0,0,1,1.01,66,0,8,27,31,2,66,6,1,16.7,5,83.3,40,154,77,1,3,1,1,0,48,8,0,0,0,1,1,0,0,0,0,0,0,0,1,0,1,0.0,,,,,,,,,,,,,,,,,,,,,,,,,,,,,,,
187,2025/26,12,28.0,4,2,209.0,2.3,0,0,0,0,0,0,0,0,0.2,0.2,0.0,0.2,0.0,0.09,4,2,18,3,1,33.3,1.29,0.43,0.0,0.0,14.6,1,0,0,0.2,0.2,0.07,-0.2,-0.2,46,58,79.3,742,135,0,0.0,0.1,0.0,0,4,1,0,2,49,9,5,0,1,8,0,4,2,1,0,46,5,3,3,2,0,3,66.7,1,1,0,1,0,5,2,0,1,0.43,0,0,0,0,1,0,0,0.0,82,0,9,30,43,11,82,5,2,40.0,2,40.0,48,256,133,4,0,1,6,2,55,18,0,0,0,1,7,1,8,0,3,0,0,0,4,0,4,0.0,,,,,,,,,,,,,,,,,,,,,,,,,,,,,,,
188,2025/26,12,29.0,4,4,360.0,4.0,0,0,0,0,0,0,0,0,0.2,0.2,0.7,0.9,0.0,0.22,5,22,1,2,0,0.0,0.5,0.0,0.0,,11.9,0,0,0,0.2,0.2,0.1,-0.2,-0.2,238,274,86.9,5055,1734,0,0.7,0.7,-0.7,2,36,4,0,22,258,15,14,0,5,2,1,0,0,0,0,238,10,7,8,1,1,8,75.0,2,1,0,1,4,14,27,0,5,1.25,4,0,0,1,0,0,0,0.0,324,30,146,161,17,7,324,1,1,100.0,0,0.0,202,1096,719,5,2,0,2,0,224,1,0,0,0,6,3,0,2,4,7,0,0,0,14,6,2,75.0,,,,,,,,,,,,,,,,,,,,,,,,,,,,,,,
189,2025/26,12,25.0,1,1,83.0,0.9,0,0,0,0,0,0,0,0,0.0,0.0,0.0,0.0,0.0,0.0,0,2,0,0,0,,0.0,0.0,,,,0,0,0,0.0,0.0,,0.0,0.0,50,56,89.3,854,357,0,0.0,0.0,0.0,0,1,0,0,2,52,4,2,0,0,0,0,0,0,0,0,50,1,1,0,1,0,2,50.0,1,0,0,0,0,1,2,0,0,0.0,0,0,0,0,0,0,0,0.0,60,8,38,19,3,2,60,0,0,,0,,48,124,56,0,1,0,0,0,48,0,0,0,0,0,0,0,0,0,1,0,0,0,4,1,0,100.0,,,,,,,,,,,,,,,,,,,,,,,,,,,,,,,
190,2025/26,12,18.0,4,4,271.0,3.0,0,0,0,0,0,0,0,0,0.4,0.4,0.1,0.5,0.0,0.16,7,15,18,4,3,75.0,1.33,1.0,0.0,0.0,18.7,0,0,0,0.4,0.4,0.1,-0.4,-0.4,56,69,81.2,775,154,0,0.1,0.2,-0.1,2,5,2,0,15,69,0,0,0,0,0,0,0,0,0,0,56,5,2,1,2,2,2,100.0,0,3,1,2,1,6,0,0,5,1.66,4,0,0,1,0,0,0,0.0,98,0,11,47,42,11,98,6,0,0.0,5,83.3,65,430,212,7,6,1,7,6,73,18,0,0,0,1,5,0,0,1,2,0,0,0,12,1,0,100.0,,,,,,,,,,,,,,,,,,,,,,,,,,,,,,,
191,2025/26,12,29.0,4,4,360.0,4.0,0,0,0,0,0,0,0,0,0.1,0.1,0.1,0.2,0.0,0.05,6,18,6,1,0,0.0,0.25,0.0,0.0,,10.2,0,0,0,0.1,0.1,0.07,-0.1,-0.1,146,181,80.7,2368,1049,0,0.1,0.4,-0.1,1,11,3,1,18,150,30,3,1,0,11,27,0,0,0,0,146,13,8,9,3,1,5,80.0,1,3,1,2,3,16,12,0,1,0.25,1,0,0,0,0,0,0,0.0,222,16,76,98,51,5,222,5,1,20.0,0,0.0,107,479,255,6,7,1,2,1,115,6,0,0,0,3,10,1,11,3,8,0,0,0,12,7,3,70.0,,,,,,,,,,,,,,,,,,,,,,,,,,,,,,,
192,2025/26,12,22.0,1,0,15.0,0.2,0,0,0,0,0,0,0,0,0.0,0.0,0.0,0.1,0.0,0.38,3,0,3,1,1,100.0,6.0,6.0,0.0,0.0,22.9,0,0,0,0.0,0.0,0.02,0.0,0.0,6,8,75.0,108,50,0,0.0,0.1,0.0,1,0,2,2,0,7,1,0,0,0,3,1,0,0,0,0,6,0,0,0,0,0,0,,0,1,0,1,0,0,0,0,3,18.0,3,0,0,0,0,0,0,0.0,15,0,2,6,7,0,15,3,2,66.7,1,33.3,9,88,46,3,2,0,2,3,11,3,0,0,0,0,0,0,3,0,0,0,0,0,0,0,0,,,,,,,,,,,,,,,,,,,,,,,,,,,,,,,,
193,2025/26,12,34.0,4,1,123.0,1.4,0,0,0,0,0,0,0,0,0.4,0.4,0.0,0.4,0.0,0.29,0,2,5,4,0,0.0,2.93,0.0,0.0,,14.2,1,0,0,0.4,0.4,0.1,-0.4,-0.4,17,26,65.4,211,18,0,0.0,0.0,0.0,0,1,0,0,2,26,0,0,0,0,0,0,0,0,0,0,17,3,2,0,1,2,1,0.0,1,1,0,1,0,3,2,0,1,0.73,1,0,0,0,0,0,0,0.0,47,3,5,21,21,5,47,2,0,0.0,2,100.0,25,61,17,0,0,0,6,3,33,5,0,0,0,6,0,2,0,0,2,0,0,0,1,2,11,15.4,,,,,,,,,,,,,,,,,,,,,,,,,,,,,,,
194,2025/26,12,24.0,4,3,237.0,2.6,1,0,1,1,0,0,1,0,0.8,0.8,0.1,0.9,0.38,0.33,0,2,5,6,2,33.3,2.28,0.76,0.17,0.5,9.0,0,0,0,0.8,0.8,0.14,0.2,0.2,6,27,22.2,118,50,0,0.1,0.0,-0.1,2,1,1,0,2,27,0,0,0,1,0,0,0,0,0,0,6,2,1,0,2,0,0,,0,2,0,2,0,2,4,0,1,0.38,0,0,0,0,1,0,0,0.0,67,5,5,33,29,12,67,6,1,16.7,5,83.3,32,85,22,0,1,0,10,2,46,5,1,0,0,6,5,2,0,0,1,0,0,1,5,14,22,38.9,,,,,,,,,,,,,,,,,,,,,,,,,,,,,,,
195,2025/26,12,25.0,3,3,217.0,2.4,0,0,0,0,0,0,0,0,0.0,0.0,0.7,0.7,0.0,0.28,6,8,17,0,0,,0.0,0.0,,,,0,0,0,0.0,0.0,,0.0,0.0,77,112,68.8,1232,364,0,0.7,0.4,-0.7,3,9,2,0,8,83,28,1,1,1,10,27,0,0,0,0,77,8,3,2,3,3,5,80.0,1,2,2,0,3,11,7,0,5,2.07,4,0,0,0,0,1,0,0.0,150,13,48,54,50,6,150,6,2,33.3,4,66.7,68,379,198,6,6,1,5,1,68,17,0,0,0,6,0,0,10,3,3,0,1,0,5,7,3,70.0,,,,,,,,,,,,,,,,,,,,,,,,,,,,,,,
196,2025/26,12,27.0,4,4,328.0,3.6,0,0,0,0,0,0,1,0,0.4,0.4,0.2,0.7,0.0,0.18,2,17,2,1,0,0.0,0.27,0.0,0.0,,2.3,0,0,0,0.4,0.4,0.41,-0.4,-0.4,145,162,89.5,2458,668,0,0.2,0.2,-0.2,1,12,3,1,17,157,5,4,0,3,1,1,0,0,0,0,145,6,5,3,2,1,5,60.0,2,5,4,1,3,9,3,0,5,1.37,5,0,0,0,0,0,0,0.0,191,11,46,124,22,2,191,3,0,0.0,3,100.0,109,472,226,2,2,1,1,1,120,2,1,0,0,8,1,0,1,3,5,0,1,0,14,4,3,57.1,,,,,,,,,,,,,,,,,,,,,,,,,,,,,,,
197,2025/26,12,29.0,4,4,360.0,4.0,0,0,0,0,0,0,2,0,0.5,0.5,0.6,1.1,0.0,0.27,7,9,13,1,0,0.0,0.25,0.0,0.0,,5.3,0,0,0,0.5,0.5,0.5,-0.5,-0.5,121,150,80.7,2055,429,0,0.6,0.6,-0.6,7,5,4,1,9,116,34,11,1,1,25,0,15,10,5,0,121,11,7,7,3,1,6,83.3,1,6,3,3,3,14,4,1,11,2.75,5,5,0,0,0,1,0,0.0,179,11,33,86,64,4,179,2,1,50.0,0,0.0,91,462,235,7,6,0,4,4,106,13,2,0,0,15,7,0,25,3,7,0,0,0,13,2,9,18.2,,,,,,,,,,,,,,,,,,,,,,,,,,,,,,,
198,2025/26,12,29.0,3,2,127.0,1.4,0,0,0,0,0,0,0,0,0.4,0.4,0.1,0.5,0.0,0.33,1,3,10,3,0,0.0,2.13,0.0,0.0,,7.7,0,0,0,0.4,0.4,0.13,-0.4,-0.4,35,46,76.1,471,166,0,0.1,0.1,-0.1,1,0,3,1,3,43,3,0,0,0,4,3,0,0,0,0,35,3,0,2,0,1,2,100.0,0,1,0,1,2,5,2,0,8,5.67,4,1,0,3,0,0,0,0.0,62,3,15,16,31,7,62,1,0,0.0,1,100.0,33,106,47,1,0,0,2,0,40,10,0,0,0,2,1,0,4,2,0,0,0,0,3,2,4,33.3,,,,,,,,,,,,,,,,,,,,,,,,,,,,,,,
199,2025/26,12,34.0,2,0,32.0,0.4,0,0,0,0,0,0,1,0,0.0,0.0,0.0,0.0,0.0,0.0,0,0,1,0,0,,0.0,0.0,,,,0,0,0,0.0,0.0,,0.0,0.0,15,19,78.9,260,29,0,0.0,0.0,0.0,0,0,0,0,0,18,1,1,0,0,0,0,0,0,0,0,15,0,0,0,0,0,0,,0,0,0,0,0,0,0,0,0,0.0,0,0,0,0,0,0,0,0.0,25,1,7,12,6,0,25,2,0,0.0,2,100.0,18,73,15,0,1,0,1,1,19,1,1,0,0,1,1,0,0,0,0,0,0,0,2,2,0,100.0,,,,,,,,,,,,,,,,,,,,,,,,,,,,,,,
200,2025/26,16,26.0,4,4,360.0,4.0,0,0,0,0,0,0,1,0,0.5,0.5,0.8,1.3,0.0,0.33,8,23,9,10,1,10.0,2.5,0.25,0.0,0.0,20.3,1,0,0,0.5,0.5,0.05,-0.5,-0.5,121,163,74.2,1904,601,0,0.8,0.5,-0.8,11,13,3,1,23,146,16,4,0,3,15,0,12,7,4,0,121,7,3,4,3,0,5,100.0,0,3,1,2,2,9,9,1,20,5.0,12,3,1,3,0,1,1,0.25,207,9,37,91,80,9,207,8,2,25.0,5,62.5,81,425,239,8,8,1,2,2,119,9,1,0,0,9,7,0,15,2,3,0,1,0,8,8,2,80.0,,,,,,,,,,,,,,,,,,,,,,,,,,,,,,,
201,2025/26,16,27.0,2,2,146.0,1.6,0,0,0,0,0,0,0,0,0.1,0.1,0.1,0.2,0.0,0.13,1,6,2,2,0,0.0,1.23,0.0,0.0,,24.0,0,0,0,0.1,0.1,0.05,-0.1,-0.1,61,72,84.7,906,190,0,0.1,0.0,-0.1,2,7,1,0,6,70,2,2,0,0,2,0,0,0,0,0,61,0,0,0,0,0,5,0.0,5,1,0,1,1,1,0,0,6,3.7,6,0,0,0,0,0,0,0.0,79,0,8,54,17,3,79,2,0,0.0,1,50.0,50,202,82,1,0,0,0,2,61,2,0,0,0,1,2,0,2,1,0,0,0,0,7,0,2,0.0,,,,,,,,,,,,,,,,,,,,,,,,,,,,,,,
202,2025/26,16,24.0,4,1,156.0,1.7,0,0,0,0,0,0,0,0,0.1,0.1,0.5,0.7,0.0,0.39,2,2,9,1,1,100.0,0.58,0.58,0.0,0.0,8.2,0,0,0,0.1,0.1,0.13,-0.1,-0.1,32,43,74.4,363,72,0,0.5,0.6,-0.5,3,2,2,0,2,38,3,2,0,0,2,1,0,0,0,0,32,9,6,5,2,2,9,66.7,3,5,0,5,0,9,4,0,4,2.31,3,0,0,0,0,1,0,0.0,77,1,21,25,32,5,77,6,4,66.7,2,33.3,36,182,81,2,1,0,5,3,36,9,0,0,0,2,4,0,2,0,6,0,0,0,7,0,2,0.0,,,,,,,,,,,,,,,,,,,,,,,,,,,,,,,
203,2025/26,16,27.0,4,3,213.0,2.4,0,0,0,0,0,0,0,0,0.4,0.4,0.3,0.7,0.0,0.3,8,5,17,5,0,0.0,2.11,0.0,0.0,,16.2,0,0,0,0.4,0.4,0.09,-0.4,-0.4,23,50,46.0,341,148,0,0.3,0.2,-0.3,2,3,2,1,5,50,0,0,0,0,12,0,0,0,0,0,23,1,1,0,1,0,2,0.0,2,4,0,4,0,1,2,0,5,2.11,2,0,0,2,1,0,0,0.0,73,1,9,25,41,7,73,4,1,25.0,3,75.0,37,283,190,8,3,4,4,0,48,17,0,0,0,0,4,0,12,0,1,0,0,0,7,1,0,100.0,,,,,,,,,,,,,,,,,,,,,,,,,,,,,,,
204,2025/26,16,28.0,2,1,89.0,1.0,0,0,0,0,0,0,0,0,0.4,0.4,0.0,0.4,0.0,0.42,1,1,3,3,2,66.7,3.03,2.02,0.0,0.0,18.2,0,0,0,0.4,0.4,0.12,-0.4,-0.4,10,14,71.4,116,13,0,0.0,0.1,0.0,1,0,1,0,1,14,0,0,0,0,0,0,0,0,0,0,10,0,0,0,0,0,0,,0,0,0,0,1,1,0,0,2,2.02,2,0,0,0,0,0,0,0.0,23,0,0,9,15,4,23,0,0,,0,,16,108,48,1,1,0,4,0,21,3,0,0,0,0,3,3,0,1,0,0,0,0,2,4,4,50.0,,,,,,,,,,,,,,,,,,,,,,,,,,,,,,,
205,2025/26,16,25.0,2,2,167.0,1.9,0,0,0,0,0,0,0,0,0.0,0.0,0.0,0.0,0.0,0.0,1,5,3,0,0,,0.0,0.0,,,,0,0,0,0.0,0.0,,0.0,0.0,86,114,75.4,1446,304,0,0.0,0.0,0.0,0,8,0,0,5,103,11,5,0,0,2,6,0,0,0,0,86,5,1,2,0,3,3,100.0,0,0,0,0,2,7,3,0,3,1.62,2,0,0,0,0,1,0,0.0,125,2,27,82,17,1,125,0,0,,0,,58,298,106,1,1,0,0,0,74,3,0,0,0,1,2,0,2,2,1,0,0,0,8,3,1,75.0,,,,,,,,,,,,,,,,,,,,,,,,,,,,,,,
206,2025/26,16,26.0,4,4,349.0,3.9,0,0,0,0,0,0,1,0,0.2,0.2,0.3,0.5,0.0,0.12,9,12,14,3,0,0.0,0.77,0.0,0.0,,16.5,0,0,0,0.2,0.2,0.06,-0.2,-0.2,139,184,75.5,1924,830,0,0.3,0.2,-0.3,4,8,3,2,12,149,35,1,0,0,11,31,3,2,1,0,139,8,6,7,0,1,8,87.5,1,2,2,0,4,12,12,0,8,2.06,8,0,0,0,0,0,0,0.0,232,7,71,93,70,5,232,12,4,33.3,6,50.0,108,476,284,9,6,2,4,1,134,14,1,0,0,4,4,0,11,4,6,0,0,1,13,2,5,28.6,,,,,,,,,,,,,,,,,,,,,,,,,,,,,,,
207,2025/26,16,25.0,3,2,193.0,2.1,0,0,0,0,0,0,0,0,0.0,0.0,0.0,0.0,0.0,0.0,0,6,0,0,0,,0.0,0.0,,,,0,0,0,0.0,0.0,,0.0,0.0,90,97,92.8,1368,265,0,0.0,0.0,0.0,0,9,0,0,6,93,4,4,0,0,0,0,0,0,0,0,90,5,4,3,2,0,6,33.3,4,2,1,1,3,8,2,0,0,0.0,0,0,0,0,0,0,0,0.0,113,5,34,72,7,1,113,0,0,,0,,64,236,56,0,2,0,1,0,73,0,0,0,0,0,0,0,0,3,4,0,0,0,5,1,2,33.3,,,,,,,,,,,,,,,,,,,,,,,,,,,,,,,
208,2025/26,16,28.0,3,0,67.0,0.7,0,0,0,0,0,0,0,0,0.0,0.0,0.0,0.0,0.0,0.0,4,2,7,0,0,,0.0,0.0,,,,0,0,0,0.0,0.0,,0.0,0.0,15,27,55.6,283,105,0,0.0,0.0,0.0,0,2,1,0,2,22,5,2,0,0,6,0,2,1,1,0,15,2,1,1,1,0,1,100.0,0,1,0,1,3,5,0,0,1,1.34,1,0,0,0,0,0,0,0.0,37,0,8,16,16,2,37,4,2,50.0,0,0.0,21,170,79,4,0,2,3,0,23,7,0,0,0,0,2,0,6,3,1,0,0,0,2,1,0,100.0,,,,,,,,,,,,,,,,,,,,,,,,,,,,,,,
209,2025/26,16,27.0,1,0,11.0,0.1,0,0,0,0,0,0,0,0,0.0,0.0,0.0,0.0,0.0,0.0,0,0,0,0,0,,0.0,0.0,,,,0,0,0,0.0,0.0,,0.0,0.0,2,2,100.0,55,0,0,0.0,0.0,0.0,0,0,0,0,0,1,1,0,0,0,0,1,0,0,0,0,2,0,0,0,0,0,0,,0,2,0,2,0,0,0,0,0,0.0,0,0,0,0,0,0,0,0.0,4,0,1,3,0,0,4,0,0,,0,,1,5,0,0,0,0,0,0,1,0,0,0,0,0,0,0,0,0,0,0,0,0,0,0,1,0.0,,,,,,,,,,,,,,,,,,,,,,,,,,,,,,,
210,2025/26,16,25.0,4,4,352.0,3.9,0,0,0,0,0,0,1,0,0.2,0.2,0.1,0.2,0.0,0.06,16,10,14,4,1,25.0,1.02,0.26,0.0,0.0,22.2,0,0,0,0.2,0.2,0.04,-0.2,-0.2,99,136,72.8,1512,431,0,0.1,0.0,-0.1,1,5,1,0,10,109,27,2,0,1,4,25,0,0,0,0,99,8,3,6,2,0,8,50.0,4,3,1,2,5,13,9,0,3,0.77,2,0,1,0,0,0,0,0.0,184,9,60,85,45,6,184,12,5,41.7,5,41.7,90,774,459,16,10,3,4,3,90,14,1,0,0,7,4,1,4,5,3,0,0,0,24,2,2,50.0,,,,,,,,,,,,,,,,,,,,,,,,,,,,,,,
211,2025/26,16,27.0,4,4,360.0,4.0,0,0,0,0,0,0,0,0,0.0,0.0,0.0,0.0,0.0,0.0,2,12,0,0,0,,0.0,0.0,,,,0,0,0,0.0,0.0,,0.0,0.0,171,193,88.6,3259,884,0,0.0,0.0,0.0,0,6,0,0,12,184,9,6,0,0,0,3,0,0,0,0,171,2,1,2,0,0,2,100.0,0,4,3,1,6,8,28,0,0,0.0,0,0,0,0,0,0,0,0.0,238,26,123,112,4,2,238,1,1,100.0,0,0.0,128,586,357,2,1,0,1,1,156,0,0,0,0,4,6,0,0,6,1,0,0,0,8,10,10,50.0,,,,,,,,,,,,,,,,,,,,,,,,,,,,,,,
212,2025/26,16,26.0,2,2,134.0,1.5,0,0,0,0,0,0,0,0,0.3,0.3,0.0,0.3,0.0,0.22,0,1,3,3,1,33.3,2.01,0.67,0.0,0.0,13.4,0,0,0,0.3,0.3,0.11,-0.3,-0.3,24,29,82.8,339,38,0,0.0,0.0,0.0,0,3,0,0,1,23,5,0,0,0,0,0,0,0,0,0,24,0,0,0,0,0,1,0.0,1,0,0,0,0,0,0,0,1,0.67,1,0,0,0,0,0,0,0.0,38,1,2,25,11,4,38,0,0,,0,,13,38,16,0,0,0,2,1,25,3,0,0,0,1,0,0,0,0,0,0,0,0,4,1,7,12.5,,,,,,,,,,,,,,,,,,,,,,,,,,,,,,,
213,2025/26,16,34.0,1,1,90.0,1.0,0,0,0,0,0,0,0,0,0.0,0.0,0.0,0.0,0.0,0.0,0,0,0,0,0,,0.0,0.0,,,,0,0,0,0.0,0.0,,0.0,0.0,27,41,65.9,811,558,0,0.0,0.0,0.0,0,0,0,0,0,30,11,8,0,0,0,0,0,0,0,0,27,0,0,0,0,0,0,,0,0,0,0,0,0,0,0,1,1.0,0,1,0,0,0,0,0,0.0,43,37,43,0,0,0,43,0,0,,0,,29,127,59,0,0,0,0,0,20,0,0,0,0,0,2,0,0,0,0,0,0,0,1,0,0,,1.0,1.0,3.0,3.0,66.7,0.0,0.0,1.0,0.0,0.0,0.0,0.0,0.0,0.0,0.9,0.31,0.9,0.93,7.0,21.0,33.3,38.0,7.0,50.0,41.6,20.0,1.0,5.0,0.0,0.0,8.0
214,2025/26,16,27.0,3,3,270.0,3.0,0,0,0,0,0,0,0,0,0.0,0.0,0.0,0.0,0.0,0.0,0,0,0,0,0,,0.0,0.0,,,,0,0,0,0.0,0.0,,0.0,0.0,53,111,47.7,1859,1415,0,0.0,0.0,0.0,0,3,0,0,0,85,26,6,0,0,0,0,0,0,0,0,53,0,0,0,0,0,0,,0,0,0,0,0,0,1,0,0,0.0,0,0,0,0,0,0,0,0.0,116,95,116,0,0,0,116,0,0,,0,,73,343,214,0,0,0,0,0,68,0,0,0,0,0,0,0,0,0,0,0,0,0,5,2,0,100.0,5.0,1.67,8.0,3.0,50.0,1.0,1.0,1.0,2.0,66.7,1.0,1.0,0.0,0.0,3.0,0.3,-2.0,-0.66,17.0,71.0,23.9,91.0,12.0,57.1,42.8,35.0,2.0,5.7,0.0,0.0,9.2
215,2025/26,16,26.0,4,1,137.0,1.5,1,0,1,0,1,1,0,0,0.9,0.2,0.0,0.2,0.0,0.59,1,1,7,2,0,0.0,1.31,0.0,0.0,,20.5,0,1,1,0.9,0.2,0.09,0.1,-0.2,23,34,67.6,243,15,0,0.0,0.0,0.0,0,0,0,0,1,31,3,0,0,0,1,0,0,0,0,0,23,0,0,0,0,0,1,0.0,1,1,1,0,1,1,4,0,4,2.63,3,0,0,1,0,0,0,0.0,50,5,8,26,19,6,49,0,0,,0,,31,123,36,1,3,0,5,3,36,7,0,0,0,4,4,0,1,1,0,0,0,0,6,4,6,40.0,,,,,,,,,,,,,,,,,,,,,,,,,,,,,,,
216,2025/26,16,25.0,2,1,92.0,1.0,0,0,0,0,0,0,1,0,0.2,0.2,0.0,0.2,0.0,0.19,3,4,6,2,0,0.0,1.96,0.0,0.0,,10.1,0,0,0,0.2,0.2,0.09,-0.2,-0.2,24,29,82.8,436,135,0,0.0,0.0,0.0,1,3,1,0,4,29,0,0,0,1,1,0,0,0,0,0,24,3,3,1,1,1,1,100.0,0,0,0,0,2,5,1,0,3,2.93,2,0,0,1,0,0,0,0.0,42,1,8,23,14,5,42,6,1,16.7,4,66.7,32,304,95,3,4,3,3,6,33,6,1,0,0,2,1,0,1,2,3,0,0,0,9,0,1,0.0,,,,,,,,,,,,,,,,,,,,,,,,,,,,,,,
217,2025/26,16,26.0,4,4,360.0,4.0,0,0,0,0,0,0,0,0,0.2,0.2,0.0,0.2,0.0,0.06,0,11,0,2,1,50.0,0.5,0.25,0.0,0.0,7.5,0,0,0,0.2,0.2,0.1,-0.2,-0.2,217,231,93.9,3909,1409,0,0.0,0.0,0.0,1,18,1,0,11,213,18,8,0,0,0,0,0,0,0,0,217,3,3,0,3,0,2,100.0,0,0,0,0,1,4,22,0,2,0.5,1,0,0,1,0,0,0,0.0,261,33,128,126,7,3,261,0,0,,0,,156,705,388,0,0,0,0,2,187,0,0,0,0,3,1,1,0,1,3,0,0,0,12,5,7,41.7,,,,,,,,,,,,,,,,,,,,,,,,,,,,,,,
218,2025/26,16,31.0,1,0,8.0,0.1,0,0,0,0,0,0,0,0,0.0,0.0,0.0,0.0,0.0,0.0,0,0,0,0,0,,0.0,0.0,,,,0,0,0,0.0,0.0,,0.0,0.0,1,1,100.0,12,0,0,0.0,0.0,0.0,0,0,0,0,0,1,0,0,0,0,0,0,0,0,0,0,1,0,0,0,0,0,0,,0,0,0,0,0,0,0,0,0,0.0,0,0,0,0,0,0,0,0.0,1,0,1,0,0,0,1,0,0,,0,,1,3,1,0,0,0,0,0,1,0,0,0,0,1,0,0,0,0,0,0,0,0,0,0,0,,,,,,,,,,,,,,,,,,,,,,,,,,,,,,,,
219,2025/26,16,27.0,4,2,214.0,2.4,0,0,0,0,0,0,0,0,0.0,0.0,0.0,0.1,0.0,0.04,0,4,0,1,0,0.0,0.42,0.0,0.0,,20.9,0,0,0,0.0,0.0,0.04,0.0,0.0,69,83,83.1,1114,274,0,0.0,0.0,0.0,1,4,0,0,4,79,3,2,0,0,1,0,0,0,0,0,69,7,5,0,5,2,9,33.3,6,4,0,4,2,9,2,0,6,2.52,4,0,0,0,0,2,0,0.0,107,3,23,67,18,2,107,3,0,0.0,2,66.7,49,229,76,0,0,1,0,4,62,0,0,0,0,2,4,0,1,2,5,0,0,0,11,2,2,50.0,,,,,,,,,,,,,,,,,,,,,,,,,,,,,,,
220,2025/26,16,21.0,4,3,192.0,2.1,0,0,0,0,0,0,1,0,0.2,0.2,0.1,0.3,0.0,0.12,4,4,14,5,0,0.0,2.34,0.0,0.0,,21.9,0,0,0,0.2,0.2,0.03,-0.2,-0.2,55,71,77.5,693,80,0,0.1,0.1,-0.1,1,1,1,0,4,71,0,0,0,0,4,0,0,0,0,0,55,9,7,5,4,0,7,71.4,2,2,0,2,2,11,0,0,4,1.87,3,0,1,0,0,0,0,0.0,102,1,13,43,48,4,102,10,1,10.0,5,50.0,58,353,183,4,3,1,1,1,67,14,1,0,0,1,0,0,4,2,7,0,0,0,6,0,3,0.0,,,,,,,,,,,,,,,,,,,,,,,,,,,,,,,
221,2025/26,18,26.0,3,3,176.0,2.0,0,1,1,0,0,0,0,0,0.1,0.1,0.7,0.8,0.51,0.41,2,9,7,2,1,50.0,1.02,0.51,0.0,0.0,22.9,0,0,0,0.1,0.1,0.04,-0.1,-0.1,91,110,82.7,1242,357,1,0.7,0.1,0.3,3,13,1,0,9,106,4,2,0,1,3,0,0,0,0,0,91,4,3,1,2,1,4,75.0,1,6,0,6,3,7,0,0,5,2.56,4,0,0,1,0,0,1,0.51,138,2,20,82,37,3,138,4,0,0.0,4,100.0,84,383,247,2,5,0,3,1,94,7,0,0,0,3,3,0,3,3,3,0,0,0,11,1,1,50.0,,,,,,,,,,,,,,,,,,,,,,,,,,,,,,,
222,2025/26,18,32.0,4,4,360.0,4.0,0,0,0,0,0,0,0,0,0.0,0.0,0.0,0.0,0.0,0.0,0,4,0,0,0,,0.0,0.0,,,,0,0,0,0.0,0.0,,0.0,0.0,129,157,82.2,3319,2264,0,0.0,0.0,0.0,0,3,0,0,4,137,20,9,0,1,0,0,0,0,0,0,129,0,0,0,0,0,0,,0,0,0,0,0,0,4,0,1,0.25,1,0,0,0,0,0,1,0.25,161,110,151,10,0,0,161,0,0,,0,,109,421,240,0,0,0,0,0,102,0,0,0,0,0,1,0,0,0,0,0,0,0,7,0,0,,4.0,1.0,7.0,3.0,42.9,4.0,0.0,0.0,2.0,50.0,0.0,0.0,0.0,0.0,3.2,0.46,-0.8,-0.19,19.0,45.0,42.2,146.0,14.0,28.8,32.1,50.0,2.0,4.0,7.0,1.75,15.1
223,2025/26,18,31.0,2,0,84.0,0.9,0,0,0,0,0,0,0,0,0.1,0.1,0.3,0.4,0.0,0.41,3,9,10,1,1,100.0,1.07,1.07,0.0,0.0,15.0,0,0,0,0.1,0.1,0.1,-0.1,-0.1,61,77,79.2,962,344,0,0.3,0.4,-0.3,5,10,5,4,9,68,9,1,0,0,9,7,1,1,0,0,61,0,0,0,0,0,1,0.0,1,1,0,1,0,0,2,0,8,8.57,7,0,1,0,0,0,0,0.0,81,1,10,38,33,5,81,1,1,100.0,0,0.0,54,193,117,3,2,1,1,0,61,10,0,0,0,0,0,1,9,0,0,0,0,0,2,2,2,50.0,,,,,,,,,,,,,,,,,,,,,,,,,,,,,,,
224,2025/26,18,26.0,4,4,359.0,4.0,1,2,3,1,0,0,0,0,0.5,0.5,1.4,1.9,0.75,0.47,17,11,39,11,3,27.3,2.76,0.75,0.09,0.33,18.1,0,0,0,0.5,0.5,0.05,0.5,0.5,85,123,69.1,1144,286,2,1.4,0.8,0.6,8,3,7,1,11,115,8,0,0,0,18,1,7,6,0,0,85,5,1,3,1,1,6,66.7,2,7,1,6,2,7,3,0,15,3.76,12,1,1,1,0,0,3,0.75,182,3,16,65,105,23,182,18,6,33.3,6,33.3,105,764,473,17,8,11,10,4,128,39,0,0,0,5,11,3,18,2,1,0,0,0,12,10,6,62.5,,,,,,,,,,,,,,,,,,,,,,,,,,,,,,,
225,2025/26,18,22.0,2,0,56.0,0.6,0,0,0,0,0,0,2,0,0.0,0.0,0.0,0.0,0.0,0.03,5,4,5,1,0,0.0,1.61,0.0,0.0,,14.9,0,0,0,0.0,0.0,0.02,0.0,0.0,45,54,83.3,636,158,0,0.0,0.1,0.0,0,5,2,1,4,47,7,1,0,0,1,6,0,0,0,0,45,1,1,0,1,0,2,50.0,1,2,1,1,0,1,1,0,0,0.0,0,0,0,0,0,0,0,0.0,64,0,18,23,25,4,64,4,1,25.0,3,75.0,41,259,167,5,3,0,0,3,43,5,2,0,0,2,2,0,1,0,1,0,0,0,3,4,0,100.0,,,,,,,,,,,,,,,,,,,,,,,,,,,,,,,
226,2025/26,18,24.0,3,1,138.0,1.5,0,0,0,0,0,0,0,0,0.0,0.0,0.1,0.1,0.0,0.06,3,15,4,0,0,,0.0,0.0,,,,0,0,0,0.0,0.0,,0.0,0.0,80,90,88.9,1349,378,0,0.1,0.1,-0.1,2,9,4,0,15,86,3,2,1,0,0,0,0,0,0,0,80,4,2,2,2,0,3,100.0,0,1,0,1,0,4,1,0,4,2.61,3,0,0,0,1,0,2,1.3,99,1,18,68,15,1,99,2,2,100.0,0,0.0,64,323,155,3,1,1,2,0,77,4,0,0,0,0,2,0,0,0,2,0,0,0,9,2,2,50.0,,,,,,,,,,,,,,,,,,,,,,,,,,,,,,,
227,2025/26,18,24.0,4,4,360.0,4.0,1,0,1,1,0,0,0,0,0.3,0.3,0.2,0.6,0.25,0.14,7,26,12,10,3,30.0,2.5,0.75,0.1,0.33,24.8,2,0,0,0.3,0.3,0.03,0.7,0.7,240,279,86.0,4363,1018,0,0.2,0.2,-0.2,3,29,3,1,26,242,36,7,1,2,9,27,1,1,0,0,240,8,7,6,1,1,10,60.0,4,4,0,4,3,11,14,1,11,2.75,11,0,0,0,0,0,2,0.5,320,11,80,154,88,6,320,4,2,50.0,1,25.0,186,946,485,7,12,1,3,2,221,12,0,0,0,5,1,0,9,3,7,0,0,0,18,2,1,66.7,,,,,,,,,,,,,,,,,,,,,,,,,,,,,,,
228,2025/26,18,27.0,4,0,51.0,0.6,1,0,1,1,0,0,0,0,0.4,0.4,0.0,0.4,1.76,0.64,2,2,2,3,1,33.3,5.29,1.76,0.33,1.0,14.7,0,0,0,0.4,0.4,0.12,0.6,0.6,10,10,100.0,127,37,0,0.0,0.0,0.0,0,1,1,0,2,8,2,0,0,0,0,1,0,0,0,0,10,1,1,0,0,1,1,0.0,1,1,0,1,0,1,1,0,2,3.53,2,0,0,0,0,0,1,1.76,19,1,1,6,12,4,19,1,0,0.0,1,100.0,8,69,59,2,1,0,2,1,12,2,0,0,0,1,2,0,0,0,1,0,0,0,0,0,2,0.0,,,,,,,,,,,,,,,,,,,,,,,,,,,,,,,
229,2025/26,18,22.0,4,4,334.0,3.7,0,0,0,0,0,0,0,0,0.5,0.5,0.6,1.1,0.0,0.3,10,22,23,7,2,28.6,1.89,0.54,0.0,0.0,18.8,0,0,0,0.5,0.5,0.08,-0.5,-0.5,137,181,75.7,2224,669,0,0.6,0.7,-0.6,8,16,5,0,22,157,23,4,0,0,13,3,14,5,5,0,137,6,5,1,2,3,8,50.0,4,6,0,6,2,8,3,1,18,4.85,14,3,0,0,1,0,0,0.0,228,3,25,99,107,18,228,5,3,60.0,2,40.0,115,606,274,10,7,7,9,5,141,23,0,0,0,3,4,0,13,2,5,0,0,0,14,1,10,9.1,,,,,,,,,,,,,,,,,,,,,,,,,,,,,,,
230,2025/26,18,22.0,1,0,1.0,0.0,0,0,0,0,0,0,0,0,0.0,0.0,0.0,0.0,0.0,0.0,0,0,1,0,0,,0.0,0.0,,,,0,0,0,0.0,0.0,,0.0,0.0,4,8,50.0,52,7,0,0.0,0.0,0.0,0,0,0,0,0,8,0,0,0,0,0,0,0,0,0,0,4,0,0,0,0,0,0,,0,0,0,0,0,0,0,0,0,0.0,0,0,0,0,0,0,0,0.0,9,0,0,5,4,0,9,1,0,0.0,1,100.0,5,21,4,0,0,0,0,0,8,1,0,0,0,0,0,0,0,0,0,0,0,0,0,0,0,,,,,,,,,,,,,,,,,,,,,,,,,,,,,,,,
231,2025/26,18,23.0,4,4,299.0,3.3,2,1,3,2,0,0,0,0,1.4,1.4,0.3,1.7,0.9,0.51,5,7,15,7,3,42.9,2.11,0.9,0.29,0.67,14.0,0,0,0,1.4,1.4,0.21,0.6,0.6,37,57,64.9,481,115,1,0.3,0.1,0.7,4,1,2,0,7,56,1,0,0,0,0,0,0,0,0,0,37,1,1,0,1,0,1,0.0,1,0,0,0,0,1,5,0,9,2.71,5,0,3,1,0,0,2,0.6,93,3,7,41,45,10,93,10,6,60.0,4,40.0,54,272,111,5,3,2,6,7,65,15,0,0,0,5,2,0,0,0,1,0,0,0,6,5,5,50.0,,,,,,,,,,,,,,,,,,,,,,,,,,,,,,,
232,2025/26,18,26.0,4,4,344.0,3.8,0,0,0,0,0,0,1,0,0.5,0.5,0.1,0.6,0.0,0.15,7,13,0,1,0,0.0,0.26,0.0,0.0,,2.3,0,0,0,0.5,0.5,0.49,-0.5,-0.5,201,222,90.5,3417,836,0,0.1,0.1,-0.1,2,20,0,0,13,216,6,5,0,0,1,0,0,0,0,0,201,6,5,5,0,1,5,80.0,1,4,3,1,2,8,17,0,2,0.52,2,0,0,0,0,0,0,0.0,260,21,97,145,19,2,260,2,2,100.0,0,0.0,155,894,576,7,8,0,1,2,174,0,1,0,0,4,3,0,1,2,5,0,0,0,11,11,4,73.3,,,,,,,,,,,,,,,,,,,,,,,,,,,,,,,
233,2025/26,18,24.0,2,1,63.0,0.7,0,0,0,0,0,0,0,0,0.1,0.1,0.0,0.1,0.0,0.13,1,0,3,2,1,50.0,2.86,1.43,0.0,0.0,20.3,0,0,0,0.1,0.1,0.05,-0.1,-0.1,17,24,70.8,213,35,0,0.0,0.0,0.0,0,0,0,0,0,22,2,0,0,0,3,2,0,0,0,0,17,1,1,1,0,0,1,0.0,1,2,0,2,1,2,2,0,1,1.43,1,0,0,0,0,0,0,0.0,31,2,9,11,11,2,31,1,1,100.0,0,0.0,17,63,43,1,1,0,0,0,20,3,0,0,0,0,1,0,3,1,1,0,0,0,1,0,0,,,,,,,,,,,,,,,,,,,,,,,,,,,,,,,,
234,2025/26,18,28.0,2,0,31.0,0.3,0,0,0,0,0,0,0,0,0.0,0.0,0.0,0.0,0.0,0.0,0,1,0,0,0,,0.0,0.0,,,,0,0,0,0.0,0.0,,0.0,0.0,14,19,73.7,231,96,0,0.0,0.0,0.0,0,1,0,0,1,12,7,0,0,0,0,7,0,0,0,0,14,0,0,0,0,0,0,,0,0,0,0,0,0,8,0,0,0.0,0,0,0,0,0,0,0,0.0,28,4,12,13,3,0,28,0,0,,0,,7,24,11,0,0,0,0,0,9,0,0,0,0,0,0,0,0,0,0,0,0,0,1,3,0,100.0,,,,,,,,,,,,,,,,,,,,,,,,,,,,,,,
235,2025/26,18,21.0,4,4,276.0,3.1,0,0,0,0,0,0,2,0,0.1,0.1,0.0,0.1,0.0,0.03,3,10,6,1,0,0.0,0.33,0.0,0.0,,8.7,0,0,0,0.1,0.1,0.08,-0.1,-0.1,129,159,81.1,2150,688,0,0.0,0.0,0.0,1,8,2,0,10,122,37,7,0,0,8,30,0,0,0,0,129,6,5,4,2,0,3,66.7,1,4,2,2,0,6,18,1,3,0.98,3,0,0,0,0,0,1,0.33,200,15,87,82,33,4,200,0,0,,0,,92,367,159,3,1,0,4,1,106,6,2,0,0,3,4,0,8,0,5,0,0,0,11,10,9,52.6,,,,,,,,,,,,,,,,,,,,,,,,,,,,,,,
236,2025/26,18,33.0,4,4,359.0,4.0,2,1,3,1,1,1,0,0,1.1,0.3,0.5,0.8,0.5,0.41,14,12,43,4,2,50.0,1.0,0.5,0.25,0.5,19.1,0,1,1,1.1,0.3,0.08,0.9,0.7,88,132,66.7,1302,373,1,0.5,0.5,0.5,4,1,8,2,12,129,2,0,3,0,11,2,0,0,0,0,88,0,0,0,0,0,0,,0,3,1,2,0,0,1,0,7,1.75,6,0,0,1,0,0,1,0.25,163,2,15,34,115,22,162,3,1,33.3,2,66.7,107,664,341,14,3,9,9,5,131,43,0,0,0,2,3,0,11,0,0,0,0,0,15,2,4,33.3,,,,,,,,,,,,,,,,,,,,,,,,,,,,,,,
237,2025/26,18,17.0,2,0,5.0,0.1,1,0,1,1,0,0,0,0,0.4,0.4,0.1,0.4,18.0,7.9,4,0,5,1,1,100.0,18.0,18.0,1.0,1.0,13.3,0,0,0,0.4,0.4,0.36,0.6,0.6,6,7,85.7,88,11,0,0.1,0.1,-0.1,1,0,0,0,0,7,0,0,0,0,1,0,0,0,0,0,6,0,0,0,0,0,0,,0,0,0,0,0,0,0,0,1,18.0,1,0,0,0,0,0,0,0.0,9,0,0,2,7,4,9,1,1,100.0,0,0.0,8,81,60,4,0,3,1,0,8,5,0,0,0,0,0,0,1,0,0,0,0,0,0,0,0,,,,,,,,,,,,,,,,,,,,,,,,,,,,,,,,
238,2025/26,18,23.0,3,3,270.0,3.0,1,0,1,1,0,0,2,0,0.2,0.2,0.2,0.4,0.33,0.13,8,16,8,6,1,16.7,2.0,0.33,0.17,1.0,25.6,0,0,0,0.2,0.2,0.03,0.8,0.8,174,196,88.8,2773,561,0,0.2,0.1,-0.2,5,18,0,0,16,196,0,0,1,2,0,0,0,0,0,0,174,3,3,2,1,0,3,66.7,1,1,0,1,2,5,5,0,14,4.67,11,0,1,2,0,0,0,0.0,222,4,51,117,55,2,222,8,5,62.5,3,37.5,154,815,403,8,6,0,4,2,168,8,2,0,0,3,2,0,0,2,3,0,0,0,14,4,4,50.0,,,,,,,,,,,,,,,,,,,,,,,,,,,,,,,
239,2025/26,18,34.0,4,4,360.0,4.0,0,0,0,0,0,0,0,0,0.2,0.2,0.0,0.2,0.0,0.05,8,24,2,2,1,50.0,0.5,0.25,0.0,0.0,9.9,0,0,0,0.2,0.2,0.09,-0.2,-0.2,281,319,88.1,5174,2467,0,0.0,0.1,0.0,1,28,1,0,24,298,21,10,1,2,0,0,0,0,0,0,281,2,1,1,1,0,2,50.0,1,7,5,2,4,6,39,0,7,1.75,7,0,0,0,0,0,1,0.25,371,59,180,177,16,6,371,1,1,100.0,0,0.0,213,1039,693,8,3,2,1,1,247,2,0,0,0,1,3,0,0,4,1,0,0,0,8,25,5,83.3,,,,,,,,,,,,,,,,,,,,,,,,,,,,,,,
240,2025/26,18,32.0,3,0,34.0,0.4,0,1,1,0,0,0,1,0,0.0,0.0,0.1,0.1,2.65,0.29,1,1,0,0,0,,0.0,0.0,,,,0,0,0,0.0,0.0,,0.0,0.0,16,18,88.9,242,77,1,0.1,0.0,0.9,1,3,0,0,1,18,0,0,0,0,0,0,0,0,0,0,16,2,1,0,0,2,2,50.0,1,0,0,0,0,2,2,0,2,5.29,2,0,0,0,0,0,1,2.65,24,1,4,17,3,0,24,0,0,,0,,7,27,12,1,0,0,1,1,13,0,1,0,0,1,0,0,0,0,1,0,0,0,0,1,1,50.0,,,,,,,,,,,,,,,,,,,,,,,,,,,,,,,
241,2025/26,20,21.0,3,2,183.0,2.0,0,0,0,0,0,0,1,0,0.0,0.0,0.0,0.0,0.0,0.0,2,4,2,0,0,,0.0,0.0,,,,0,0,0,0.0,0.0,,0.0,0.0,105,126,83.3,1708,633,0,0.0,0.0,0.0,0,2,0,0,4,105,20,5,0,0,0,14,0,0,0,0,105,7,4,4,1,2,4,75.0,1,2,0,2,5,12,8,0,0,0.0,0,0,0,0,0,0,0,0.0,149,18,74,60,15,0,149,2,2,100.0,0,0.0,73,380,193,2,3,0,0,1,90,2,1,0,0,3,3,0,0,5,4,0,0,0,6,2,3,40.0,,,,,,,,,,,,,,,,,,,,,,,,,,,,,,,
242,2025/26,20,31.0,4,3,260.0,2.9,0,1,1,0,0,0,0,0,0.1,0.1,1.7,1.8,0.35,0.62,7,10,18,1,0,0.0,0.35,0.0,0.0,,9.0,0,0,0,0.1,0.1,0.1,-0.1,-0.1,120,139,86.3,1996,438,1,1.7,1.0,-0.7,6,7,4,2,10,125,14,5,2,0,11,3,5,3,1,1,120,6,3,3,3,0,9,44.4,5,1,0,1,2,8,3,0,10,3.46,8,2,0,0,0,0,1,0.35,171,8,48,72,51,8,171,6,0,0.0,6,100.0,101,503,215,7,3,3,8,7,115,18,0,0,0,6,2,0,11,2,3,0,0,0,13,2,3,40.0,,,,,,,,,,,,,,,,,,,,,,,,,,,,,,,
243,2025/26,20,25.0,4,4,338.0,3.8,5,0,5,5,0,0,0,0,4.9,4.9,0.8,5.8,1.33,1.54,7,4,11,19,8,42.1,5.06,2.13,0.26,0.63,10.1,0,0,0,4.9,4.9,0.26,0.1,0.1,29,41,70.7,291,99,0,0.8,0.3,-0.8,2,2,1,0,4,36,5,0,1,0,0,0,0,0,0,0,29,1,0,0,0,1,1,0.0,1,0,0,0,0,1,7,0,7,1.86,4,0,2,1,0,0,0,0.0,82,7,10,35,39,26,82,6,3,50.0,2,33.3,41,199,145,7,3,4,6,1,58,11,0,0,0,3,1,0,0,0,0,0,0,0,7,10,0,100.0,,,,,,,,,,,,,,,,,,,,,,,,,,,,,,,
244,2025/26,20,26.0,1,1,90.0,1.0,0,0,0,0,0,0,0,0,0.0,0.0,0.0,0.0,0.0,0.0,0,0,0,0,0,,0.0,0.0,,,,0,0,0,0.0,0.0,,0.0,0.0,20,31,64.5,575,388,0,0.0,0.0,0.0,0,0,0,0,0,23,8,3,0,0,0,0,0,0,0,0,20,0,0,0,0,0,0,,0,0,0,0,0,0,0,0,0,0.0,0,0,0,0,0,0,0,0.0,33,28,33,0,0,0,33,0,0,,0,,19,84,47,0,0,0,0,0,17,0,0,0,0,0,0,0,0,0,0,0,0,0,0,1,0,100.0,0.0,0.0,2.0,2.0,100.0,1.0,0.0,0.0,1.0,100.0,0.0,0.0,0.0,0.0,0.1,0.07,0.1,0.14,5.0,15.0,33.3,26.0,4.0,38.5,34.4,17.0,0.0,0.0,0.0,0.0,6.3
245,2025/26,20,22.0,3,3,270.0,3.0,0,0,0,0,0,0,0,0,0.0,0.0,0.0,0.0,0.0,0.0,0,0,0,0,0,,0.0,0.0,,,,0,0,0,0.0,0.0,,0.0,0.0,88,118,74.6,1948,1257,0,0.0,0.0,0.0,0,0,0,0,0,100,18,3,0,0,0,0,0,0,0,0,88,2,1,2,0,0,2,100.0,0,0,0,0,0,2,5,1,0,0.0,0,0,0,0,0,0,0,0.0,132,114,132,0,0,0,132,1,1,100.0,0,0.0,84,343,127,0,0,0,0,0,72,0,0,0,0,0,1,0,0,0,1,0,0,0,7,1,0,100.0,4.0,1.33,15.0,11.0,80.0,1.0,0.0,2.0,1.0,33.3,1.0,1.0,0.0,0.0,5.9,0.34,1.9,0.62,10.0,36.0,27.8,103.0,11.0,27.2,29.6,26.0,2.0,7.7,14.0,4.67,18.1
246,2025/26,20,23.0,4,2,197.0,2.2,0,2,2,0,0,0,0,0,0.0,0.0,0.9,0.9,0.91,0.4,18,3,22,0,0,,0.0,0.0,,,,0,0,0,0.0,0.0,,0.0,0.0,56,66,84.8,794,128,2,0.9,0.9,1.1,7,1,2,0,3,66,0,0,2,0,4,0,0,0,0,0,56,0,0,0,0,0,1,0.0,1,2,0,2,1,1,0,0,12,5.48,10,0,2,0,0,0,3,1.37,100,0,8,42,50,11,100,13,5,38.5,8,61.5,78,670,415,18,10,6,11,7,85,22,0,0,0,3,5,1,4,1,0,0,0,0,5,1,1,50.0,,,,,,,,,,,,,,,,,,,,,,,,,,,,,,,
247,2025/26,20,31.0,3,3,261.0,2.9,0,0,0,0,0,0,0,0,0.0,0.0,0.0,0.0,0.0,0.0,2,14,1,0,0,,0.0,0.0,,,,0,0,0,0.0,0.0,,0.0,0.0,201,218,92.2,3334,1262,0,0.0,0.0,0.0,0,11,1,0,14,213,5,4,0,1,4,0,0,0,0,0,201,0,0,0,0,0,1,0.0,1,2,1,1,2,2,11,0,2,0.69,2,0,0,0,0,0,0,0.0,237,26,117,110,13,0,237,2,2,100.0,0,0.0,155,846,392,2,1,0,2,0,178,1,0,0,0,0,0,0,4,2,0,0,0,0,13,8,1,88.9,,,,,,,,,,,,,,,,,,,,,,,,,,,,,,,
248,2025/26,20,23.0,1,1,90.0,1.0,0,0,0,0,0,0,0,0,0.0,0.0,0.0,0.0,0.0,0.0,0,2,0,0,0,,0.0,0.0,,,,0,0,0,0.0,0.0,,0.0,0.0,46,54,85.2,794,293,0,0.0,0.0,0.0,0,3,0,0,2,48,6,3,0,2,0,1,0,0,0,0,46,0,0,0,0,0,0,,0,1,0,1,0,0,3,0,0,0.0,0,0,0,0,0,0,0,0.0,58,7,25,33,0,0,58,0,0,,0,,33,191,52,0,0,0,0,0,42,0,0,0,0,1,0,0,0,0,0,0,0,0,0,0,0,,,,,,,,,,,,,,,,,,,,,,,,,,,,,,,,
249,2025/26,20,27.0,2,1,109.0,1.2,0,0,0,0,0,0,0,0,0.0,0.0,0.0,0.0,0.0,0.0,3,6,4,0,0,,0.0,0.0,,,,0,0,0,0.0,0.0,,0.0,0.0,65,73,89.0,1041,161,0,0.0,0.0,0.0,0,1,1,0,6,62,11,2,0,0,0,9,0,0,0,0,65,1,1,0,0,1,2,50.0,1,1,1,0,1,2,7,1,0,0.0,0,0,0,0,0,0,0,0.0,83,7,26,32,25,0,83,1,1,100.0,0,0.0,45,260,139,3,1,0,1,1,55,4,0,0,0,1,1,0,0,1,1,0,1,0,7,3,0,100.0,,,,,,,,,,,,,,,,,,,,,,,,,,,,,,,
250,2025/26,20,30.0,2,0,71.0,0.8,0,0,0,0,0,0,0,0,0.1,0.1,0.0,0.1,0.0,0.18,0,2,0,1,0,0.0,1.27,0.0,0.0,,11.9,0,0,0,0.1,0.1,0.14,-0.1,-0.1,33,39,84.6,571,201,0,0.0,0.1,0.0,0,0,2,2,2,31,8,3,0,0,2,5,0,0,0,0,33,1,1,1,0,0,1,100.0,0,1,0,1,1,2,3,0,1,1.27,1,0,0,0,0,0,0,0.0,46,2,20,15,11,1,46,1,0,0.0,1,100.0,27,81,35,0,0,0,0,0,31,0,0,0,0,0,2,0,2,1,1,0,0,0,2,0,1,0.0,,,,,,,,,,,,,,,,,,,,,,,,,,,,,,,
251,2025/26,20,20.0,3,1,134.0,1.5,0,0,0,0,0,0,1,0,0.1,0.1,0.0,0.1,0.0,0.04,3,4,4,2,0,0.0,1.34,0.0,0.0,,28.7,0,0,0,0.1,0.1,0.03,-0.1,-0.1,62,76,81.6,759,285,0,0.0,0.0,0.0,0,1,0,0,4,64,11,1,0,0,0,10,0,0,0,0,62,7,3,3,4,0,6,50.0,3,4,1,3,1,8,3,0,3,2.01,2,0,0,1,0,0,0,0.0,96,6,21,57,19,0,96,3,1,33.3,2,66.7,38,197,96,3,3,0,1,3,59,4,1,0,0,1,0,0,0,1,3,0,0,0,6,4,3,57.1,,,,,,,,,,,,,,,,,,,,,,,,,,,,,,,
252,2025/26,20,23.0,3,2,179.0,2.0,0,0,0,0,0,0,1,0,0.1,0.1,0.0,0.1,0.0,0.03,3,16,4,2,0,0.0,1.01,0.0,0.0,,25.5,0,0,0,0.1,0.1,0.03,-0.1,-0.1,127,138,92.0,1807,555,0,0.0,0.1,0.0,0,16,0,0,16,131,7,6,0,0,0,1,0,0,0,0,127,6,6,0,5,1,5,60.0,2,4,2,2,1,7,6,0,4,2.01,3,0,0,1,0,0,1,0.5,159,5,32,107,21,1,159,6,5,83.3,0,0.0,76,363,182,3,3,1,2,1,108,4,1,0,0,2,4,0,0,1,6,0,0,0,7,6,3,66.7,,,,,,,,,,,,,,,,,,,,,,,,,,,,,,,
253,2025/26,20,26.0,3,2,149.0,1.7,0,1,1,0,0,0,0,0,0.8,0.8,1.0,1.8,0.6,1.08,7,5,14,5,2,40.0,3.02,1.21,0.0,0.0,16.0,1,0,0,0.8,0.8,0.16,-0.8,-0.8,39,49,79.6,508,88,1,1.0,0.5,0.0,2,2,1,0,5,48,1,1,2,0,2,0,0,0,0,0,39,3,3,0,3,0,1,0.0,1,2,1,1,1,4,1,0,7,4.23,3,0,2,1,1,0,2,1.21,73,2,10,29,35,14,73,9,5,55.6,2,22.2,44,265,124,7,0,6,5,6,52,14,0,0,0,1,5,0,2,1,3,0,0,0,7,1,1,50.0,,,,,,,,,,,,,,,,,,,,,,,,,,,,,,,
254,2025/26,20,22.0,4,3,258.0,2.9,0,1,1,0,0,0,0,0,0.3,0.3,0.3,0.6,0.35,0.22,10,10,34,1,0,0.0,0.35,0.0,0.0,,10.1,0,0,0,0.3,0.3,0.3,-0.3,-0.3,88,99,88.9,1227,338,1,0.3,0.5,0.7,5,4,8,1,10,94,5,2,1,1,3,3,0,0,0,0,88,4,2,2,1,1,3,66.7,1,7,0,7,1,5,1,0,12,4.19,9,0,2,0,1,0,3,1.05,139,1,12,49,82,15,139,16,8,50.0,6,37.5,88,602,273,10,6,9,8,4,101,34,0,0,0,3,8,0,3,1,2,0,0,0,11,0,2,0.0,,,,,,,,,,,,,,,,,,,,,,,,,,,,,,,
255,2025/26,20,25.0,2,1,106.0,1.2,1,0,1,1,0,0,0,0,0.5,0.5,0.0,0.5,0.85,0.43,4,9,3,4,2,50.0,3.4,1.7,0.25,0.5,15.3,0,0,0,0.5,0.5,0.12,0.5,0.5,56,72,77.8,929,332,0,0.0,0.1,0.0,1,7,2,0,9,65,7,2,0,3,6,1,4,1,3,0,56,1,1,1,0,0,1,100.0,0,0,0,0,1,2,0,0,4,3.4,3,1,0,0,0,0,1,0.85,83,0,21,37,26,4,83,4,1,25.0,2,50.0,52,192,99,4,0,0,1,0,59,3,0,0,0,0,1,0,6,1,1,0,0,0,14,0,2,0.0,,,,,,,,,,,,,,,,,,,,,,,,,,,,,,,
256,2025/26,20,24.0,3,3,202.0,2.2,0,0,0,0,0,0,1,0,0.0,0.0,0.2,0.2,0.0,0.11,6,7,8,2,0,0.0,0.89,0.0,0.0,,24.9,0,0,0,0.0,0.0,0.02,0.0,0.0,105,121,86.8,1529,385,0,0.2,0.5,-0.2,2,6,0,0,7,100,21,2,0,0,2,19,0,0,0,0,105,9,6,7,2,0,7,42.9,4,4,0,4,5,14,9,0,4,1.78,4,0,0,0,0,0,1,0.45,164,10,60,65,39,2,164,6,1,16.7,5,83.3,75,385,160,6,2,0,4,2,95,8,1,0,0,4,1,0,2,5,6,0,0,0,8,3,2,60.0,,,,,,,,,,,,,,,,,,,,,,,,,,,,,,,
257,2025/26,20,22.0,2,1,71.0,0.8,1,0,1,1,0,0,0,0,0.1,0.1,0.5,0.5,1.27,0.67,3,6,3,1,1,100.0,1.27,1.27,1.0,1.0,24.3,0,0,0,0.1,0.1,0.06,0.9,0.9,53,64,82.8,736,236,0,0.5,0.5,-0.5,1,7,3,0,6,61,3,1,1,1,2,0,2,0,1,0,53,4,1,3,1,0,4,75.0,1,1,0,1,2,6,0,0,3,3.8,3,0,0,0,0,0,0,0.0,74,0,15,34,25,3,74,3,1,33.3,2,66.7,40,205,117,3,3,1,0,4,61,3,0,0,0,1,0,0,2,2,1,0,0,0,3,0,0,,,,,,,,,,,,,,,,,,,,,,,,,,,,,,,,
258,2025/26,20,20.0,3,2,161.0,1.8,0,1,1,0,0,0,0,0,0.0,0.0,1.0,1.0,0.56,0.58,2,16,9,1,0,0.0,0.56,0.0,0.0,,26.9,0,0,0,0.0,0.0,0.02,0.0,0.0,110,122,90.2,1854,417,1,1.0,0.7,0.0,2,12,0,0,16,104,18,2,0,2,1,16,0,0,0,0,110,3,1,2,1,0,3,33.3,2,1,1,0,3,6,6,0,4,2.24,4,0,0,0,0,0,1,0.56,145,6,37,80,29,6,145,1,0,0.0,0,0.0,84,339,150,2,0,0,3,3,100,9,0,0,0,1,3,0,1,3,1,0,0,0,4,0,1,0.0,,,,,,,,,,,,,,,,,,,,,,,,,,,,,,,
259,2025/26,20,29.0,3,2,181.0,2.0,0,0,0,0,0,0,0,0,0.1,0.1,0.1,0.2,0.0,0.08,4,17,3,2,1,50.0,0.99,0.5,0.0,0.0,17.3,0,0,0,0.1,0.1,0.04,-0.1,-0.1,148,170,87.1,2598,770,0,0.1,0.2,-0.1,2,15,1,0,17,164,6,6,0,1,0,0,0,0,0,0,148,4,0,2,1,1,4,50.0,2,0,0,0,1,5,0,1,4,1.99,4,0,0,0,0,0,0,0.0,183,7,50,111,23,1,183,4,2,50.0,1,25.0,119,436,233,4,2,0,1,1,141,3,0,0,0,1,4,0,0,1,0,0,0,0,17,4,1,80.0,,,,,,,,,,,,,,,,,,,,,,,,,,,,,,,
260,2025/26,20,28.0,4,3,276.0,3.1,0,0,0,0,0,0,0,0,0.0,0.0,0.0,0.0,0.0,0.0,4,9,0,0,0,,0.0,0.0,,,,0,0,0,0.0,0.0,,0.0,0.0,178,194,91.8,2920,1160,0,0.0,0.1,0.0,0,6,0,0,9,186,8,4,0,0,0,0,0,0,0,0,178,2,0,0,2,0,2,100.0,0,2,2,0,2,4,15,0,0,0.0,0,0,0,0,0,0,0,0.0,217,32,104,106,7,1,217,2,1,50.0,1,50.0,132,621,324,4,1,0,0,0,165,0,0,0,0,2,0,0,0,2,0,0,0,0,7,6,6,50.0,,,,,,,,,,,,,,,,,,,,,,,,,,,,,,,
261,2025/26,20,21.0,1,0,14.0,0.2,0,0,0,0,0,0,0,0,0.0,0.0,0.0,0.0,0.0,0.0,0,0,1,0,0,,0.0,0.0,,,,0,0,0,0.0,0.0,,0.0,0.0,2,3,66.7,26,7,0,0.0,0.0,0.0,0,0,0,0,0,3,0,0,0,0,0,0,0,0,0,0,2,0,0,0,0,0,0,,0,0,0,0,2,2,0,0,1,6.43,1,0,0,0,0,0,0,0.0,7,0,1,3,3,1,7,0,0,,0,,3,10,2,0,0,0,2,0,3,1,0,0,0,0,0,0,0,2,0,0,0,0,0,0,0,,,,,,,,,,,,,,,,,,,,,,,,,,,,,,,,
262,2025/26,20,27.0,4,4,360.0,4.0,1,1,2,1,0,0,1,0,0.6,0.6,0.3,0.9,0.5,0.23,8,18,19,8,2,25.0,2.0,0.5,0.13,0.5,17.8,0,0,0,0.6,0.6,0.08,0.4,0.4,173,200,86.5,2497,489,1,0.3,0.3,0.7,4,17,2,0,18,191,9,2,3,1,9,0,5,4,0,0,173,4,1,1,2,1,1,100.0,0,1,0,1,0,4,4,1,8,2.0,7,1,0,0,0,0,2,0.5,241,5,33,127,83,9,241,10,3,30.0,5,50.0,156,788,320,8,9,0,5,5,199,19,1,0,0,3,6,1,9,0,1,0,0,0,11,1,3,25.0,,,,,,,,,,,,,,,,,,,,,,,,,,,,,,,
263,2025/26,21,27.0,4,4,360.0,4.0,0,0,0,0,0,0,0,0,0.0,0.0,0.2,0.2,0.0,0.06,0,0,0,0,0,,0.0,0.0,,,,0,0,0,0.0,0.0,,0.0,0.0,95,141,67.4,2694,2064,0,0.2,0.0,-0.2,1,5,1,0,0,118,23,9,0,0,0,0,0,0,0,0,95,0,0,0,0,0,1,0.0,1,1,0,1,0,0,2,1,2,0.5,2,0,0,0,0,0,0,0.0,149,121,148,1,0,0,149,1,1,100.0,0,0.0,107,475,277,0,0,0,2,0,92,0,0,0,0,0,2,0,0,0,0,0,0,0,9,1,0,100.0,7.0,1.75,14.0,7.0,50.0,1.0,1.0,2.0,0.0,0.0,0.0,0.0,0.0,0.0,6.3,0.46,-0.7,-0.17,21.0,65.0,32.3,127.0,12.0,43.3,36.0,39.0,5.0,12.8,5.0,1.25,13.4
264,2025/26,21,23.0,4,3,267.0,3.0,0,0,0,0,0,0,0,0,0.9,0.9,0.7,1.6,0.0,0.55,19,13,25,8,3,37.5,2.7,1.01,0.0,0.0,14.4,0,0,0,0.9,0.9,0.11,-0.9,-0.9,113,128,88.3,1547,361,0,0.7,0.2,-0.7,5,4,4,0,13,114,13,1,1,1,2,12,0,0,0,0,113,8,4,0,5,3,3,66.7,1,3,0,3,1,9,6,0,18,6.07,10,0,1,4,2,1,2,0.67,170,6,21,69,83,16,170,7,3,42.9,4,57.1,102,734,453,19,8,9,6,3,118,25,0,0,0,0,5,1,2,1,4,1,0,0,13,0,3,0.0,,,,,,,,,,,,,,,,,,,,,,,,,,,,,,,
265,2025/26,21,18.0,1,0,4.0,0.0,0,0,0,0,0,0,0,0,0.0,0.0,0.0,0.0,0.0,0.0,0,0,0,0,0,,0.0,0.0,,,,0,0,0,0.0,0.0,,0.0,0.0,0,0,,0,0,0,0.0,0.0,0.0,0,0,0,0,0,0,0,0,0,0,0,0,0,0,0,0,0,0,0,0,0,0,0,,0,0,0,0,0,0,1,0,0,0.0,0,0,0,0,0,0,0,0.0,1,0,1,0,0,0,1,0,0,,0,,0,0,0,0,0,0,0,0,0,0,0,0,0,0,0,0,0,0,0,0,0,0,0,1,1,50.0,,,,,,,,,,,,,,,,,,,,,,,,,,,,,,,
266,2025/26,21,22.0,4,1,162.0,1.8,0,0,0,0,0,0,0,0,0.4,0.4,0.1,0.5,0.0,0.26,1,1,10,5,1,20.0,2.78,0.56,0.0,0.0,14.0,0,0,0,0.4,0.4,0.08,-0.4,-0.4,25,34,73.5,340,51,0,0.1,0.1,-0.1,2,2,0,0,1,32,2,0,1,0,0,0,0,0,0,0,25,0,0,0,0,0,0,,0,1,0,1,0,0,0,0,3,1.67,3,0,0,0,0,0,0,0.0,49,0,3,27,19,7,49,0,0,,0,,26,87,26,1,0,0,2,3,38,10,0,0,0,4,0,0,0,0,0,0,0,0,3,7,7,50.0,,,,,,,,,,,,,,,,,,,,,,,,,,,,,,,
267,2025/26,21,31.0,4,4,360.0,4.0,1,0,1,0,1,2,1,0,1.9,0.3,1.3,1.6,0.0,0.79,9,40,9,7,1,14.3,1.75,0.25,0.0,0.0,26.2,1,1,2,1.9,0.3,0.05,-0.9,-0.3,230,287,80.1,4373,1476,0,1.3,0.9,-1.3,15,28,10,1,40,251,34,22,4,6,19,3,9,8,0,1,230,10,4,4,4,2,13,46.2,7,4,1,3,0,10,8,0,31,7.75,22,5,1,2,1,0,0,0.0,324,14,58,174,95,7,322,5,3,60.0,1,20.0,173,781,417,9,6,2,2,4,220,9,1,0,0,4,8,0,19,0,4,0,0,0,27,5,3,62.5,,,,,,,,,,,,,,,,,,,,,,,,,,,,,,,
268,2025/26,21,26.0,4,4,360.0,4.0,1,0,1,1,0,0,0,0,1.8,1.8,1.3,3.1,0.25,0.77,17,11,40,12,5,41.7,3.0,1.25,0.08,0.2,14.0,0,0,0,1.8,1.8,0.15,-0.8,-0.8,107,147,72.8,1820,416,0,1.3,1.2,-1.3,9,6,8,4,11,121,24,4,3,3,20,2,9,7,0,1,107,0,0,0,0,0,1,0.0,1,3,0,3,0,0,1,0,14,3.5,8,4,0,1,1,0,0,0.0,190,0,7,68,117,26,190,5,2,40.0,2,40.0,113,710,422,17,11,7,14,6,133,40,0,0,0,2,6,2,20,0,0,0,0,0,10,1,10,9.1,,,,,,,,,,,,,,,,,,,,,,,,,,,,,,,
269,2025/26,21,33.0,4,3,198.0,2.2,0,0,0,0,0,0,1,0,0.6,0.6,0.1,0.7,0.0,0.32,0,11,4,3,0,0.0,1.36,0.0,0.0,,14.2,0,0,0,0.6,0.6,0.21,-0.6,-0.6,104,130,80.0,2003,643,0,0.1,0.1,-0.1,1,8,0,0,11,123,7,7,1,0,3,0,0,0,0,0,104,6,4,3,2,1,6,66.7,2,4,1,3,2,8,2,0,2,0.91,1,0,0,0,0,1,0,0.0,151,2,30,92,29,3,151,1,0,0.0,1,100.0,69,259,119,0,4,0,2,0,93,4,1,0,0,2,3,0,3,2,4,0,0,0,10,5,6,45.5,,,,,,,,,,,,,,,,,,,,,,,,,,,,,,,
270,2025/26,21,26.0,3,2,183.0,2.0,0,1,1,0,0,0,0,0,0.0,0.0,0.8,0.8,0.49,0.38,10,6,19,1,0,0.0,0.49,0.0,0.0,,18.2,0,0,0,0.0,0.0,0.01,0.0,0.0,71,93,76.3,1160,389,1,0.8,0.6,0.2,3,3,3,3,6,72,21,0,1,1,8,21,0,0,0,0,71,4,1,3,0,1,1,100.0,0,1,0,1,2,6,7,1,8,3.93,6,0,1,0,1,0,2,0.98,116,8,33,30,53,7,116,6,3,50.0,2,33.3,61,393,226,10,1,4,5,2,66,19,0,0,0,1,1,1,8,2,1,0,0,0,6,2,0,100.0,,,,,,,,,,,,,,,,,,,,,,,,,,,,,,,
271,2025/26,21,32.0,3,0,44.0,0.5,0,0,0,0,0,0,0,0,0.1,0.1,0.0,0.1,0.0,0.2,0,1,2,1,0,0.0,2.05,0.0,0.0,,8.4,0,0,0,0.1,0.1,0.1,-0.1,-0.1,30,35,85.7,545,179,0,0.0,0.0,0.0,0,2,0,0,1,34,1,0,0,0,0,0,0,0,0,0,30,0,0,0,0,0,0,,0,0,0,0,0,0,5,1,1,2.05,1,0,0,0,0,0,0,0.0,41,5,17,19,5,1,41,0,0,,0,,21,153,79,0,0,0,0,1,28,2,0,0,0,1,0,0,0,0,0,0,0,0,1,3,0,100.0,,,,,,,,,,,,,,,,,,,,,,,,,,,,,,,
272,2025/26,21,24.0,2,0,71.0,0.8,0,0,0,0,0,0,0,0,0.6,0.6,0.0,0.7,0.0,0.88,0,3,4,7,1,14.3,8.87,1.27,0.0,0.0,10.9,0,0,0,0.6,0.6,0.1,-0.6,-0.6,24,30,80.0,275,73,0,0.0,0.0,0.0,1,2,0,0,3,30,0,0,0,0,1,0,0,0,0,0,24,0,0,0,0,0,0,,0,4,2,2,0,0,0,0,4,5.07,3,0,0,1,0,0,0,0.0,48,1,5,18,25,9,48,0,0,,0,,22,58,18,0,0,0,4,2,33,4,0,0,0,0,1,0,1,0,0,0,0,0,2,2,2,50.0,,,,,,,,,,,,,,,,,,,,,,,,,,,,,,,
273,2025/26,21,20.0,2,0,74.0,0.8,0,0,0,0,0,0,0,0,0.1,0.1,0.1,0.2,0.0,0.26,3,4,2,2,0,0.0,2.43,0.0,0.0,,25.1,0,0,0,0.1,0.1,0.03,-0.1,-0.1,36,42,85.7,520,101,0,0.1,0.1,-0.1,3,3,2,1,4,42,0,0,0,0,2,0,0,0,0,0,36,4,2,0,3,1,1,100.0,0,0,0,0,0,4,0,0,6,7.3,5,0,0,1,0,0,0,0.0,53,0,4,35,15,0,53,1,1,100.0,0,0.0,29,181,112,3,1,0,2,2,36,2,0,0,0,0,0,1,2,0,2,0,0,0,6,0,3,0.0,,,,,,,,,,,,,,,,,,,,,,,,,,,,,,,
274,2025/26,21,19.0,4,4,321.0,3.6,0,0,0,0,0,0,0,0,0.3,0.3,0.0,0.3,0.0,0.08,4,12,2,2,0,0.0,0.56,0.0,0.0,,6.2,0,0,0,0.3,0.3,0.13,-0.3,-0.3,152,171,88.9,2726,916,0,0.0,0.0,0.0,1,12,1,1,12,166,5,3,0,3,1,2,0,0,0,0,152,5,3,3,2,0,4,50.0,2,0,0,0,7,12,14,1,5,1.4,5,0,0,0,0,0,0,0.0,208,26,102,93,16,4,208,0,0,,0,,130,725,456,4,2,0,2,3,138,2,0,0,0,3,0,0,1,7,3,0,0,0,11,9,3,75.0,,,,,,,,,,,,,,,,,,,,,,,,,,,,,,,
275,2025/26,21,30.0,4,4,345.0,3.8,0,0,0,0,0,0,0,0,0.0,0.0,0.1,0.1,0.0,0.02,6,23,6,0,0,,0.0,0.0,,,,0,0,0,0.0,0.0,,0.0,0.0,209,247,84.6,3483,1160,0,0.1,0.1,-0.1,1,26,2,0,23,235,12,2,0,7,1,4,0,0,0,0,209,8,4,4,4,0,6,66.7,2,5,0,5,0,8,7,0,3,0.78,3,0,0,0,0,0,0,0.0,272,17,97,140,36,0,272,2,0,0.0,2,100.0,172,914,508,6,8,0,0,1,185,6,0,0,0,5,0,0,1,0,4,0,0,0,13,8,4,66.7,,,,,,,,,,,,,,,,,,,,,,,,,,,,,,,
276,2025/26,21,24.0,3,1,127.0,1.4,0,0,0,0,0,0,0,0,0.0,0.0,0.0,0.1,0.0,0.06,3,11,2,2,0,0.0,1.42,0.0,0.0,,30.6,0,0,0,0.0,0.0,0.02,0.0,0.0,64,76,84.2,1110,281,0,0.0,0.0,0.0,1,14,0,0,11,73,2,2,1,2,0,0,0,0,0,0,64,6,4,4,1,1,5,80.0,1,2,0,2,2,8,3,0,1,0.71,1,0,0,0,0,0,0,0.0,94,4,17,60,17,0,94,0,0,,0,,50,223,102,3,3,0,2,1,54,2,0,0,0,5,1,0,0,2,4,0,0,0,7,2,0,100.0,,,,,,,,,,,,,,,,,,,,,,,,,,,,,,,
277,2025/26,21,26.0,3,3,177.0,2.0,0,0,0,0,0,0,0,0,0.2,0.2,0.4,0.6,0.0,0.29,3,12,7,3,0,0.0,1.53,0.0,0.0,,12.3,0,0,0,0.2,0.2,0.06,-0.2,-0.2,51,68,75.0,842,296,0,0.4,0.4,-0.4,5,12,2,0,12,66,2,0,3,2,3,0,2,2,0,0,51,5,3,2,3,0,3,100.0,0,2,0,2,0,5,0,0,8,4.07,7,0,0,0,1,0,0,0.0,83,0,5,49,29,8,83,1,1,100.0,0,0.0,40,179,86,3,0,3,3,2,57,7,0,0,0,2,2,0,3,0,3,1,0,0,8,3,2,60.0,,,,,,,,,,,,,,,,,,,,,,,,,,,,,,,
278,2025/26,21,26.0,3,3,210.0,2.3,0,0,0,0,0,0,0,0,0.8,0.8,0.2,1.0,0.0,0.42,8,8,7,8,5,62.5,3.43,2.14,0.0,0.0,19.0,0,0,0,0.8,0.8,0.1,-0.8,-0.8,43,51,84.3,549,138,0,0.2,0.2,-0.2,3,2,3,1,8,49,2,1,0,0,3,1,0,0,0,0,43,2,2,1,1,0,2,50.0,1,5,1,4,0,2,0,0,11,4.71,6,0,3,1,1,0,0,0.0,73,2,9,23,43,7,73,8,4,50.0,4,50.0,50,388,227,8,5,2,2,4,58,7,0,0,0,1,5,0,3,0,2,0,0,0,5,0,9,0.0,,,,,,,,,,,,,,,,,,,,,,,,,,,,,,,
279,2025/26,21,26.0,4,4,360.0,4.0,0,0,0,0,0,0,0,0,0.3,0.3,0.2,0.5,0.0,0.13,1,9,3,4,1,25.0,1.0,0.25,0.0,0.0,10.1,0,0,0,0.3,0.3,0.08,-0.3,-0.3,169,194,87.1,3209,995,0,0.2,0.1,-0.2,1,9,2,1,9,188,6,1,0,0,1,3,0,0,0,0,169,8,5,3,5,0,9,88.9,1,6,4,2,4,12,19,1,2,0.5,1,0,0,1,0,0,0,0.0,245,24,124,113,10,4,245,1,0,0.0,1,100.0,131,479,147,1,1,0,0,0,139,3,0,0,0,1,1,0,1,4,5,0,0,0,14,17,13,56.7,,,,,,,,,,,,,,,,,,,,,,,,,,,,,,,
280,2025/26,21,27.0,2,1,67.0,0.7,0,0,0,0,0,0,0,0,0.0,0.0,0.0,0.0,0.0,0.0,4,9,7,0,0,,0.0,0.0,,,,0,0,0,0.0,0.0,,0.0,0.0,41,49,83.7,637,316,0,0.0,0.0,0.0,0,4,0,0,9,40,9,0,0,0,2,9,0,0,0,0,41,4,3,2,2,0,2,100.0,0,2,0,2,0,4,3,0,2,2.69,2,0,0,0,0,0,0,0.0,64,5,19,28,17,2,64,1,1,100.0,0,0.0,26,157,98,4,2,0,1,1,33,7,0,0,0,2,1,0,2,0,3,0,0,0,5,1,1,50.0,,,,,,,,,,,,,,,,,,,,,,,,,,,,,,,
281,2025/26,21,20.0,3,3,270.0,3.0,0,0,0,0,0,0,1,0,0.2,0.2,0.1,0.4,0.0,0.13,10,5,30,4,0,0.0,1.33,0.0,0.0,,21.1,0,0,0,0.2,0.2,0.06,-0.2,-0.2,85,119,71.4,1223,210,0,0.1,0.2,-0.1,3,3,5,2,5,97,22,0,0,1,12,22,0,0,0,0,85,8,6,5,1,2,8,75.0,2,1,1,0,3,11,4,0,8,2.67,7,0,1,0,0,0,0,0.0,163,5,31,53,79,17,163,9,2,22.2,5,55.6,91,410,225,10,4,2,10,3,109,30,1,0,0,4,10,1,12,3,6,0,0,0,6,8,7,53.3,,,,,,,,,,,,,,,,,,,,,,,,,,,,,,,
282,2025/26,22,23.0,4,2,207.0,2.3,0,0,0,0,0,0,0,0,0.6,0.6,0.3,0.9,0.0,0.38,9,2,21,2,1,50.0,0.87,0.43,0.0,0.0,13.1,0,0,0,0.6,0.6,0.29,-0.6,-0.6,41,73,56.2,553,125,0,0.3,0.1,-0.3,3,2,2,2,2,67,6,0,1,0,17,1,4,1,3,0,41,1,1,0,1,0,0,,0,0,0,0,0,1,3,0,4,1.74,4,0,0,0,0,0,0,0.0,88,1,10,33,45,9,88,5,1,20.0,3,60.0,56,326,194,9,4,5,4,2,67,21,0,0,0,0,4,0,17,0,1,0,0,0,3,2,5,28.6,,,,,,,,,,,,,,,,,,,,,,,,,,,,,,,
283,2025/26,22,24.0,2,2,134.0,1.5,0,0,0,0,0,0,0,1,1.1,1.1,0.1,1.2,0.0,0.78,4,3,5,10,3,30.0,6.72,2.01,0.0,0.0,17.7,0,0,0,1.1,1.1,0.11,-1.1,-1.1,23,34,67.6,294,27,0,0.1,0.0,-0.1,2,1,0,0,3,32,2,0,0,1,1,0,1,1,0,0,23,0,0,0,0,0,1,0.0,1,0,0,0,0,0,0,0,6,4.03,3,0,2,0,1,0,0,0.0,55,0,2,24,30,12,55,6,4,66.7,1,16.7,34,155,83,4,4,3,2,2,32,5,0,1,0,4,4,1,1,0,0,0,0,0,7,4,1,80.0,,,,,,,,,,,,,,,,,,,,,,,,,,,,,,,
284,2025/26,22,27.0,4,4,360.0,4.0,1,0,1,1,0,0,2,0,0.2,0.2,0.1,0.3,0.25,0.08,3,26,11,2,1,50.0,0.5,0.25,0.5,1.0,15.3,0,0,0,0.2,0.2,0.12,0.8,0.8,151,183,82.5,2571,783,0,0.1,0.2,-0.1,3,15,4,0,26,176,7,4,6,2,2,2,0,0,0,0,151,8,4,3,5,0,6,33.3,4,2,0,2,2,10,0,0,12,3.0,9,0,1,0,1,1,2,0.5,228,7,36,115,79,4,228,10,2,20.0,7,70.0,157,713,324,3,5,0,12,8,165,11,2,0,0,11,11,0,2,2,4,0,0,0,30,1,8,11.1,,,,,,,,,,,,,,,,,,,,,,,,,,,,,,,
285,2025/26,22,33.0,4,4,360.0,4.0,0,0,0,0,0,0,1,0,0.1,0.1,0.0,0.1,0.0,0.02,0,11,1,2,0,0.0,0.5,0.0,0.0,,11.1,0,0,0,0.1,0.1,0.03,-0.1,-0.1,143,184,77.7,2706,1208,0,0.0,0.1,0.0,1,5,1,1,11,179,5,4,0,0,1,1,0,0,0,0,143,4,2,2,0,2,3,33.3,2,2,0,2,6,10,21,0,2,0.5,2,0,0,0,0,0,0,0.0,222,23,116,87,20,9,222,0,0,,0,,120,496,226,0,0,0,2,0,126,1,1,0,0,5,4,0,1,6,2,0,0,0,14,16,10,61.5,,,,,,,,,,,,,,,,,,,,,,,,,,,,,,,
286,2025/26,22,33.0,4,4,350.0,3.9,0,0,0,0,0,0,0,0,0.1,0.1,0.1,0.2,0.0,0.05,3,13,1,4,0,0.0,1.03,0.0,0.0,,39.8,0,0,0,0.1,0.1,0.02,-0.1,-0.1,184,225,81.8,4201,1793,0,0.1,0.1,-0.1,2,18,1,0,13,217,8,7,0,3,2,0,0,0,0,0,184,4,3,3,0,1,4,25.0,3,5,4,1,6,10,21,1,3,0.77,2,0,0,0,0,1,0,0.0,273,39,146,108,20,4,273,0,0,,0,,175,666,394,3,1,0,3,0,187,1,0,0,0,5,3,0,2,6,3,0,0,0,14,16,6,72.7,,,,,,,,,,,,,,,,,,,,,,,,,,,,,,,
287,2025/26,22,27.0,4,3,266.0,3.0,0,0,0,0,0,0,0,0,0.4,0.4,0.7,1.0,0.0,0.35,13,14,27,7,0,0.0,2.37,0.0,0.0,,21.3,0,0,0,0.4,0.4,0.05,-0.4,-0.4,64,84,76.2,966,331,0,0.7,0.8,-0.7,5,5,8,3,14,83,1,1,0,0,12,0,0,0,0,0,64,2,1,0,2,0,3,66.7,1,2,0,2,0,2,2,0,9,3.05,9,0,0,0,0,0,0,0.0,113,4,9,36,69,15,113,5,0,0.0,4,80.0,87,513,282,13,4,5,6,3,88,27,0,0,0,1,4,1,12,0,1,0,0,0,7,1,0,100.0,,,,,,,,,,,,,,,,,,,,,,,,,,,,,,,
288,2025/26,22,30.0,3,2,163.0,1.8,0,1,1,0,0,0,0,0,0.9,0.9,0.2,1.1,0.55,0.58,5,5,30,7,3,42.9,3.87,1.66,0.0,0.0,19.8,0,0,0,0.9,0.9,0.13,-0.9,-0.9,40,65,61.5,666,174,1,0.2,0.3,0.8,1,4,4,1,5,60,5,0,0,1,13,2,3,3,0,0,40,0,0,0,0,0,1,0.0,1,4,0,4,0,0,2,0,6,3.31,4,0,1,1,0,0,1,0.55,90,3,10,21,61,8,90,10,4,40.0,5,50.0,60,343,119,5,3,2,3,1,66,30,0,0,0,0,1,0,13,0,0,0,0,0,3,1,1,50.0,,,,,,,,,,,,,,,,,,,,,,,,,,,,,,,
289,2025/26,22,24.0,2,1,60.0,0.7,0,0,0,0,0,0,0,0,0.0,0.0,0.3,0.3,0.0,0.46,3,5,4,1,0,0.0,1.5,0.0,0.0,,17.4,0,0,0,0.0,0.0,0.03,0.0,0.0,24,28,85.7,358,81,0,0.3,0.1,-0.3,3,1,1,1,5,28,0,0,0,0,3,0,0,0,0,0,24,1,0,0,1,0,1,100.0,0,0,0,0,0,1,0,0,3,4.5,3,0,0,0,0,0,0,0.0,37,1,6,17,14,3,37,1,1,100.0,0,0.0,21,136,67,3,2,1,0,0,20,4,0,0,0,0,0,0,3,0,0,0,0,0,5,0,1,0.0,,,,,,,,,,,,,,,,,,,,,,,,,,,,,,,
290,2025/26,22,26.0,1,0,26.0,0.3,0,0,0,0,0,0,0,0,0.1,0.1,0.0,0.1,0.0,0.32,0,1,1,1,0,0.0,3.46,0.0,0.0,,13.0,0,0,0,0.1,0.1,0.09,-0.1,-0.1,3,5,60.0,85,26,0,0.0,0.0,0.0,0,1,0,0,1,5,0,0,0,0,0,0,0,0,0,0,3,0,0,0,0,0,1,0.0,1,0,0,0,0,0,1,0,0,0.0,0,0,0,0,0,0,0,0.0,7,1,1,4,2,1,7,1,1,100.0,0,0.0,5,16,1,0,0,0,0,0,5,1,0,0,0,2,0,0,0,0,0,0,0,0,1,0,0,,,,,,,,,,,,,,,,,,,,,,,,,,,,,,,,
291,2025/26,22,29.0,3,3,221.0,2.5,0,0,0,0,0,0,1,0,0.0,0.0,0.7,0.7,0.0,0.3,5,12,8,1,0,0.0,0.41,0.0,0.0,,9.8,0,0,0,0.0,0.0,0.04,0.0,0.0,54,67,80.6,737,254,0,0.7,0.3,-0.7,1,9,0,0,12,62,4,4,1,0,1,0,0,0,0,0,54,4,1,0,2,2,2,100.0,0,1,0,1,2,6,3,0,4,1.63,3,0,0,0,0,1,0,0.0,87,5,15,48,25,9,87,2,0,0.0,1,50.0,50,245,127,5,1,0,2,1,65,8,1,0,0,3,3,0,1,2,1,0,0,0,8,6,5,54.5,,,,,,,,,,,,,,,,,,,,,,,,,,,,,,,
292,2025/26,22,34.0,4,4,315.0,3.5,0,0,0,0,0,0,0,0,0.0,0.0,0.3,0.3,0.0,0.09,4,30,16,0,0,,0.0,0.0,,,,0,0,0,0.0,0.0,,0.0,0.0,207,270,76.7,3888,1415,0,0.3,0.3,-0.3,8,18,3,1,30,201,69,18,0,1,26,38,13,4,7,1,207,2,0,1,1,0,6,33.3,4,2,0,2,4,6,4,0,15,4.27,7,8,0,0,0,0,0,0.0,287,6,67,129,92,2,287,0,0,,0,,136,509,271,4,6,0,2,0,159,16,0,0,0,6,4,0,26,4,0,0,0,0,18,3,2,60.0,,,,,,,,,,,,,,,,,,,,,,,,,,,,,,,
293,2025/26,22,21.0,2,0,45.0,0.5,0,0,0,0,0,0,0,0,0.0,0.0,0.0,0.0,0.0,0.07,0,4,2,1,0,0.0,2.0,0.0,0.0,,26.2,0,0,0,0.0,0.0,0.04,0.0,0.0,21,29,72.4,315,104,0,0.0,0.0,0.0,0,1,0,0,4,25,4,1,0,0,4,2,1,1,0,0,21,2,1,2,0,0,4,50.0,2,2,0,2,2,4,3,0,1,2.05,1,0,0,0,0,0,0,0.0,39,4,10,18,11,1,39,0,0,,0,,19,84,30,0,0,0,1,0,24,2,0,0,0,1,0,0,4,2,1,0,0,0,1,0,0,,,,,,,,,,,,,,,,,,,,,,,,,,,,,,,,
294,2025/26,22,19.0,3,0,78.0,0.9,0,0,0,0,0,0,0,0,0.0,0.0,0.0,0.1,0.0,0.06,1,3,3,1,0,0.0,1.15,0.0,0.0,,25.0,0,0,0,0.0,0.0,0.02,0.0,0.0,36,49,73.5,607,125,0,0.0,0.0,0.0,1,4,0,0,3,49,0,0,0,1,1,0,0,0,0,0,36,1,0,1,0,0,1,0.0,1,2,0,2,2,3,0,0,1,1.15,1,0,0,0,0,0,0,0.0,55,1,13,25,18,1,55,0,0,,0,,41,149,79,1,2,0,1,1,41,3,0,0,0,0,0,0,1,2,0,0,0,0,5,1,0,100.0,,,,,,,,,,,,,,,,,,,,,,,,,,,,,,,
295,2025/26,22,24.0,1,0,10.0,0.1,0,0,0,0,0,0,0,0,0.0,0.0,0.0,0.0,0.0,0.0,0,1,0,0,0,,0.0,0.0,,,,0,0,0,0.0,0.0,,0.0,0.0,4,6,66.7,52,30,0,0.0,0.0,0.0,0,0,0,0,1,6,0,0,0,0,0,0,0,0,0,0,4,0,0,0,0,0,0,,0,0,0,0,0,0,1,0,0,0.0,0,0,0,0,0,0,0,0.0,8,1,3,4,1,0,8,0,0,,0,,2,8,1,0,0,0,1,0,3,0,0,0,0,0,0,0,0,0,0,0,0,0,0,1,0,100.0,,,,,,,,,,,,,,,,,,,,,,,,,,,,,,,
296,2025/26,22,33.0,4,4,360.0,4.0,0,0,0,0,0,0,1,0,0.0,0.0,0.0,0.0,0.0,0.0,0,0,0,0,0,,0.0,0.0,,,,0,0,0,0.0,0.0,,0.0,0.0,78,107,72.9,1832,1124,0,0.0,0.0,0.0,0,0,0,0,0,74,33,10,0,0,0,0,0,0,0,0,78,0,0,0,0,0,0,,0,0,0,0,0,0,3,0,1,0.25,1,0,0,0,0,0,0,0.0,114,84,110,4,0,0,114,0,0,,0,,62,287,166,0,0,0,0,0,41,0,1,0,0,0,0,0,0,0,0,0,0,0,4,4,0,100.0,3.0,0.75,11.0,8.0,72.7,1.0,2.0,1.0,3.0,75.0,0.0,0.0,0.0,0.0,2.9,0.27,-0.1,-0.03,5.0,30.0,16.7,84.0,32.0,21.4,28.9,36.0,8.0,22.2,9.0,2.25,17.2
297,2025/26,22,23.0,1,1,64.0,0.7,1,0,1,1,0,0,0,0,0.3,0.3,0.0,0.3,1.41,0.43,0,0,3,3,1,33.3,4.22,1.41,0.33,1.0,10.4,0,0,0,0.3,0.3,0.09,0.7,0.7,8,10,80.0,93,0,0,0.0,0.0,0.0,1,0,0,0,0,9,0,0,0,0,0,0,0,0,0,0,8,3,2,0,2,1,3,100.0,0,0,0,0,0,3,0,0,1,1.41,1,0,0,0,0,0,0,0.0,19,0,0,10,9,4,19,0,0,,0,,7,10,8,0,0,0,1,1,16,3,0,0,0,1,2,0,0,0,2,0,0,0,3,3,1,75.0,,,,,,,,,,,,,,,,,,,,,,,,,,,,,,,
298,2025/26,22,25.0,4,4,335.0,3.7,0,0,0,0,0,0,0,0,0.2,0.2,0.6,0.8,0.0,0.22,10,27,8,5,2,40.0,1.34,0.54,0.0,0.0,21.4,1,0,0,0.2,0.2,0.05,-0.2,-0.2,175,215,81.4,2867,765,0,0.6,0.3,-0.6,5,24,1,0,27,204,11,3,1,2,8,0,5,3,1,0,175,3,3,2,1,0,8,37.5,5,9,0,9,4,7,2,1,13,3.49,10,0,0,1,2,0,2,0.54,254,2,49,148,62,4,254,4,1,25.0,3,75.0,139,772,388,10,9,2,5,0,174,8,0,0,0,2,8,0,8,4,3,0,0,0,16,0,0,,,,,,,,,,,,,,,,,,,,,,,,,,,,,,,,
299,2025/26,22,25.0,2,1,68.0,0.8,0,0,0,0,0,0,0,0,0.0,0.0,0.0,0.0,0.0,0.0,0,2,0,0,0,,0.0,0.0,,,,0,0,0,0.0,0.0,,0.0,0.0,41,44,93.2,807,285,0,0.0,0.0,0.0,0,0,0,0,2,41,3,3,0,0,0,0,0,0,0,0,41,2,1,1,1,0,0,,0,1,1,0,4,6,2,0,0,0.0,0,0,0,0,0,0,0,0.0,55,10,37,18,0,0,55,0,0,,0,,30,100,35,0,1,1,0,0,27,0,0,0,0,1,0,0,0,4,1,0,0,0,5,2,1,66.7,,,,,,,,,,,,,,,,,,,,,,,,,,,,,,,
300,2025/26,22,22.0,4,4,360.0,4.0,0,1,1,0,0,0,0,0,0.0,0.0,0.2,0.2,0.25,0.05,9,19,25,0,0,,0.0,0.0,,,,0,0,0,0.0,0.0,,0.0,0.0,184,213,86.4,2892,991,1,0.2,0.4,0.8,3,19,3,2,19,174,39,2,0,1,7,37,0,0,0,0,184,4,3,4,0,0,6,33.3,4,1,0,1,2,6,5,0,10,2.5,9,1,0,0,0,0,1,0.25,243,14,59,108,81,7,243,14,4,28.6,8,57.1,149,819,483,9,8,3,7,5,147,25,0,0,0,2,6,0,7,2,3,0,0,0,19,3,1,75.0,,,,,,,,,,,,,,,,,,,,,,,,,,,,,,,
301,2025/26,22,22.0,4,1,132.0,1.5,1,0,1,1,0,0,0,0,0.4,0.4,0.1,0.5,0.68,0.33,1,1,10,3,1,33.3,2.05,0.68,0.33,1.0,14.1,0,0,0,0.4,0.4,0.13,0.6,0.6,15,18,83.3,184,16,0,0.1,0.0,-0.1,1,0,0,0,1,17,1,0,0,0,0,0,0,0,0,0,15,1,0,0,1,0,0,,0,1,1,0,0,1,0,0,1,0.68,1,0,0,0,0,0,0,0.0,40,0,5,23,13,5,40,5,2,40.0,2,40.0,25,105,21,1,0,1,5,0,29,10,0,0,0,9,1,0,0,0,0,0,0,0,4,3,4,42.9,,,,,,,,,,,,,,,,,,,,,,,,,,,,,,,
302,2025/26,24,23.0,3,0,53.0,0.6,0,0,0,0,0,0,0,0,0.1,0.1,0.0,0.1,0.0,0.21,4,1,6,2,0,0.0,3.4,0.0,0.0,,18.5,0,0,0,0.1,0.1,0.06,-0.1,-0.1,15,19,78.9,220,19,0,0.0,0.0,0.0,1,1,0,0,1,18,1,0,0,0,2,0,0,0,0,0,15,0,0,0,0,0,0,,0,1,0,1,0,0,1,0,1,1.7,1,0,0,0,0,0,0,0.0,28,1,3,10,15,4,28,1,0,0.0,1,100.0,14,95,65,4,1,2,2,0,21,6,0,0,0,1,0,0,2,0,0,0,0,0,2,3,0,100.0,,,,,,,,,,,,,,,,,,,,,,,,,,,,,,,
303,2025/26,24,24.0,4,4,308.0,3.4,1,0,1,1,0,0,0,0,0.4,0.4,0.6,0.9,0.29,0.27,14,10,36,4,3,75.0,1.17,0.88,0.25,0.33,19.6,0,0,0,0.4,0.4,0.09,0.6,0.6,108,132,81.8,1474,233,0,0.6,0.4,-0.6,5,3,5,2,10,127,5,2,0,1,16,2,1,0,0,0,108,1,1,1,0,0,2,0.0,2,0,0,0,1,2,1,0,8,2.34,8,0,0,0,0,0,0,0.0,154,1,8,38,109,10,154,11,2,18.2,6,54.5,97,729,403,14,6,4,3,4,131,36,0,0,0,2,3,0,16,1,1,0,0,0,5,0,0,,,,,,,,,,,,,,,,,,,,,,,,,,,,,,,,
304,2025/26,24,33.0,4,4,296.0,3.3,2,0,2,2,0,0,0,0,1.6,1.6,0.2,1.7,0.61,0.53,0,5,7,8,4,50.0,2.43,1.22,0.25,0.5,10.3,0,0,0,1.6,1.6,0.2,0.4,0.4,27,41,65.9,335,74,0,0.2,0.1,-0.2,2,3,1,0,5,41,0,0,0,0,0,0,0,0,0,0,27,0,0,0,0,0,3,0.0,3,0,0,0,0,0,1,0,4,1.22,3,0,1,0,0,0,1,0.3,56,2,2,31,23,10,56,1,1,100.0,0,0.0,23,57,24,0,0,0,5,1,48,7,0,0,0,3,2,2,0,0,0,0,0,0,3,7,13,35.0,,,,,,,,,,,,,,,,,,,,,,,,,,,,,,,
305,2025/26,24,24.0,4,4,295.0,3.3,1,1,2,1,0,0,0,0,0.1,0.1,0.4,0.5,0.61,0.16,18,6,30,1,1,100.0,0.31,0.31,1.0,1.0,10.6,0,0,0,0.1,0.1,0.1,0.9,0.9,48,74,64.9,805,206,1,0.4,0.4,0.6,3,3,3,2,6,73,0,0,1,1,13,0,0,0,0,0,48,3,1,0,1,2,5,20.0,4,4,1,3,3,6,0,0,4,1.22,3,0,1,0,0,0,2,0.61,105,1,14,33,62,12,105,9,4,44.4,5,55.6,63,627,371,18,8,6,8,3,76,30,0,0,0,2,2,0,13,3,1,0,0,0,12,0,1,0.0,,,,,,,,,,,,,,,,,,,,,,,,,,,,,,,
306,2025/26,24,23.0,1,0,31.0,0.3,0,0,0,0,0,0,0,0,0.0,0.0,0.0,0.0,0.0,0.0,0,0,2,0,0,,0.0,0.0,,,,0,0,0,0.0,0.0,,0.0,0.0,7,10,70.0,106,57,0,0.0,0.0,0.0,0,1,0,0,0,9,1,0,0,0,3,0,1,1,0,0,7,0,0,0,0,0,0,,0,1,0,1,0,0,0,0,0,0.0,0,0,0,0,0,0,0,0.0,13,0,3,3,7,1,13,1,0,0.0,0,0.0,10,61,24,0,0,1,1,0,9,2,0,0,0,0,1,0,3,0,0,0,0,0,2,0,0,,,,,,,,,,,,,,,,,,,,,,,,,,,,,,,,
307,2025/26,24,22.0,4,4,360.0,4.0,0,1,1,0,0,0,0,0,0.4,0.4,1.1,1.5,0.25,0.36,7,36,10,4,1,25.0,1.0,0.25,0.0,0.0,20.3,0,0,0,0.4,0.4,0.1,-0.4,-0.4,281,335,83.9,4951,1309,1,1.1,0.5,-0.1,5,33,6,1,36,297,38,11,2,3,23,2,17,10,6,0,281,14,9,5,4,5,15,46.7,8,9,1,8,2,16,3,0,16,4.0,13,2,0,0,0,1,3,0.75,384,6,75,215,100,8,384,13,5,38.5,7,53.8,216,1174,616,7,6,1,5,7,263,10,0,0,0,4,7,1,23,2,9,0,0,0,29,8,5,61.5,,,,,,,,,,,,,,,,,,,,,,,,,,,,,,,
308,2025/26,24,27.0,4,4,337.0,3.7,0,0,0,0,0,0,0,0,0.0,0.0,0.0,0.0,0.0,0.01,3,21,1,2,0,0.0,0.53,0.0,0.0,,30.8,0,0,0,0.0,0.0,0.01,0.0,0.0,188,212,88.7,3177,982,0,0.0,0.1,0.0,0,19,1,0,21,206,5,2,0,1,2,3,0,0,0,0,188,7,6,2,4,1,6,83.3,1,2,0,2,6,13,12,2,0,0.0,0,0,0,0,0,0,0,0.0,251,17,59,150,42,0,251,2,1,50.0,1,50.0,107,436,230,3,4,0,4,2,163,1,0,0,0,6,1,0,2,6,6,0,2,0,14,3,6,33.3,,,,,,,,,,,,,,,,,,,,,,,,,,,,,,,
309,2025/26,24,24.0,3,0,33.0,0.4,0,0,0,0,0,0,0,0,0.1,0.1,0.0,0.1,0.0,0.19,0,0,1,1,0,0.0,2.73,0.0,0.0,,11.7,0,0,0,0.1,0.1,0.07,-0.1,-0.1,6,7,85.7,58,0,0,0.0,0.0,0.0,0,0,0,0,0,6,1,0,0,0,0,0,0,0,0,0,6,1,1,0,0,1,1,100.0,0,0,0,0,0,1,1,0,1,2.73,0,0,0,1,0,0,0,0.0,12,1,2,3,7,2,12,0,0,,0,,2,16,0,0,0,1,0,1,5,1,0,0,0,2,0,0,0,0,1,0,0,0,1,1,2,33.3,,,,,,,,,,,,,,,,,,,,,,,,,,,,,,,
310,2025/26,24,22.0,3,0,70.0,0.8,0,0,0,0,0,0,0,0,0.0,0.0,0.4,0.4,0.0,0.46,2,5,4,0,0,,0.0,0.0,,,,0,0,0,0.0,0.0,,0.0,0.0,30,34,88.2,430,119,0,0.4,0.1,-0.4,3,1,3,0,5,34,0,0,0,0,1,0,0,0,0,0,30,1,1,1,0,0,0,,0,4,0,4,0,1,0,0,4,5.14,4,0,0,0,0,0,0,0.0,45,1,5,21,21,2,45,2,1,50.0,1,50.0,27,205,128,2,3,1,1,3,32,4,0,0,0,1,2,0,1,0,1,0,0,0,3,1,1,50.0,,,,,,,,,,,,,,,,,,,,,,,,,,,,,,,
311,2025/26,24,26.0,1,0,12.0,0.1,0,0,0,0,0,0,0,0,0.0,0.0,0.0,0.0,0.0,0.0,0,0,1,0,0,,0.0,0.0,,,,0,0,0,0.0,0.0,,0.0,0.0,2,3,66.7,27,5,0,0.0,0.0,0.0,0,0,0,0,0,3,0,0,0,0,1,0,0,0,0,0,2,2,1,1,1,0,2,100.0,0,0,0,0,0,2,1,0,0,0.0,0,0,0,0,0,0,0,0.0,7,0,2,1,4,2,7,0,0,,0,,2,3,2,0,0,0,1,0,4,1,0,0,0,0,1,0,1,0,1,0,0,0,0,0,1,0.0,,,,,,,,,,,,,,,,,,,,,,,,,,,,,,,
312,2025/26,24,33.0,4,4,360.0,4.0,0,0,0,0,0,0,1,0,0.0,0.0,0.0,0.0,0.0,0.0,0,0,0,0,0,,0.0,0.0,,,,0,0,0,0.0,0.0,,0.0,0.0,76,102,74.5,1832,1156,0,0.0,0.0,0.0,0,5,0,0,0,67,35,8,0,1,0,0,0,0,0,0,76,0,0,0,0,0,0,,0,0,0,0,0,0,2,0,0,0.0,0,0,0,0,0,0,0,0.0,115,89,111,4,0,0,115,0,0,,0,,46,278,129,0,0,0,0,0,38,0,1,0,0,0,0,0,0,0,0,0,0,0,7,0,1,0.0,8.0,2.0,20.0,12.0,70.0,1.0,1.0,2.0,0.0,0.0,2.0,2.0,0.0,0.0,7.7,0.32,-0.3,-0.07,11.0,36.0,30.6,75.0,16.0,40.0,36.0,49.0,3.0,6.1,3.0,0.75,13.5
313,2025/26,24,24.0,1,1,90.0,1.0,0,0,0,0,0,0,0,0,0.0,0.0,0.0,0.0,0.0,0.0,0,1,0,0,0,,0.0,0.0,,,,0,0,0,0.0,0.0,,0.0,0.0,43,52,82.7,827,468,0,0.0,0.0,0.0,0,2,0,0,1,48,4,1,0,0,0,3,0,0,0,0,43,1,1,1,0,0,2,50.0,1,1,1,0,0,1,3,1,1,1.0,1,0,0,0,0,0,0,0.0,60,15,38,21,1,0,60,0,0,,0,,32,91,41,0,0,0,2,0,43,0,0,0,0,1,0,0,0,0,1,0,0,0,4,0,0,,,,,,,,,,,,,,,,,,,,,,,,,,,,,,,,
314,2025/26,24,25.0,4,4,326.0,3.6,0,1,1,0,0,0,0,0,0.7,0.7,0.3,1.0,0.28,0.27,7,25,34,7,1,14.3,1.93,0.28,0.0,0.0,15.3,0,0,0,0.7,0.7,0.1,-0.7,-0.7,148,192,77.1,2123,477,1,0.3,0.5,0.7,4,16,9,3,25,189,1,0,3,0,5,0,0,0,0,0,148,2,2,0,0,2,2,100.0,0,4,1,3,1,3,0,2,14,3.87,12,0,1,1,0,0,1,0.28,229,2,15,118,98,13,229,6,3,50.0,2,33.3,120,585,366,7,9,0,16,4,191,34,0,0,0,3,4,0,5,1,2,0,0,0,11,5,5,50.0,,,,,,,,,,,,,,,,,,,,,,,,,,,,,,,
315,2025/26,24,23.0,4,4,306.0,3.4,0,0,0,0,0,0,1,0,0.0,0.0,0.0,0.0,0.0,0.0,2,26,0,0,0,,0.0,0.0,,,,0,0,0,0.0,0.0,,0.0,0.0,187,224,83.5,3766,1702,0,0.0,0.2,0.0,0,26,0,0,26,213,11,6,2,3,1,0,0,0,0,0,187,3,1,2,1,0,2,100.0,0,4,0,4,7,10,15,0,4,1.18,4,0,0,0,0,0,0,0.0,255,31,115,130,11,0,255,2,2,100.0,0,0.0,138,576,358,2,4,0,0,1,175,0,1,0,0,4,2,0,1,7,1,0,0,0,21,3,1,75.0,,,,,,,,,,,,,,,,,,,,,,,,,,,,,,,
316,2025/26,24,24.0,4,4,360.0,4.0,0,0,0,0,0,0,2,0,0.0,0.0,0.3,0.4,0.0,0.09,11,19,22,2,0,0.0,0.5,0.0,0.0,,21.9,0,0,0,0.0,0.0,0.02,0.0,0.0,188,236,79.7,2800,766,0,0.3,0.1,-0.3,2,16,1,1,19,192,44,4,0,0,16,40,0,0,0,0,188,9,5,5,3,1,10,40.0,6,5,3,2,4,13,5,0,6,1.5,6,0,0,0,0,0,1,0.25,278,9,68,130,83,8,278,8,3,37.5,3,37.5,142,719,463,11,11,2,3,4,173,22,2,0,0,5,7,1,16,4,5,0,0,0,15,6,3,66.7,,,,,,,,,,,,,,,,,,,,,,,,,,,,,,,
317,2025/26,24,22.0,1,0,54.0,0.6,0,0,0,0,0,0,0,0,0.0,0.0,0.0,0.0,0.0,0.03,0,0,2,0,0,,0.0,0.0,,,,0,0,0,0.0,0.0,,0.0,0.0,20,26,76.9,305,58,0,0.0,0.0,0.0,1,1,0,0,0,19,7,2,0,0,0,5,0,0,0,0,20,3,3,1,1,1,5,60.0,2,1,0,1,1,4,1,0,1,1.67,0,1,0,0,0,0,0,0.0,35,1,14,11,10,2,35,1,0,0.0,0,0.0,20,49,8,0,0,0,3,0,20,2,0,0,0,0,1,0,0,1,3,0,0,0,0,0,1,0.0,,,,,,,,,,,,,,,,,,,,,,,,,,,,,,,
318,2025/26,24,27.0,4,4,360.0,4.0,0,0,0,0,0,0,0,0,0.1,0.1,0.0,0.1,0.0,0.01,1,3,0,1,0,0.0,0.25,0.0,0.0,,9.6,0,0,0,0.1,0.1,0.05,-0.1,-0.1,164,186,88.2,3061,1101,0,0.0,0.1,0.0,0,12,0,0,3,185,1,1,0,0,0,0,0,0,0,0,164,2,1,1,1,0,2,0.0,2,2,1,1,4,6,17,0,2,0.5,2,0,0,0,0,0,0,0.0,217,27,108,101,8,4,217,0,0,,0,,111,575,402,1,0,0,1,0,154,0,0,0,0,2,1,0,0,4,1,0,0,0,10,9,7,56.3,,,,,,,,,,,,,,,,,,,,,,,,,,,,,,,
319,2025/26,24,28.0,3,3,270.0,3.0,0,0,0,0,0,0,1,0,0.0,0.0,0.1,0.2,0.0,0.06,5,11,8,2,0,0.0,0.67,0.0,0.0,,24.6,0,0,0,0.0,0.0,0.02,0.0,0.0,125,157,79.6,2161,962,0,0.1,0.3,-0.1,2,13,2,1,11,131,26,5,0,1,13,20,1,0,0,0,125,6,3,2,2,2,4,100.0,0,1,0,1,5,11,14,0,1,0.33,1,0,0,0,0,0,0,0.0,203,13,70,75,62,3,203,11,3,27.3,8,72.7,82,362,212,5,4,1,0,5,108,8,1,0,0,5,3,0,13,5,3,0,0,0,20,4,2,66.7,,,,,,,,,,,,,,,,,,,,,,,,,,,,,,,
320,2025/26,24,21.0,2,0,11.0,0.1,0,0,0,0,0,0,0,0,0.2,0.2,0.0,0.2,0.0,1.65,1,0,5,2,0,0.0,16.36,0.0,0.0,,10.2,0,0,0,0.2,0.2,0.1,-0.2,-0.2,7,10,70.0,93,10,0,0.0,0.0,0.0,0,0,0,0,0,10,0,0,0,0,2,0,0,0,0,0,7,0,0,0,0,0,0,,0,1,0,1,0,0,0,0,0,0.0,0,0,0,0,0,0,0,0.0,14,1,3,3,8,2,14,0,0,,0,,9,56,22,1,0,0,0,0,10,5,0,0,0,0,0,0,2,0,0,0,0,0,1,0,0,,,,,,,,,,,,,,,,,,,,,,,,,,,,,,,,
321,2025/26,24,27.0,3,0,28.0,0.3,0,0,0,0,0,0,0,0,0.0,0.0,0.0,0.0,0.0,0.0,0,2,0,0,0,,0.0,0.0,,,,0,0,0,0.0,0.0,,0.0,0.0,20,22,90.9,320,45,0,0.0,0.0,0.0,0,1,1,0,2,20,2,1,0,1,0,0,0,0,0,0,20,0,0,0,0,0,0,,0,0,0,0,2,2,2,0,0,0.0,0,0,0,0,0,0,0,0.0,27,1,10,8,9,0,27,1,1,100.0,0,0.0,12,44,14,0,2,0,0,0,15,0,0,0,0,2,1,0,0,2,0,0,0,0,3,4,1,80.0,,,,,,,,,,,,,,,,,,,,,,,,,,,,,,,
322,2025/26,28,23.0,1,0,22.0,0.2,0,0,0,0,0,0,0,0,0.0,0.0,0.0,0.0,0.0,0.0,0,0,0,0,0,,0.0,0.0,,,,0,0,0,0.0,0.0,,0.0,0.0,1,2,50.0,6,2,0,0.0,0.0,0.0,0,0,0,0,0,2,0,0,0,0,0,0,0,0,0,0,1,0,0,0,0,0,0,,0,0,0,0,0,0,1,0,0,0.0,0,0,0,0,0,0,0,0.0,6,1,1,5,0,0,6,0,0,,0,,4,5,4,0,0,0,2,0,4,0,0,0,0,0,1,0,0,0,0,0,0,0,1,1,1,50.0,,,,,,,,,,,,,,,,,,,,,,,,,,,,,,,
323,2025/26,28,20.0,4,4,305.0,3.4,0,1,1,0,0,0,0,0,0.5,0.5,0.1,0.6,0.3,0.19,2,3,22,3,0,0.0,0.89,0.0,0.0,,9.6,0,0,0,0.5,0.5,0.17,-0.5,-0.5,78,95,82.1,1212,153,1,0.1,0.2,0.9,3,1,1,1,3,93,2,0,0,0,11,2,0,0,0,0,78,3,1,1,0,2,5,20.0,4,1,0,1,0,3,5,0,6,1.77,5,0,0,1,0,0,1,0.3,121,6,19,40,65,10,121,1,0,0.0,1,100.0,79,300,146,2,4,0,9,2,89,22,0,0,0,0,0,0,11,0,1,0,0,0,7,0,3,0.0,,,,,,,,,,,,,,,,,,,,,,,,,,,,,,,
324,2025/26,28,18.0,2,0,2.0,0.0,0,0,0,0,0,0,0,0,0.0,0.0,0.0,0.0,0.0,0.0,0,0,1,0,0,,0.0,0.0,,,,0,0,0,0.0,0.0,,0.0,0.0,0,0,,0,0,0,0.0,0.0,0.0,0,0,0,0,0,0,0,0,0,0,0,0,0,0,0,0,0,0,0,0,0,0,0,,0,0,0,0,0,0,0,0,0,0.0,0,0,0,0,0,0,0,0.0,1,0,0,0,1,0,1,0,0,,0,,1,6,0,0,0,0,0,0,1,1,0,0,0,0,0,0,0,0,0,0,0,0,0,0,0,,,,,,,,,,,,,,,,,,,,,,,,,,,,,,,,
325,2025/26,28,25.0,2,2,98.0,1.1,1,0,1,1,0,0,0,0,0.2,0.2,0.3,0.5,0.92,0.45,0,1,0,4,2,50.0,3.67,1.84,0.25,0.5,6.9,0,0,0,0.2,0.2,0.05,0.8,0.8,24,29,82.8,561,246,0,0.3,0.2,-0.3,1,3,0,0,1,25,4,1,0,0,0,0,0,0,0,0,24,1,1,0,0,1,0,,0,4,4,0,0,1,11,1,3,2.76,3,0,0,0,0,0,0,0.0,50,12,34,11,6,5,50,0,0,,0,,21,120,44,0,0,0,1,0,21,0,0,0,0,0,4,0,0,0,1,0,0,0,4,6,3,66.7,,,,,,,,,,,,,,,,,,,,,,,,,,,,,,,
326,2025/26,28,20.0,3,3,201.0,2.2,1,0,1,1,0,0,0,0,0.4,0.4,0.3,0.7,0.45,0.29,2,0,5,3,2,66.7,1.34,0.9,0.33,0.5,9.6,0,0,0,0.4,0.4,0.13,0.6,0.6,4,8,50.0,53,17,0,0.3,0.0,-0.3,1,0,0,0,0,8,0,0,0,0,0,0,0,0,0,0,4,1,0,1,0,0,2,50.0,1,3,1,2,0,1,1,0,1,0.45,0,0,0,1,0,0,0,0.0,29,2,4,8,17,6,29,3,1,33.3,2,66.7,16,89,26,2,3,1,2,5,19,5,0,0,0,3,2,1,0,0,0,0,0,0,2,3,7,30.0,,,,,,,,,,,,,,,,,,,,,,,,,,,,,,,
327,2025/26,28,25.0,3,1,133.0,1.5,1,0,1,0,1,1,0,0,0.8,0.0,0.2,0.2,0.0,0.7,2,3,14,1,0,0.0,0.68,0.0,0.0,,35.1,0,1,1,0.8,0.0,0.04,0.2,0.0,68,82,82.9,989,165,0,0.2,0.1,-0.2,2,3,2,2,3,80,2,0,1,2,5,1,1,0,0,0,68,8,4,4,2,2,7,57.1,3,3,1,2,1,9,4,0,5,3.38,2,1,0,1,1,0,2,1.35,107,3,19,49,40,2,106,3,1,33.3,1,33.3,67,257,99,2,1,0,4,2,70,14,0,0,0,3,3,0,5,1,4,0,0,0,13,0,3,0.0,,,,,,,,,,,,,,,,,,,,,,,,,,,,,,,
328,2025/26,28,32.0,4,4,360.0,4.0,0,1,1,0,0,0,1,0,0.1,0.1,0.3,0.3,0.25,0.08,2,27,4,1,0,0.0,0.25,0.0,0.0,,22.8,0,0,0,0.1,0.1,0.05,-0.1,-0.1,225,274,82.1,4177,1158,1,0.3,0.3,0.7,5,30,3,1,27,245,27,16,1,2,11,0,5,5,0,0,225,6,2,2,3,1,6,50.0,3,2,1,1,6,12,17,0,13,3.25,8,5,0,0,0,0,2,0.5,312,16,67,200,48,2,312,1,1,100.0,0,0.0,178,710,294,2,2,0,1,2,190,4,1,0,0,5,4,0,11,6,2,0,0,0,18,17,8,68.0,,,,,,,,,,,,,,,,,,,,,,,,,,,,,,,
329,2025/26,28,21.0,4,4,345.0,3.8,0,0,0,0,0,0,1,0,0.6,0.6,0.0,0.6,0.0,0.16,10,13,17,6,1,16.7,1.57,0.26,0.0,0.0,19.4,0,0,0,0.6,0.6,0.1,-0.6,-0.6,93,121,76.9,1328,214,0,0.0,0.1,0.0,1,11,2,0,13,121,0,0,0,0,8,0,0,0,0,0,93,1,0,0,1,0,1,0.0,1,1,0,1,1,2,7,0,6,1.57,3,0,1,1,1,0,1,0.26,144,3,17,75,57,10,144,5,1,20.0,4,80.0,107,523,248,10,8,3,1,3,118,17,1,0,0,4,1,0,8,1,0,1,0,0,8,3,2,60.0,,,,,,,,,,,,,,,,,,,,,,,,,,,,,,,
330,2025/26,28,22.0,2,1,134.0,1.5,0,0,0,0,0,0,0,0,0.0,0.0,0.0,0.0,0.0,0.0,2,14,0,0,0,,0.0,0.0,,,,0,0,0,0.0,0.0,,0.0,0.0,96,110,87.3,1786,705,0,0.0,0.0,0.0,0,6,0,0,14,104,6,1,0,0,1,0,0,0,0,0,96,4,0,3,1,0,1,0.0,1,4,1,3,0,4,7,0,0,0.0,0,0,0,0,0,0,0,0.0,125,16,47,73,6,0,125,0,0,,0,,88,524,358,2,1,0,0,1,85,0,0,0,0,1,1,0,1,0,0,0,0,0,6,5,1,83.3,,,,,,,,,,,,,,,,,,,,,,,,,,,,,,,
331,2025/26,28,25.0,1,0,7.0,0.1,0,0,0,0,0,0,0,0,0.0,0.0,0.0,0.0,0.0,0.0,0,0,0,0,0,,0.0,0.0,,,,0,0,0,0.0,0.0,,0.0,0.0,0,1,0.0,0,0,0,0.0,0.0,0.0,0,0,0,0,0,1,0,0,0,0,0,0,0,0,0,0,0,0,0,0,0,0,0,,0,0,0,0,0,0,0,0,0,0.0,0,0,0,0,0,0,0,0.0,2,0,1,1,0,0,2,1,1,100.0,0,0.0,1,10,6,0,0,0,0,0,0,0,0,0,0,0,0,0,0,0,0,0,0,0,1,0,0,,,,,,,,,,,,,,,,,,,,,,,,,,,,,,,,
332,2025/26,28,19.0,2,0,15.0,0.2,0,0,0,0,0,0,0,0,0.0,0.0,0.0,0.0,0.0,0.14,0,1,1,1,0,0.0,6.0,0.0,0.0,,15.0,0,0,0,0.0,0.0,0.02,0.0,0.0,3,5,60.0,30,7,0,0.0,0.0,0.0,0,0,1,0,1,5,0,0,0,0,0,0,0,0,0,0,3,0,0,0,0,0,0,,0,0,0,0,0,0,1,0,2,12.0,2,0,0,0,0,0,0,0.0,8,0,2,2,4,2,8,0,0,,0,,2,2,1,0,0,0,0,0,4,1,0,0,0,0,0,0,0,0,0,0,0,0,0,1,4,20.0,,,,,,,,,,,,,,,,,,,,,,,,,,,,,,,
333,2025/26,28,20.0,4,4,353.0,3.9,0,0,0,0,0,0,0,0,0.1,0.1,0.1,0.2,0.0,0.04,8,10,14,1,0,0.0,0.25,0.0,0.0,,11.7,0,0,0,0.1,0.1,0.05,-0.1,-0.1,131,158,82.9,2090,449,0,0.1,0.3,-0.1,2,8,3,1,10,151,6,1,2,0,3,4,0,0,0,0,131,7,3,2,2,3,6,83.3,1,7,0,7,5,12,6,0,5,1.27,5,0,0,0,0,0,0,0.0,193,5,43,99,53,3,193,4,2,50.0,1,25.0,128,647,268,8,7,1,4,4,136,14,0,0,0,4,4,0,3,5,3,0,0,0,7,1,2,33.3,,,,,,,,,,,,,,,,,,,,,,,,,,,,,,,
334,2025/26,28,27.0,2,2,180.0,2.0,0,0,0,0,0,0,0,0,0.1,0.1,0.1,0.1,0.0,0.07,2,8,1,1,0,0.0,0.5,0.0,0.0,,8.0,0,0,0,0.1,0.1,0.07,-0.1,-0.1,96,119,80.7,2041,484,0,0.1,0.1,-0.1,1,2,0,0,8,101,18,2,0,0,1,13,0,0,0,0,96,7,6,2,4,1,3,100.0,0,0,0,0,3,10,16,0,4,2.0,1,2,0,0,0,1,0,0.0,150,12,53,80,17,2,150,0,0,,0,,86,500,292,2,0,0,3,1,89,1,0,0,0,1,3,0,1,3,6,0,0,0,3,5,3,62.5,,,,,,,,,,,,,,,,,,,,,,,,,,,,,,,
335,2025/26,28,28.0,4,3,308.0,3.4,0,1,1,0,0,0,0,0,0.1,0.1,0.0,0.1,0.29,0.04,6,18,0,3,0,0.0,0.88,0.0,0.0,,16.9,0,0,0,0.1,0.1,0.04,-0.1,-0.1,198,231,85.7,4022,1651,1,0.0,0.2,1.0,1,15,2,2,18,228,3,2,0,3,3,1,0,0,0,0,198,7,2,5,2,0,6,66.7,2,2,2,0,8,15,18,0,2,0.58,1,0,0,0,1,0,1,0.29,273,19,118,145,11,5,273,4,3,75.0,1,25.0,176,1004,629,6,3,0,2,1,194,0,0,0,0,2,2,0,3,8,2,0,0,0,16,7,9,43.8,,,,,,,,,,,,,,,,,,,,,,,,,,,,,,,
336,2025/26,28,28.0,1,0,28.0,0.3,0,0,0,0,0,0,0,0,0.0,0.0,0.0,0.0,0.0,0.11,1,1,4,1,0,0.0,3.21,0.0,0.0,,16.5,0,0,0,0.0,0.0,0.03,0.0,0.0,17,21,81.0,192,50,0,0.0,0.0,0.0,0,3,0,0,1,20,1,0,1,0,0,1,0,0,0,0,17,0,0,0,0,0,0,,0,0,0,0,0,0,0,0,1,3.21,1,0,0,0,0,0,0,0.0,22,0,1,14,9,1,22,1,1,100.0,0,0.0,16,67,30,1,1,1,0,0,20,4,0,0,0,0,0,0,0,0,0,0,0,0,1,0,1,0.0,,,,,,,,,,,,,,,,,,,,,,,,,,,,,,,
337,2025/26,28,31.0,4,4,360.0,4.0,0,0,0,0,0,0,1,0,0.0,0.0,0.0,0.0,0.0,0.0,11,20,8,1,0,0.0,0.25,0.0,0.0,,29.2,0,0,0,0.0,0.0,0.02,0.0,0.0,177,216,81.9,2805,753,0,0.0,0.0,0.0,0,20,2,1,20,190,25,0,0,0,6,25,0,0,0,0,177,11,6,7,3,1,10,90.0,1,2,1,1,5,16,22,0,2,0.5,2,0,0,0,0,0,1,0.25,269,14,76,148,47,2,269,4,2,50.0,2,50.0,145,747,415,11,10,1,4,2,161,8,1,0,0,2,8,0,6,5,6,0,1,0,13,9,7,56.3,,,,,,,,,,,,,,,,,,,,,,,,,,,,,,,
338,2025/26,28,22.0,4,4,360.0,4.0,0,0,0,0,0,0,1,0,0.0,0.0,0.0,0.0,0.0,0.0,0,0,0,0,0,,0.0,0.0,,,,0,0,0,0.0,0.0,,0.0,0.0,106,149,71.1,2861,1939,0,0.0,0.0,0.0,0,6,0,0,0,117,32,17,0,0,0,0,0,0,0,0,106,0,0,0,0,0,1,0.0,1,0,0,0,0,0,1,0,0,0.0,0,0,0,0,0,0,0,0.0,159,98,158,1,0,0,159,0,0,,0,,102,485,269,0,0,0,0,0,74,0,1,0,0,0,1,0,0,0,0,0,0,0,15,3,0,100.0,3.0,0.75,15.0,11.0,80.0,2.0,1.0,1.0,2.0,50.0,1.0,0.0,1.0,0.0,4.8,0.28,1.8,0.44,19.0,60.0,31.7,134.0,12.0,35.8,34.1,56.0,6.0,10.7,7.0,1.75,14.0
339,2025/26,28,23.0,4,3,231.0,2.6,0,0,0,0,0,0,1,0,0.1,0.1,0.5,0.6,0.0,0.25,5,2,28,1,0,0.0,0.39,0.0,0.0,,14.0,0,0,0,0.1,0.1,0.14,-0.1,-0.1,44,63,69.8,735,73,0,0.5,0.2,-0.5,4,0,3,1,2,62,1,0,1,0,9,1,0,0,0,0,44,3,3,1,2,0,3,66.7,1,1,0,1,0,3,4,0,7,2.73,6,0,1,0,0,0,1,0.39,91,3,11,33,47,2,91,7,3,42.9,3,42.9,65,352,165,5,1,0,5,5,68,28,1,0,0,4,2,2,9,0,3,0,0,0,7,3,3,50.0,,,,,,,,,,,,,,,,,,,,,,,,,,,,,,,
340,2025/26,28,23.0,4,4,360.0,4.0,0,0,0,0,0,0,0,0,0.1,0.1,0.2,0.2,0.0,0.05,3,17,15,2,0,0.0,0.5,0.0,0.0,,24.2,0,0,0,0.1,0.1,0.03,-0.1,-0.1,147,219,67.1,2202,888,0,0.2,0.2,-0.2,4,16,4,1,17,177,42,3,0,1,18,31,8,5,0,1,147,11,7,4,5,2,7,85.7,1,3,0,3,4,15,10,0,9,2.25,6,1,0,1,0,1,0,0.0,259,7,63,132,66,2,259,5,2,40.0,3,60.0,110,453,274,3,4,0,1,1,136,15,0,0,0,1,2,0,18,4,7,0,0,0,10,13,8,61.9,,,,,,,,,,,,,,,,,,,,,,,,,,,,,,,
341,2025/26,28,25.0,4,1,158.0,1.8,2,0,2,2,0,0,0,0,0.4,0.4,0.0,0.4,1.14,0.22,1,3,7,7,3,42.9,3.99,1.71,0.29,0.67,16.0,0,0,0,0.4,0.4,0.06,1.6,1.6,9,12,75.0,126,77,0,0.0,0.0,0.0,0,3,0,0,3,12,0,0,0,0,0,0,0,0,0,0,9,3,1,1,1,1,0,,0,1,1,0,0,3,1,0,1,0.57,1,0,0,0,0,0,0,0.0,32,3,5,9,19,9,32,5,0,0.0,5,100.0,17,86,28,1,0,2,1,1,22,7,0,0,0,2,0,1,0,0,1,0,0,0,2,2,5,28.6,,,,,,,,,,,,,,,,,,,,,,,,,,,,,,,
342,2025/26,27,19.0,1,1,70.0,0.8,0,0,0,0,0,0,0,0,0.0,0.0,0.0,0.0,0.0,0.0,2,6,0,0,0,,0.0,0.0,,,,0,0,0,0.0,0.0,,0.0,0.0,38,41,92.7,687,94,0,0.0,0.0,0.0,0,9,1,0,6,41,0,0,0,0,0,0,0,0,0,0,38,1,1,1,0,0,2,50.0,1,1,0,1,0,1,2,0,1,1.29,1,0,0,0,0,0,0,0.0,46,1,7,34,5,1,46,0,0,,0,,32,159,79,2,0,0,1,0,33,0,0,0,0,3,0,0,0,0,1,0,0,0,5,2,2,50.0,,,,,,,,,,,,,,,,,,,,,,,,,,,,,,,
343,2025/26,27,24.0,4,3,220.0,2.4,2,0,2,2,0,0,1,0,0.9,0.9,0.2,1.1,0.82,0.44,7,5,17,4,2,50.0,1.64,0.82,0.5,1.0,17.7,0,0,0,0.9,0.9,0.22,1.1,1.1,40,57,70.2,601,159,0,0.2,0.1,-0.2,3,5,2,1,5,56,1,0,0,0,9,1,0,0,0,0,40,5,3,1,3,1,1,0.0,1,1,0,1,1,6,5,0,4,1.64,4,0,0,0,0,0,0,0.0,87,5,11,28,48,8,87,3,0,0.0,2,66.7,41,281,169,7,2,2,8,1,56,17,1,0,0,1,4,3,9,1,3,0,0,0,6,0,1,0.0,,,,,,,,,,,,,,,,,,,,,,,,,,,,,,,
344,2025/26,27,27.0,4,4,360.0,4.0,0,1,1,0,0,0,1,0,0.1,0.1,0.2,0.2,0.25,0.05,1,15,0,1,1,100.0,0.25,0.25,0.0,0.0,6.3,0,0,0,0.1,0.1,0.07,-0.1,-0.1,232,259,89.6,4572,1662,1,0.2,0.2,0.8,2,15,2,0,15,246,13,9,0,1,0,0,0,0,0,0,232,6,3,4,0,2,2,100.0,0,5,4,1,4,10,11,1,6,1.5,5,0,0,0,0,1,1,0.25,293,38,160,127,9,6,293,1,1,100.0,0,0.0,174,857,493,1,2,0,2,0,197,0,1,0,0,4,2,0,0,4,3,0,0,0,18,7,5,58.3,,,,,,,,,,,,,,,,,,,,,,,,,,,,,,,
345,2025/26,27,22.0,2,0,40.0,0.4,0,0,0,0,0,0,0,0,0.0,0.0,0.0,0.1,0.0,0.12,1,7,8,1,0,0.0,2.25,0.0,0.0,,11.7,0,0,0,0.0,0.0,0.02,0.0,0.0,38,43,88.4,575,210,0,0.0,0.1,0.0,1,5,3,0,7,38,5,2,0,0,1,3,0,0,0,0,38,2,2,0,1,1,3,33.3,2,0,0,0,0,2,1,0,2,4.5,1,0,0,0,1,0,0,0.0,51,0,4,34,14,5,51,2,0,0.0,0,0.0,21,99,58,1,0,1,1,1,39,8,0,0,0,1,3,0,1,0,2,0,0,0,1,3,0,100.0,,,,,,,,,,,,,,,,,,,,,,,,,,,,,,,
346,2025/26,27,25.0,4,4,340.0,3.8,0,0,0,0,0,0,2,0,0.2,0.2,0.0,0.2,0.0,0.06,15,20,21,2,1,50.0,0.53,0.26,0.0,0.0,17.3,0,0,0,0.2,0.2,0.09,-0.2,-0.2,174,218,79.8,3015,916,0,0.0,0.1,0.0,1,16,2,0,20,181,37,1,0,2,10,36,0,0,0,0,174,2,1,2,0,0,4,50.0,2,4,1,3,0,2,11,0,4,1.06,3,0,1,0,0,0,0,0.0,255,13,60,126,72,4,255,15,5,33.3,9,60.0,143,1050,630,15,14,1,3,6,171,21,2,0,0,5,2,0,10,0,1,0,0,0,14,3,3,50.0,,,,,,,,,,,,,,,,,,,,,,,,,,,,,,,
347,2025/26,27,28.0,2,0,33.0,0.4,0,0,0,0,0,0,0,0,0.2,0.2,0.0,0.2,0.0,0.57,0,0,2,2,1,50.0,5.45,2.73,0.0,0.0,15.0,0,0,0,0.2,0.2,0.1,-0.2,-0.2,2,2,100.0,19,0,0,0.0,0.0,0.0,0,0,0,0,0,2,0,0,0,0,0,0,0,0,0,0,2,1,1,0,1,0,0,,0,1,0,1,1,2,1,0,1,2.81,0,0,0,1,0,0,0,0.0,11,1,3,2,6,4,11,0,0,,0,,5,15,1,0,0,0,2,0,6,2,0,0,0,0,1,0,0,1,1,0,0,0,0,0,2,0.0,,,,,,,,,,,,,,,,,,,,,,,,,,,,,,,
348,2025/26,27,28.0,4,4,360.0,4.0,0,0,0,0,0,0,0,0,0.0,0.0,0.0,0.0,0.0,0.0,0,0,0,0,0,,0.0,0.0,,,,0,0,0,0.0,0.0,,0.0,0.0,166,201,82.6,3814,2229,0,0.0,0.0,0.0,0,1,0,0,0,170,30,10,0,0,0,0,0,0,0,0,166,0,0,0,0,0,0,,0,1,0,1,0,0,1,1,1,0.25,1,0,0,0,0,0,0,0.0,212,159,211,1,0,0,212,0,0,,0,,123,544,281,0,0,0,0,0,133,0,0,0,0,0,1,0,0,0,0,0,0,0,9,0,0,,1.0,0.25,18.0,17.0,94.4,3.0,0.0,1.0,3.0,75.0,0.0,0.0,0.0,0.0,3.6,0.2,2.6,0.64,12.0,41.0,29.3,180.0,19.0,17.8,27.6,45.0,1.0,2.2,4.0,1.0,15.4
349,2025/26,27,30.0,4,3,243.0,2.7,1,0,1,1,0,0,0,0,0.4,0.4,0.0,0.4,0.37,0.13,1,7,3,4,1,25.0,1.48,0.37,0.25,1.0,11.1,0,0,0,0.4,0.4,0.09,0.6,0.6,121,141,85.8,2193,515,0,0.0,0.0,0.0,0,8,1,0,7,134,5,5,0,4,1,0,0,0,0,0,121,12,6,3,7,2,11,63.6,4,1,1,0,0,12,4,0,3,1.11,3,0,0,0,0,0,2,0.74,171,6,48,99,24,6,171,4,1,25.0,3,75.0,72,333,134,1,0,0,3,1,114,3,0,0,0,3,3,0,1,0,6,0,0,0,5,5,2,71.4,,,,,,,,,,,,,,,,,,,,,,,,,,,,,,,
350,2025/26,27,26.0,2,0,12.0,0.1,0,0,0,0,0,0,0,0,0.0,0.0,0.0,0.0,0.0,0.0,0,2,0,0,0,,0.0,0.0,,,,0,0,0,0.0,0.0,,0.0,0.0,21,22,95.5,460,87,0,0.0,0.0,0.0,0,3,0,0,2,22,0,0,0,0,0,0,0,0,0,0,21,0,0,0,0,0,0,,0,0,0,0,0,0,2,0,0,0.0,0,0,0,0,0,0,0,0.0,24,2,6,18,0,0,24,0,0,,0,,16,100,61,0,0,0,0,0,17,0,0,0,0,0,0,0,0,0,0,0,0,0,0,1,1,50.0,,,,,,,,,,,,,,,,,,,,,,,,,,,,,,,
351,2025/26,27,19.0,4,2,200.0,2.2,1,1,2,1,0,0,0,0,0.3,0.3,0.3,0.5,0.9,0.25,6,10,10,3,3,100.0,1.35,1.35,0.33,0.33,11.0,0,0,0,0.3,0.3,0.1,0.7,0.7,58,79,73.4,1062,307,1,0.3,0.1,0.7,2,7,1,0,10,66,13,0,0,2,3,12,0,0,0,0,58,5,4,1,4,0,2,0.0,2,0,0,0,0,5,4,0,9,4.05,4,3,1,1,0,0,1,0.45,96,4,9,49,40,8,96,5,5,100.0,0,0.0,55,408,209,6,3,2,2,3,60,10,0,0,0,5,0,0,3,0,4,0,0,0,5,2,7,22.2,,,,,,,,,,,,,,,,,,,,,,,,,,,,,,,
352,2025/26,27,20.0,3,1,99.0,1.1,0,0,0,0,0,0,0,0,0.1,0.1,0.0,0.1,0.0,0.06,2,3,7,2,0,0.0,1.82,0.0,0.0,,22.9,0,0,0,0.1,0.1,0.03,-0.1,-0.1,17,22,77.3,366,131,0,0.0,0.0,0.0,0,2,0,0,3,22,0,0,0,1,1,0,0,0,0,0,17,3,0,2,1,0,1,100.0,0,1,0,1,0,3,0,0,2,1.82,2,0,0,0,0,0,1,0.91,34,0,3,20,12,2,34,2,1,50.0,1,50.0,22,178,55,2,1,1,3,0,26,7,0,0,0,2,1,1,1,0,0,0,0,0,3,1,9,10.0,,,,,,,,,,,,,,,,,,,,,,,,,,,,,,,
353,2025/26,27,24.0,4,4,349.0,3.9,1,0,1,1,0,0,1,0,0.7,0.7,0.1,0.7,0.26,0.19,4,6,0,3,1,33.3,0.77,0.26,0.33,1.0,6.8,0,0,0,0.7,0.7,0.23,0.3,0.3,233,257,90.7,4620,1317,0,0.1,0.0,-0.1,1,8,0,0,6,243,14,2,0,0,1,0,0,0,0,0,233,3,3,1,2,0,2,100.0,0,5,2,3,3,6,16,0,3,0.77,3,0,0,0,0,0,0,0.0,296,41,174,110,13,6,296,4,1,25.0,2,50.0,158,815,363,4,2,0,2,0,211,0,1,0,0,4,2,0,1,3,3,0,0,0,15,7,7,50.0,,,,,,,,,,,,,,,,,,,,,,,,,,,,,,,
354,2025/26,27,25.0,4,4,349.0,3.9,0,2,2,0,0,0,0,0,0.5,0.5,1.1,1.6,0.52,0.42,10,6,25,6,1,16.7,1.55,0.26,0.0,0.0,17.7,0,0,0,0.5,0.5,0.09,-0.5,-0.5,85,120,70.8,1483,411,2,1.1,0.9,0.9,9,8,5,4,6,100,19,2,0,2,29,4,13,12,0,0,85,8,5,3,4,1,5,40.0,3,2,0,2,0,8,0,0,16,4.13,7,6,1,1,1,0,3,0.77,167,0,17,58,97,15,167,30,13,43.3,15,50.0,91,712,241,10,4,2,16,7,107,25,0,0,0,3,6,2,29,0,5,0,0,0,14,4,4,50.0,,,,,,,,,,,,,,,,,,,,,,,,,,,,,,,
355,2025/26,27,23.0,4,4,345.0,3.8,1,1,2,1,0,0,0,0,0.3,0.3,0.4,0.8,0.52,0.2,3,12,14,3,2,66.7,0.78,0.52,0.33,0.5,6.2,0,0,0,0.3,0.3,0.1,0.7,0.7,121,148,81.8,1890,368,1,0.4,0.3,0.6,1,15,0,0,12,141,7,2,1,1,0,1,0,0,0,0,121,4,3,0,1,3,3,33.3,2,3,1,2,2,6,8,0,6,1.57,5,0,0,0,0,1,4,1.04,185,7,41,98,49,8,185,7,3,42.9,3,42.9,90,549,237,3,6,1,6,5,124,14,0,0,0,10,4,0,0,2,3,0,0,0,17,9,8,52.9,,,,,,,,,,,,,,,,,,,,,,,,,,,,,,,
356,2025/26,27,26.0,4,4,340.0,3.8,0,0,0,0,0,0,1,0,0.1,0.1,0.6,0.7,0.0,0.18,10,15,7,4,0,0.0,1.06,0.0,0.0,,25.0,1,0,0,0.1,0.1,0.03,-0.1,-0.1,150,216,69.4,2876,1211,0,0.6,0.8,-0.6,7,17,7,6,15,182,33,4,1,2,21,25,4,2,1,0,150,8,5,5,2,1,14,42.9,8,2,0,2,2,10,22,1,10,2.65,8,1,0,1,0,0,0,0.0,265,14,97,100,71,5,265,4,2,50.0,1,25.0,125,695,392,10,4,1,5,0,154,7,1,0,0,6,2,0,21,2,5,0,0,0,16,1,1,50.0,,,,,,,,,,,,,,,,,,,,,,,,,,,,,,,
357,2025/26,27,28.0,4,3,257.0,2.9,2,1,3,2,0,0,1,0,0.8,0.8,0.7,1.6,1.05,0.54,2,5,4,8,3,37.5,2.8,1.05,0.25,0.67,10.0,0,0,0,0.8,0.8,0.11,1.2,1.2,19,34,55.9,340,135,1,0.7,0.1,0.3,3,3,1,0,5,31,1,0,0,0,3,1,0,0,0,0,19,2,2,0,2,0,2,0.0,2,3,1,2,1,3,7,0,6,2.09,1,0,2,2,1,0,2,0.7,78,8,13,28,39,20,78,4,2,50.0,2,50.0,37,116,66,2,1,0,11,2,45,4,1,0,0,3,3,1,3,1,2,0,0,0,6,9,11,45.0,,,,,,,,,,,,,,,,,,,,,,,,,,,,,,,
358,2025/26,27,28.0,3,2,200.0,2.2,0,0,0,0,0,0,0,0,0.0,0.0,0.0,0.0,0.0,0.01,2,10,3,0,0,,0.0,0.0,,,,0,0,0,0.0,0.0,,0.0,0.0,102,118,86.4,1811,393,0,0.0,0.0,0.0,1,7,1,0,10,117,1,1,0,0,2,0,0,0,0,0,102,4,3,2,1,1,3,66.7,1,3,0,3,1,5,3,0,3,1.35,2,0,1,0,0,0,0,0.0,135,7,43,81,12,1,135,3,2,66.7,1,33.3,56,342,141,2,0,0,2,0,95,3,0,0,0,0,0,0,2,1,3,0,0,0,16,0,2,0.0,,,,,,,,,,,,,,,,,,,,,,,,,,,,,,,
359,2025/26,27,20.0,4,0,73.0,0.8,0,0,0,0,0,0,0,0,0.3,0.3,0.1,0.4,0.0,0.52,2,5,9,3,1,33.3,3.7,1.23,0.0,0.0,13.8,0,0,0,0.3,0.3,0.1,-0.3,-0.3,30,34,88.2,473,94,0,0.1,0.0,-0.1,1,0,3,0,5,34,0,0,0,0,1,0,0,0,0,0,30,1,1,1,0,0,0,,0,0,0,0,0,1,1,0,3,3.7,3,0,0,0,0,0,0,0.0,44,3,6,14,25,5,44,6,3,50.0,2,33.3,27,174,97,2,3,0,3,0,32,9,0,0,0,0,0,0,1,0,1,0,0,0,4,0,2,0.0,,,,,,,,,,,,,,,,,,,,,,,,,,,,,,,
360,2025/26,27,22.0,1,1,70.0,0.8,0,1,1,0,0,0,0,0,0.0,0.0,0.1,0.2,1.29,0.2,6,4,6,1,0,0.0,1.29,0.0,0.0,,24.6,0,0,0,0.0,0.0,0.03,0.0,0.0,29,40,72.5,513,65,1,0.1,0.1,0.9,1,1,0,0,4,32,8,3,0,0,7,1,4,4,0,0,29,1,1,1,0,0,1,100.0,0,2,0,2,0,1,0,0,1,1.29,0,1,0,0,0,0,1,1.29,48,0,5,19,24,0,48,1,1,100.0,0,0.0,26,254,169,6,4,0,2,0,32,6,0,0,0,0,1,0,7,0,1,0,0,0,2,1,1,50.0,,,,,,,,,,,,,,,,,,,,,,,,,,,,,,,
361,2025/26,31,27.0,2,2,180.0,2.0,0,0,0,0,0,0,0,0,0.0,0.0,0.1,0.1,0.0,0.06,5,6,14,0,0,,0.0,0.0,,,,0,0,0,0.0,0.0,,0.0,0.0,102,121,84.3,1434,514,0,0.1,0.1,-0.1,2,5,4,4,6,100,20,0,0,0,7,20,0,0,0,0,102,1,1,0,0,1,1,100.0,0,3,0,3,1,2,6,0,5,2.5,5,0,0,0,0,0,0,0.0,139,4,34,57,50,4,139,6,3,50.0,1,16.7,81,404,204,5,2,0,3,0,94,14,0,0,0,0,2,0,7,1,1,0,0,0,8,2,0,100.0,,,,,,,,,,,,,,,,,,,,,,,,,,,,,,,
362,2025/26,31,25.0,3,0,26.0,0.3,0,0,0,0,0,0,0,0,0.0,0.0,0.0,0.0,0.0,0.16,0,4,0,0,0,,0.0,0.0,,,,0,0,0,0.0,0.0,,0.0,0.0,17,22,77.3,345,56,0,0.0,0.1,0.0,1,3,0,0,4,14,8,2,0,0,5,1,5,3,0,0,17,3,2,2,1,0,3,100.0,0,1,1,0,0,3,1,0,1,3.46,0,1,0,0,0,0,0,0.0,28,1,6,9,14,0,28,0,0,,0,,9,35,14,0,2,0,0,0,8,0,0,0,0,0,0,0,5,0,2,0,0,0,2,0,1,0.0,,,,,,,,,,,,,,,,,,,,,,,,,,,,,,,
363,2025/26,31,33.0,4,0,115.0,1.3,1,0,1,1,0,0,0,0,1.1,1.1,0.0,1.1,0.78,0.89,1,1,5,6,4,66.7,4.7,3.13,0.17,0.25,12.0,0,0,0,1.1,1.1,0.18,-0.1,-0.1,10,17,58.8,138,39,0,0.0,0.0,0.0,1,1,0,0,1,17,0,0,0,0,1,0,0,0,0,0,10,0,0,0,0,0,0,,0,0,0,0,1,1,0,0,5,3.91,1,0,2,1,1,0,0,0.0,34,0,4,12,18,9,34,7,4,57.1,1,14.3,21,100,26,1,0,0,4,2,29,5,0,0,0,2,3,1,1,1,0,0,0,0,3,2,3,40.0,,,,,,,,,,,,,,,,,,,,,,,,,,,,,,,
364,2025/26,31,23.0,2,1,69.0,0.8,0,1,1,0,0,0,0,0,0.0,0.0,0.1,0.1,1.3,0.09,2,3,6,0,0,,0.0,0.0,,,,0,0,0,0.0,0.0,,0.0,0.0,15,17,88.2,217,82,1,0.1,0.0,0.9,1,0,0,0,3,17,0,0,0,0,0,0,0,0,0,0,15,2,1,0,1,1,3,33.3,2,1,1,0,0,2,3,0,5,6.52,4,0,0,0,1,0,3,3.91,28,3,8,11,12,1,28,5,2,40.0,2,40.0,17,155,86,2,1,1,0,0,18,6,0,0,0,0,3,0,0,0,1,1,0,0,4,0,1,0.0,,,,,,,,,,,,,,,,,,,,,,,,,,,,,,,
365,2025/26,31,20.0,4,4,360.0,4.0,0,2,2,0,0,0,0,0,0.2,0.2,0.5,0.7,0.5,0.18,6,7,19,4,1,25.0,1.0,0.25,0.0,0.0,23.3,0,0,0,0.2,0.2,0.04,-0.2,-0.2,112,148,75.7,1630,565,2,0.5,0.2,1.5,4,5,5,3,7,119,29,0,1,0,12,28,1,0,1,0,112,4,2,3,1,0,4,75.0,1,2,1,1,0,4,19,1,5,1.25,5,0,0,0,0,0,2,0.5,195,17,73,61,61,5,195,9,2,22.2,7,77.8,80,393,193,6,6,1,7,3,105,19,0,0,0,3,2,0,12,0,2,0,0,0,12,5,4,55.6,,,,,,,,,,,,,,,,,,,,,,,,,,,,,,,
366,2025/26,31,22.0,1,0,45.0,0.5,0,0,0,0,0,0,0,0,0.0,0.0,0.0,0.0,0.0,0.0,0,0,0,0,0,,0.0,0.0,,,,0,0,0,0.0,0.0,,0.0,0.0,24,31,77.4,330,140,0,0.0,0.0,0.0,0,0,0,0,0,29,2,1,0,0,0,1,0,0,0,0,24,1,0,0,1,0,1,100.0,0,0,0,0,0,1,1,0,0,0.0,0,0,0,0,0,0,0,0.0,35,1,10,21,4,1,35,1,0,0.0,1,100.0,21,95,38,0,1,0,0,2,25,0,0,0,0,0,0,0,0,0,0,0,0,0,2,1,0,100.0,,,,,,,,,,,,,,,,,,,,,,,,,,,,,,,
367,2025/26,31,31.0,1,1,70.0,0.8,0,0,0,0,0,0,0,0,0.0,0.0,0.0,0.0,0.0,0.03,0,4,3,1,0,0.0,1.29,0.0,0.0,,23.7,0,0,0,0.0,0.0,0.03,0.0,0.0,28,34,82.4,419,106,0,0.0,0.0,0.0,0,2,1,0,4,34,0,0,0,1,2,0,0,0,0,0,28,0,0,0,0,0,1,0.0,1,3,0,3,0,0,1,0,1,1.29,1,0,0,0,0,0,0,0.0,42,1,9,23,10,0,42,0,0,,0,,14,50,5,0,0,0,0,0,23,3,0,0,0,0,0,0,2,0,0,0,0,0,4,1,0,100.0,,,,,,,,,,,,,,,,,,,,,,,,,,,,,,,
368,2025/26,31,30.0,4,4,323.0,3.6,0,0,0,0,0,0,0,0,0.1,0.1,0.7,0.8,0.0,0.23,1,11,6,1,0,0.0,0.28,0.0,0.0,,23.1,1,0,0,0.1,0.1,0.11,-0.1,-0.1,143,165,86.7,2416,754,0,0.7,0.7,-0.7,10,14,3,1,11,140,25,10,0,2,18,2,12,6,5,0,143,3,1,1,2,0,3,33.3,2,5,1,4,4,7,2,0,16,4.46,6,8,0,1,1,0,0,0.0,185,7,39,105,42,1,185,2,0,0.0,1,50.0,77,406,143,1,2,0,2,0,114,6,0,0,0,1,2,0,18,4,1,0,0,0,8,3,2,60.0,,,,,,,,,,,,,,,,,,,,,,,,,,,,,,,
369,2025/26,31,28.0,4,4,360.0,4.0,1,0,1,1,0,0,0,0,0.5,0.5,0.8,1.3,0.25,0.33,14,8,32,10,5,50.0,2.5,1.25,0.1,0.2,18.1,0,0,0,0.5,0.5,0.05,0.5,0.5,79,103,76.7,1079,191,0,0.8,0.2,-0.8,3,2,4,1,8,85,17,0,1,0,9,1,3,3,0,0,79,5,2,1,3,1,5,40.0,3,1,0,1,2,7,4,0,15,3.75,8,0,4,2,1,0,0,0.0,157,2,13,58,89,14,157,19,7,36.8,9,47.4,91,699,340,14,10,5,14,6,114,32,0,0,0,1,8,1,9,2,2,0,0,0,15,2,4,33.3,,,,,,,,,,,,,,,,,,,,,,,,,,,,,,,
370,2025/26,31,25.0,2,2,126.0,1.4,0,0,0,0,0,0,0,0,0.0,0.0,0.0,0.0,0.0,0.0,2,7,1,0,0,,0.0,0.0,,,,0,0,0,0.0,0.0,,0.0,0.0,80,88,90.9,1467,498,0,0.0,0.0,0.0,0,8,0,0,7,86,2,2,0,0,2,0,0,0,0,0,80,3,1,1,2,0,2,50.0,1,1,0,1,3,6,6,0,1,0.71,1,0,0,0,0,0,0,0.0,102,4,36,55,12,0,102,1,0,0.0,0,0.0,61,412,262,2,4,0,1,0,75,1,0,0,0,0,1,1,2,3,1,0,0,0,2,0,3,0.0,,,,,,,,,,,,,,,,,,,,,,,,,,,,,,,
371,2025/26,31,27.0,2,2,180.0,2.0,0,0,0,0,0,0,0,0,0.1,0.1,0.0,0.1,0.0,0.03,1,7,0,1,0,0.0,0.5,0.0,0.0,,9.6,0,0,0,0.1,0.1,0.06,-0.1,-0.1,86,99,86.9,1658,757,0,0.0,0.0,0.0,0,7,0,0,7,98,1,1,0,2,0,0,0,0,0,0,86,0,0,0,0,0,0,,0,1,1,0,3,3,13,0,0,0.0,0,0,0,0,0,0,0,0.0,119,15,73,45,2,1,119,0,0,,0,,77,552,379,1,0,0,0,0,81,0,0,0,0,2,0,0,0,3,0,0,0,0,4,6,2,75.0,,,,,,,,,,,,,,,,,,,,,,,,,,,,,,,
372,2025/26,31,28.0,3,2,201.0,2.2,0,0,0,0,0,0,0,0,0.0,0.0,0.0,0.1,0.0,0.03,4,5,7,1,0,0.0,0.45,0.0,0.0,,7.8,0,0,0,0.0,0.0,0.04,0.0,0.0,87,99,87.9,1258,465,0,0.0,0.0,0.0,1,6,0,0,5,79,20,2,0,0,3,18,0,0,0,0,87,5,5,4,1,0,5,60.0,2,4,0,4,0,5,8,0,3,1.34,2,0,1,0,0,0,0,0.0,126,12,49,46,32,1,126,6,3,50.0,1,16.7,69,341,161,4,2,0,0,5,73,7,0,0,0,0,4,0,3,0,5,0,0,0,11,0,2,0.0,,,,,,,,,,,,,,,,,,,,,,,,,,,,,,,
373,2025/26,31,28.0,4,4,337.0,3.7,2,0,2,1,1,1,0,0,1.4,0.6,0.1,0.8,0.27,0.41,2,26,13,5,3,60.0,1.34,0.8,0.2,0.33,19.8,0,1,1,1.4,0.6,0.13,0.6,0.4,152,194,78.4,2366,625,0,0.1,0.2,-0.1,4,19,4,0,26,181,11,7,0,2,3,2,1,0,1,0,152,8,5,2,4,2,2,50.0,1,6,2,4,0,8,6,0,8,2.14,8,0,0,0,0,0,0,0.0,249,4,43,141,69,7,248,14,3,21.4,10,71.4,127,567,224,2,5,1,5,4,180,13,0,0,0,6,6,0,3,0,5,0,0,0,19,11,12,47.8,,,,,,,,,,,,,,,,,,,,,,,,,,,,,,,
374,2025/26,31,19.0,1,0,30.0,0.3,0,0,0,0,0,0,0,0,0.0,0.0,0.0,0.0,0.0,0.0,0,0,1,0,0,,0.0,0.0,,,,0,0,0,0.0,0.0,,0.0,0.0,4,4,100.0,53,42,0,0.0,0.0,0.0,0,0,0,0,0,4,0,0,0,0,0,0,0,0,0,0,4,0,0,0,0,0,0,,0,0,0,0,0,0,1,0,0,0.0,0,0,0,0,0,0,0,0.0,7,2,6,1,0,0,7,0,0,,0,,5,16,7,0,0,0,1,1,4,1,0,0,0,0,0,0,0,0,0,0,0,0,2,0,0,,,,,,,,,,,,,,,,,,,,,,,,,,,,,,,,
375,2025/26,31,25.0,4,4,360.0,4.0,0,0,0,0,0,0,0,0,0.0,0.0,0.0,0.0,0.0,0.0,0,0,0,0,0,,0.0,0.0,,,,0,0,0,0.0,0.0,,0.0,0.0,104,157,66.2,2719,1891,0,0.0,0.0,0.0,0,6,0,0,0,130,27,11,0,0,0,0,0,0,0,0,104,0,0,0,0,0,0,,0,0,0,0,0,0,3,1,0,0.0,0,0,0,0,0,0,0,0.0,163,122,162,1,0,0,163,0,0,,0,,110,565,258,0,0,0,0,0,99,0,0,0,0,0,0,0,0,0,0,0,0,0,6,3,0,100.0,11.0,2.75,20.0,9.0,45.0,1.0,0.0,3.0,1.0,25.0,0.0,0.0,0.0,0.0,9.3,0.46,-1.7,-0.43,19.0,72.0,26.4,141.0,19.0,41.1,33.9,72.0,5.0,6.9,1.0,0.25,8.8
376,2025/26,31,21.0,2,2,141.0,1.6,0,0,0,0,0,0,0,0,0.0,0.0,0.5,0.5,0.0,0.34,3,7,2,0,0,,0.0,0.0,,,,0,0,0,0.0,0.0,,0.0,0.0,40,48,83.3,637,139,0,0.5,0.3,-0.5,4,2,2,0,7,45,3,1,1,0,3,1,1,0,1,0,40,5,4,3,2,0,6,33.3,4,1,0,1,1,6,0,0,4,2.55,4,0,0,0,0,0,0,0.0,60,1,12,28,20,4,60,1,0,0.0,0,0.0,36,163,66,3,1,1,2,1,41,2,0,0,0,3,3,0,3,1,4,0,0,0,8,0,0,,,,,,,,,,,,,,,,,,,,,,,,,,,,,,,,
377,2025/26,31,28.0,4,4,360.0,4.0,0,0,0,0,0,0,1,0,0.4,0.4,0.0,0.4,0.0,0.11,0,10,1,2,0,0.0,0.5,0.0,0.0,,4.5,0,0,0,0.4,0.4,0.2,-0.4,-0.4,174,189,92.1,3356,838,0,0.0,0.0,0.0,1,10,1,1,10,173,16,3,0,1,1,0,0,0,0,0,174,4,3,3,1,0,4,75.0,1,2,1,1,3,7,25,0,3,0.75,3,0,0,0,0,0,0,0.0,229,50,135,88,6,2,229,2,1,50.0,1,50.0,131,859,553,0,1,0,1,0,145,1,1,0,0,5,0,0,1,3,3,0,0,0,11,9,4,69.2,,,,,,,,,,,,,,,,,,,,,,,,,,,,,,,
378,2025/26,31,29.0,2,2,180.0,2.0,0,0,0,0,0,0,0,0,0.1,0.1,0.0,0.1,0.0,0.05,2,9,0,2,0,0.0,1.0,0.0,0.0,,9.9,0,0,0,0.1,0.1,0.05,-0.1,-0.1,106,119,89.1,1731,663,0,0.0,0.0,0.0,0,12,0,0,9,113,6,2,0,3,2,2,0,0,0,0,106,1,0,1,0,0,0,,0,4,2,2,1,2,11,0,2,1.0,2,0,0,0,0,0,0,0.0,143,14,62,72,9,2,143,1,1,100.0,0,0.0,71,405,222,2,2,0,1,0,93,0,0,0,0,0,1,0,2,1,0,0,0,0,8,4,3,57.1,,,,,,,,,,,,,,,,,,,,,,,,,,,,,,,
379,2025/26,31,32.0,3,3,198.0,2.2,0,0,0,0,0,0,0,0,0.3,0.3,0.2,0.5,0.0,0.21,0,2,6,5,2,40.0,2.27,0.91,0.0,0.0,10.0,0,0,0,0.3,0.3,0.06,-0.3,-0.3,28,46,60.9,356,49,0,0.2,0.1,-0.2,2,0,2,0,2,46,0,0,0,1,0,0,0,0,0,0,28,1,0,1,0,0,2,50.0,1,1,1,0,0,1,1,0,2,0.91,2,0,0,0,0,0,0,0.0,65,2,7,32,27,11,65,0,0,,0,,31,83,21,0,2,0,5,6,56,6,0,0,0,5,0,0,0,0,0,0,0,0,2,8,13,38.1,,,,,,,,,,,,,,,,,,,,,,,,,,,,,,,
380,2025/26,31,21.0,1,0,30.0,0.3,0,0,0,0,0,0,0,0,0.0,0.0,0.0,0.0,0.0,0.0,0,0,1,0,0,,0.0,0.0,,,,0,0,0,0.0,0.0,,0.0,0.0,12,13,92.3,202,53,0,0.0,0.0,0.0,0,0,0,0,0,13,0,0,0,1,0,0,0,0,0,0,12,2,2,2,0,0,2,50.0,1,2,1,1,0,2,0,0,0,0.0,0,0,0,0,0,0,0,0.0,19,1,13,6,0,0,19,1,0,0.0,1,100.0,8,39,8,0,0,0,0,0,10,1,0,0,0,0,0,0,0,0,2,0,0,0,0,0,0,,,,,,,,,,,,,,,,,,,,,,,,,,,,,,,,
381,2025/26,31,30.0,4,3,232.0,2.6,0,0,0,0,0,0,0,1,0.2,0.2,0.0,0.2,0.0,0.07,1,4,2,4,3,75.0,1.55,1.16,0.0,0.0,12.7,0,0,0,0.2,0.2,0.04,-0.2,-0.2,70,91,76.9,945,258,0,0.0,0.0,0.0,0,5,0,0,4,90,1,1,0,1,1,0,0,0,0,0,70,4,2,3,1,0,3,33.3,2,2,0,2,3,7,13,0,1,0.39,1,0,0,0,0,0,1,0.39,127,12,43,63,21,5,127,3,0,0.0,3,100.0,52,166,73,1,1,0,3,0,68,2,0,1,0,3,1,1,1,3,2,0,0,0,7,8,3,72.7,,,,,,,,,,,,,,,,,,,,,,,,,,,,,,,
382,2025/26,32,24.0,4,3,244.0,2.7,0,0,0,0,0,0,1,0,0.0,0.0,0.0,0.0,0.0,0.0,1,10,2,0,0,,0.0,0.0,,,,0,0,0,0.0,0.0,,0.0,0.0,95,105,90.5,1678,451,0,0.0,0.0,0.0,0,9,0,0,10,104,0,0,0,2,0,0,0,0,0,0,95,8,4,3,3,2,9,44.4,5,4,2,2,3,11,2,2,2,0.74,1,0,0,0,1,0,0,0.0,129,9,34,89,9,0,129,3,2,66.7,0,0.0,67,318,128,1,2,0,2,4,82,2,1,0,0,4,6,0,0,3,4,0,0,0,21,0,2,0.0,,,,,,,,,,,,,,,,,,,,,,,,,,,,,,,
383,2025/26,32,23.0,3,2,131.0,1.5,0,1,1,0,0,0,0,0,0.0,0.0,0.3,0.3,0.69,0.18,3,2,7,0,0,,0.0,0.0,,,,0,0,0,0.0,0.0,,0.0,0.0,26,50,52.0,422,223,1,0.3,0.1,0.7,1,2,1,1,2,36,14,0,0,0,7,12,2,2,0,0,26,2,2,1,1,0,1,100.0,0,0,0,0,0,2,4,0,2,1.36,2,0,0,0,0,0,1,0.68,59,3,21,24,17,2,59,1,1,100.0,0,0.0,21,120,57,3,3,0,1,1,29,7,0,0,0,0,1,0,7,0,2,0,0,0,4,1,1,50.0,,,,,,,,,,,,,,,,,,,,,,,,,,,,,,,
384,2025/26,32,28.0,4,4,360.0,4.0,0,0,0,0,0,0,0,0,0.2,0.2,0.0,0.3,0.0,0.07,1,11,1,3,0,0.0,0.75,0.0,0.0,,21.3,1,0,0,0.2,0.2,0.08,-0.2,-0.2,189,232,81.5,4367,1808,0,0.0,0.1,0.0,1,19,2,0,11,219,12,8,1,2,1,3,0,0,0,0,189,6,4,4,2,0,5,80.0,1,10,9,1,4,10,23,1,3,0.75,3,0,0,0,0,0,0,0.0,281,46,151,120,12,2,281,0,0,,0,,162,805,351,1,4,0,5,1,189,1,0,0,0,3,1,0,1,4,4,0,0,0,16,8,6,57.1,,,,,,,,,,,,,,,,,,,,,,,,,,,,,,,
385,2025/26,32,21.0,3,0,60.0,0.7,0,0,0,0,0,0,0,0,0.1,0.1,0.0,0.2,0.0,0.23,4,8,4,3,1,33.3,4.5,1.5,0.0,0.0,19.2,0,0,0,0.1,0.1,0.04,-0.1,-0.1,27,34,79.4,475,100,0,0.0,0.1,0.0,1,4,4,0,8,32,2,0,2,0,0,1,1,0,0,0,27,0,0,0,0,0,1,0.0,1,1,0,1,0,0,0,0,3,4.5,3,0,0,0,0,0,0,0.0,43,1,3,19,21,2,43,2,1,50.0,1,50.0,25,191,116,4,1,1,2,0,33,4,0,0,0,2,0,0,0,0,0,0,0,0,1,0,0,,,,,,,,,,,,,,,,,,,,,,,,,,,,,,,,
386,2025/26,32,22.0,4,2,229.0,2.5,0,0,0,0,0,0,1,0,0.1,0.1,0.3,0.4,0.0,0.14,11,4,15,1,0,0.0,0.39,0.0,0.0,,19.5,0,0,0,0.1,0.1,0.06,-0.1,-0.1,87,118,73.7,1558,296,0,0.3,0.2,-0.3,5,3,5,5,4,87,31,6,0,0,16,24,1,1,0,0,87,12,7,8,3,1,11,63.6,4,2,0,2,5,17,8,0,6,2.37,5,0,1,0,0,0,0,0.0,170,2,50,67,56,15,170,12,4,33.3,7,58.3,77,537,268,11,6,4,10,2,84,15,1,0,0,4,1,0,16,5,7,0,0,0,11,2,3,40.0,,,,,,,,,,,,,,,,,,,,,,,,,,,,,,,
387,2025/26,32,29.0,4,2,173.0,1.9,1,0,1,1,0,0,0,0,0.6,0.6,0.0,0.6,0.52,0.31,1,0,5,3,2,66.7,1.56,1.04,0.33,0.5,11.8,0,0,0,0.6,0.6,0.19,0.4,0.4,18,40,45.0,298,54,0,0.0,0.0,0.0,1,1,0,0,0,31,9,0,0,1,5,3,3,3,0,0,18,1,0,0,0,1,1,0.0,1,1,0,1,1,2,1,0,3,1.56,2,1,0,0,0,0,0,0.0,56,1,6,25,25,5,56,2,0,0.0,2,100.0,21,93,17,1,0,0,4,0,32,5,0,0,0,2,1,2,5,1,0,0,0,0,1,0,1,0.0,,,,,,,,,,,,,,,,,,,,,,,,,,,,,,,
388,2025/26,32,24.0,3,1,133.0,1.5,0,0,0,0,0,0,0,0,0.0,0.0,0.0,0.0,0.0,0.01,0,1,14,0,0,,0.0,0.0,,,,0,0,0,0.0,0.0,,0.0,0.0,52,73,71.2,874,202,0,0.0,0.0,0.0,1,2,2,2,1,61,12,0,0,0,6,12,0,0,0,0,52,1,0,1,0,0,2,50.0,1,3,1,2,2,3,3,0,2,1.36,2,0,0,0,0,0,0,0.0,88,5,17,44,27,4,88,1,0,0.0,1,100.0,43,130,36,0,2,0,4,0,52,14,0,0,0,0,0,1,6,2,0,0,0,0,7,2,4,33.3,,,,,,,,,,,,,,,,,,,,,,,,,,,,,,,
389,2025/26,32,27.0,4,2,169.0,1.9,0,0,0,0,0,0,0,0,0.1,0.1,0.1,0.3,0.0,0.14,4,13,3,5,1,20.0,2.66,0.53,0.0,0.0,25.2,1,0,0,0.1,0.1,0.03,-0.1,-0.1,56,71,78.9,1102,253,0,0.1,0.1,-0.1,2,2,5,0,13,62,8,2,2,1,6,0,3,3,0,0,56,4,3,3,1,0,1,100.0,0,2,0,2,1,5,3,1,5,2.66,1,2,0,1,1,0,0,0.0,94,2,14,50,31,2,94,3,0,0.0,2,66.7,53,343,166,4,3,0,4,3,64,3,0,0,0,2,5,0,6,1,3,0,0,0,3,0,2,0.0,,,,,,,,,,,,,,,,,,,,,,,,,,,,,,,
390,2025/26,32,27.0,4,2,161.0,1.8,0,0,0,0,0,0,0,0,0.2,0.2,0.1,0.3,0.0,0.15,3,6,4,3,1,33.3,1.68,0.56,0.0,0.0,17.2,0,0,0,0.2,0.2,0.07,-0.2,-0.2,37,45,82.2,632,129,0,0.1,0.0,-0.1,1,3,2,0,6,35,10,0,0,1,6,1,3,3,0,0,37,10,5,6,4,0,5,60.0,2,2,0,2,2,12,1,0,5,2.8,2,1,1,0,0,1,0,0.0,72,2,15,27,32,7,72,2,1,50.0,1,50.0,30,212,96,3,3,1,5,3,28,4,0,0,0,4,0,0,6,2,5,0,0,0,6,0,3,0.0,,,,,,,,,,,,,,,,,,,,,,,,,,,,,,,
391,2025/26,32,32.0,3,3,270.0,3.0,0,0,0,0,0,0,0,0,0.0,0.0,0.1,0.1,0.0,0.02,0,0,0,0,0,,0.0,0.0,,,,0,0,0,0.0,0.0,,0.0,0.0,66,99,66.7,2001,1515,0,0.1,0.0,-0.1,1,3,1,0,0,75,24,6,0,0,0,0,0,0,0,0,66,0,0,0,0,0,0,,0,0,0,0,0,0,1,0,3,1.0,1,2,0,0,0,0,0,0.0,104,85,103,1,0,0,104,0,0,,0,,69,355,236,0,0,0,0,0,49,0,0,0,0,0,0,0,0,0,0,0,0,0,8,2,0,100.0,8.0,2.67,12.0,4.0,33.3,0.0,0.0,3.0,0.0,0.0,0.0,0.0,0.0,0.0,5.8,0.48,-2.2,-0.74,17.0,45.0,37.8,81.0,12.0,42.0,37.4,39.0,4.0,10.3,2.0,0.67,12.4
392,2025/26,32,24.0,4,4,360.0,4.0,0,0,0,0,0,0,2,0,0.0,0.0,0.1,0.2,0.0,0.04,2,21,4,1,0,0.0,0.25,0.0,0.0,,35.8,0,0,0,0.0,0.0,0.01,0.0,0.0,169,198,85.4,2787,651,0,0.1,0.2,-0.1,3,20,6,1,21,192,6,1,0,3,2,5,0,0,0,0,169,10,8,4,6,0,18,38.9,11,5,1,4,4,14,9,0,9,2.25,8,0,0,0,0,1,0,0.0,236,9,49,142,50,4,236,5,4,80.0,1,20.0,126,709,269,2,5,0,8,3,152,4,2,0,0,11,10,0,2,4,8,0,0,0,21,5,4,55.6,,,,,,,,,,,,,,,,,,,,,,,,,,,,,,,
393,2025/26,32,25.0,2,2,158.0,1.8,0,0,0,0,0,0,0,0,0.5,0.5,0.0,0.5,0.0,0.28,0,1,9,5,3,60.0,2.85,1.71,0.0,0.0,12.9,0,0,0,0.5,0.5,0.1,-0.5,-0.5,26,38,68.4,368,53,0,0.0,0.0,0.0,0,4,0,0,1,37,1,0,0,0,0,0,0,0,0,0,26,1,1,0,1,0,1,0.0,1,2,1,1,0,1,3,0,0,0.0,0,0,0,0,0,0,0,0.0,54,3,6,27,21,8,54,1,1,100.0,0,0.0,35,119,36,0,1,0,4,4,48,9,0,0,0,5,1,1,0,0,1,0,0,0,1,6,5,54.5,,,,,,,,,,,,,,,,,,,,,,,,,,,,,,,
394,2025/26,32,23.0,2,2,106.0,1.2,0,0,0,0,0,0,0,0,0.0,0.0,0.2,0.2,0.0,0.21,1,2,9,0,0,,0.0,0.0,,,,0,0,0,0.0,0.0,,0.0,0.0,29,47,61.7,624,184,0,0.2,0.2,-0.2,2,2,3,2,2,35,11,0,0,2,6,11,0,0,0,0,29,2,2,1,1,0,2,50.0,1,0,0,0,1,3,7,0,2,1.7,2,0,0,0,0,0,0,0.0,59,10,13,22,24,1,59,1,0,0.0,1,100.0,29,95,27,1,1,1,1,2,31,9,0,0,0,0,0,0,6,1,2,0,0,0,2,0,1,0.0,,,,,,,,,,,,,,,,,,,,,,,,,,,,,,,
395,2025/26,32,26.0,1,1,90.0,1.0,0,0,0,0,0,0,1,0,0.0,0.0,0.1,0.1,0.0,0.06,0,2,0,0,0,,0.0,0.0,,,,0,0,0,0.0,0.0,,0.0,0.0,27,33,81.8,504,121,0,0.1,0.2,-0.1,1,2,0,0,2,31,2,2,1,1,1,0,0,0,0,0,27,1,1,0,0,1,1,100.0,0,2,0,2,0,1,3,0,1,1.0,1,0,0,0,0,0,0,0.0,39,4,12,24,3,0,39,0,0,,0,,18,49,17,0,0,0,0,0,21,0,1,0,0,2,2,0,1,0,1,0,0,0,3,0,1,0.0,,,,,,,,,,,,,,,,,,,,,,,,,,,,,,,
396,2025/26,32,29.0,4,3,295.0,3.3,0,1,1,0,0,0,1,0,0.1,0.1,0.4,0.6,0.31,0.18,2,6,7,3,0,0.0,0.92,0.0,0.0,,14.3,0,0,0,0.1,0.1,0.05,-0.1,-0.1,35,60,58.3,547,180,1,0.4,0.1,0.6,2,2,2,2,6,60,0,0,0,0,3,0,0,0,0,0,35,5,3,2,2,1,8,37.5,5,2,0,2,0,5,3,0,5,1.53,5,0,0,0,0,0,2,0.61,84,4,12,44,29,6,84,3,3,100.0,0,0.0,40,196,99,2,2,0,3,4,51,7,1,0,0,6,2,4,3,0,3,0,0,0,6,6,7,46.2,,,,,,,,,,,,,,,,,,,,,,,,,,,,,,,
397,2025/26,32,33.0,2,2,180.0,2.0,0,0,0,0,0,0,2,0,0.0,0.0,0.0,0.0,0.0,0.0,0,5,0,0,0,,0.0,0.0,,,,0,0,0,0.0,0.0,,0.0,0.0,71,83,85.5,1473,561,0,0.0,0.0,0.0,0,5,0,0,5,72,9,3,0,0,2,6,0,0,0,0,71,6,3,4,2,0,3,66.7,1,2,1,1,2,8,6,0,2,1.0,2,0,0,0,0,0,0,0.0,104,12,45,44,15,0,104,0,0,,0,,46,141,55,0,0,0,1,1,56,0,2,0,0,6,2,0,2,2,3,0,0,0,8,5,2,71.4,,,,,,,,,,,,,,,,,,,,,,,,,,,,,,,
398,2025/26,32,22.0,3,1,121.0,1.3,1,0,1,1,0,0,0,0,0.6,0.6,0.0,0.6,0.74,0.47,2,1,10,6,2,33.3,4.46,1.49,0.17,0.5,14.8,0,0,0,0.6,0.6,0.11,0.4,0.4,30,39,76.9,530,50,0,0.0,0.0,0.0,0,1,0,0,1,32,7,0,0,0,2,7,0,0,0,0,30,4,3,1,2,1,2,50.0,1,1,0,1,2,6,4,0,4,2.95,1,0,2,1,0,0,0,0.0,65,3,17,20,29,9,65,4,2,50.0,2,50.0,32,171,79,2,3,1,5,1,36,10,0,0,0,2,0,0,2,2,3,0,0,0,7,1,0,100.0,,,,,,,,,,,,,,,,,,,,,,,,,,,,,,,
399,2025/26,32,32.0,1,1,90.0,1.0,0,0,0,0,0,0,0,0,0.0,0.0,0.0,0.0,0.0,0.0,0,0,0,0,0,,0.0,0.0,,,,0,0,0,0.0,0.0,,0.0,0.0,23,45,51.1,704,534,0,0.0,0.0,0.0,0,1,0,0,0,35,10,2,0,0,0,0,0,0,0,0,23,0,0,0,0,0,0,,0,0,0,0,0,0,4,0,0,0.0,0,0,0,0,0,0,0,0.0,52,37,52,0,0,0,52,0,0,,0,,32,212,127,0,0,0,0,0,21,0,0,0,0,0,0,0,0,0,0,0,0,0,1,1,0,100.0,1.0,1.0,4.0,3.0,75.0,0.0,0.0,1.0,0.0,0.0,0.0,0.0,0.0,0.0,1.8,0.44,0.8,0.75,7.0,27.0,25.9,37.0,8.0,59.5,42.2,21.0,0.0,0.0,3.0,3.0,14.8
400,2025/26,32,26.0,2,1,125.0,1.4,0,0,0,0,0,0,0,0,0.0,0.0,0.0,0.0,0.0,0.02,0,4,1,0,0,,0.0,0.0,,,,0,0,0,0.0,0.0,,0.0,0.0,64,75,85.3,1238,412,0,0.0,0.0,0.0,1,1,1,1,4,70,4,3,1,0,3,1,0,0,0,0,64,4,2,2,2,0,4,75.0,1,2,1,1,4,8,5,0,3,2.16,2,0,0,0,1,0,1,0.72,92,7,35,48,10,1,92,0,0,,0,,41,162,44,0,0,0,0,1,57,1,0,0,0,3,1,0,3,4,2,0,0,0,4,4,3,57.1,,,,,,,,,,,,,,,,,,,,,,,,,,,,,,,
401,2025/26,32,28.0,1,0,15.0,0.2,0,0,0,0,0,0,0,0,0.0,0.0,0.0,0.0,0.0,0.0,0,0,2,0,0,,0.0,0.0,,,,0,0,0,0.0,0.0,,0.0,0.0,4,6,66.7,41,0,0,0.0,0.0,0.0,0,0,0,0,0,5,0,0,0,0,0,0,0,0,0,0,4,0,0,0,0,0,0,,0,0,0,0,1,1,0,0,0,0.0,0,0,0,0,0,0,0,0.0,10,0,0,6,4,1,10,1,0,0.0,1,100.0,3,6,0,0,0,0,0,1,6,2,0,0,0,0,0,0,0,1,0,0,0,0,1,2,1,66.7,,,,,,,,,,,,,,,,,,,,,,,,,,,,,,,
402,2025/26,32,24.0,1,1,65.0,0.7,0,0,0,0,0,0,0,0,0.0,0.0,0.0,0.0,0.0,0.0,1,0,3,0,0,,0.0,0.0,,,,0,0,0,0.0,0.0,,0.0,0.0,5,7,71.4,59,7,0,0.0,0.0,0.0,0,1,0,0,0,7,0,0,0,0,0,0,0,0,0,0,5,0,0,0,0,0,0,,0,0,0,0,1,1,3,0,0,0.0,0,0,0,0,0,0,0,0.0,18,3,4,7,7,1,18,0,0,,0,,8,50,15,1,0,1,3,1,11,3,0,0,0,2,2,0,0,1,0,0,0,0,0,4,6,40.0,,,,,,,,,,,,,,,,,,,,,,,,,,,,,,,
403,2025/26,32,26.0,4,4,318.0,3.5,0,0,0,0,0,0,1,1,0.0,0.0,0.0,0.1,0.0,0.02,3,6,1,2,1,50.0,0.57,0.28,0.0,0.0,8.8,0,0,0,0.0,0.0,0.02,0.0,0.0,199,239,83.3,3580,1156,0,0.0,0.0,0.0,2,15,0,0,6,226,13,9,0,0,2,4,0,0,0,0,199,7,4,7,0,0,6,83.3,1,1,1,0,3,10,15,0,2,0.57,2,0,0,0,0,0,0,0.0,274,22,137,126,12,3,274,4,2,50.0,2,50.0,168,773,379,3,2,0,3,2,190,1,1,1,0,3,2,0,2,3,4,0,0,0,20,5,8,38.5,,,,,,,,,,,,,,,,,,,,,,,,,,,,,,,
404,2025/26,32,24.0,1,1,65.0,0.7,0,0,0,0,0,0,0,0,0.0,0.0,0.0,0.0,0.0,0.0,1,0,0,0,0,,0.0,0.0,,,,0,0,0,0.0,0.0,,0.0,0.0,16,17,94.1,332,74,0,0.0,0.0,0.0,0,1,0,0,0,17,0,0,0,0,0,0,0,0,0,0,16,1,0,1,0,0,0,,0,2,1,1,3,4,1,0,0,0.0,0,0,0,0,0,0,0,0.0,28,7,14,15,0,0,28,2,0,0.0,1,50.0,19,87,38,1,0,0,0,0,17,0,0,0,0,0,1,0,0,3,0,0,0,0,2,1,2,33.3,,,,,,,,,,,,,,,,,,,,,,,,,,,,,,,
