player_id,player_name,season,valid_from_season,team_id,primary_position,age,matches_played,starts,minutes_played,minutes_per_90,goals,assists,goals_assists,non_pen_goals,xg,xag,npxg,npxg_xag,shots,shots_on_target,sot_pct,avg_shot_distance,goals_per_shot,goals_per_sot,goals_per_90,assists_per_90,xg_per_90,xag_per_90,npxg_per_90,g_a_per_90,shots_per_90,sot_per_90,sca,gca,sca_per_90,gca_per_90,sca_per_90_calc,gca_per_90_calc,key_passes,passes_into_box,prog_passes,prog_carries,prog_receptions,tackles,tackles_won,interceptions,clearances,blocks,errors_leading_to_shot,tackles_per_90,interceptions_per_90,yellows,reds,fouls_committed,fouls_drawn,touches,carries,carry_dist,progressive_carry_dist,dribbles_attempted,dribbles_completed,dribble_success_rate,miscontrols,dispossessed,performance_score
1,Ben White,2025/26,2026/27,1,DF,27.0,1,1,70.0,0.8,0,0,0,0,0.0,0.0,0.0,0.1,1,0,0.0,29.2,0.0,,0.0,0.0,0.0,0.0,0.0,0.0,1.25,0.0,2,0,2.57,0.0,2.5,0.0,1,0,4,1,0,2,1,1,4,2,0,2.5,1.25,0,0,2,0,38,13,53,25,1,1,100.0,0,0,0.38795379537953795
2,Bukayo Saka,2025/26,2026/27,1,FW,24.0,2,2,142.0,1.6,1,0,1,1,0.3,0.1,0.3,0.4,2,1,50.0,11.0,0.5,1.0,0.625,0.0,0.18749999999999997,0.0625,0.18749999999999997,0.625,1.25,0.625,4,0,2.54,0.0,2.5,0.0,3,1,2,5,15,3,2,0,0,1,0,1.875,0.0,0,0,0,1,62,41,329,182,10,3,30.0,4,2,0.5597359735973597
3,Cristhian Mosquera,2025/26,2026/27,1,DF,21.0,3,1,203.0,2.3,0,0,0,0,0.0,0.0,0.0,0.0,0,0,,,,,0.0,0.0,0.0,0.0,0.0,0.0,0.0,0.0,1,0,0.44,0.0,0.4347826086956522,0.0,0,0,5,2,0,8,6,2,7,3,0,3.4782608695652177,0.8695652173913044,0,0,0,0,168,112,602,337,1,0,0.0,1,0,0.49768976897689765
4,David Raya,2025/26,2026/27,1,GK,30.0,4,4,360.0,4.0,0,0,0,0,0.0,0.1,0.0,0.1,0,0,,,,,0.0,0.0,0.0,0.025,0.0,0.0,0.0,0.0,2,0,0.5,0.0,0.5,0.0,1,0,1,0,0,0,0,0,0,0,1,0.0,0.0,1,0,0,0,159,104,399,188,0,0,,0,0,0.30503300330033
5,Declan Rice,2025/26,2026/27,1,MF,26.0,4,3,285.0,3.2,0,1,1,0,0.1,0.5,0.1,0.7,4,0,0.0,26.1,0.0,,0.0,0.3125,0.03125,0.15625,0.03125,0.3125,1.25,0.0,7,2,2.21,0.63,2.1875,0.625,4,1,13,7,1,1,1,3,2,3,0,0.3125,0.9375,0,0,3,0,188,114,619,254,3,2,66.7,4,2,0.6726072607260726
6,Eberechi Eze,2025/26,2026/27,1,FW,27.0,2,1,99.0,1.1,0,1,1,0,0.1,0.5,0.1,0.5,2,0,0.0,19.7,0.0,,0.0,0.9090909090909091,0.09090909090909091,0.45454545454545453,0.09090909090909091,0.9090909090909091,1.8181818181818181,0.0,5,1,4.55,0.91,4.545454545454545,0.9090909090909091,1,1,4,5,10,0,0,0,0,1,0,0.0,0.0,0,0,0,2,50,33,306,191,8,4,50.0,3,0,0.5415841584158415
7,Ethan Nwaneri,2025/26,2026/27,1,MF,18.0,2,0,126.0,1.4,0,0,0,0,0.2,0.0,0.2,0.2,4,0,0.0,18.1,0.0,,0.0,0.0,0.14285714285714288,0.0,0.14285714285714288,0.0,2.857142857142857,0.0,4,1,2.86,0.71,2.857142857142857,0.7142857142857143,1,0,9,5,5,0,0,0,1,3,0,0.0,0.0,0,0,1,0,85,53,448,227,5,2,40.0,1,2,0.4900990099009901
8,Gabriel Magalhães,2025/26,2026/27,1,DF,27.0,4,4,360.0,4.0,0,0,0,0,0.3,0.0,0.3,0.3,4,0,0.0,17.2,0.0,,0.0,0.0,0.075,0.0,0.075,0.0,1.0,0.0,5,0,1.25,0.0,1.25,0.0,0,0,17,4,1,4,3,3,13,9,0,1.0,0.75,0,0,2,5,281,176,884,576,2,1,50.0,3,0,0.6313531353135313
9,Gabriel Martinelli,2025/26,2026/27,1,FW,24.0,3,2,141.0,1.6,0,0,0,0,0.0,0.0,0.0,0.1,1,1,100.0,16.6,0.0,0.0,0.0,0.0,0.0,0.0,0.0,0.0,0.625,0.625,1,0,0.64,0.0,0.625,0.0,1,0,3,4,4,2,2,0,0,1,0,1.25,0.0,0,0,0,2,33,17,202,129,1,0,0.0,5,1,0.3586633663366337
10,Jurriën Timber,2025/26,2026/27,1,DF,24.0,4,3,263.0,2.9,2,1,3,2,1.1,0.2,1.1,1.3,5,3,60.0,6.4,0.4,0.67,0.6896551724137931,0.3448275862068966,0.37931034482758624,0.06896551724137931,0.37931034482758624,1.0344827586206897,1.7241379310344829,1.0344827586206897,8,2,2.74,0.68,2.7586206896551726,0.6896551724137931,3,3,20,7,8,10,5,2,11,2,0,3.4482758620689657,0.6896551724137931,1,0,5,4,172,91,496,279,8,1,12.5,5,2,0.8382013201320132
11,Kai Havertz,2025/26,2026/27,1,FW,26.0,1,0,31.0,0.3,0,0,0,0,0.0,0.0,0.0,0.0,0,0,,,,,0.0,0.0,0.0,0.0,0.0,0.0,0.0,0.0,3,0,8.71,0.0,10.0,0.0,0,0,2,1,2,0,0,0,1,0,0,0.0,0.0,0,0,0,2,16,11,75,21,4,1,25.0,1,1,0.32211221122112216
12,Leandro Trossard,2025/26,2026/27,1,FW,30.0,2,0,50.0,0.6,0,1,1,0,0.1,0.1,0.1,0.2,1,0,0.0,9.2,0.0,,0.0,1.6666666666666667,0.16666666666666669,0.16666666666666669,0.16666666666666669,1.6666666666666667,1.6666666666666667,0.0,4,1,7.2,1.8,6.666666666666667,1.6666666666666667,2,3,1,1,4,0,0,0,0,1,0,0.0,0.0,0,0,0,0,25,18,95,19,3,1,33.3,0,1,0.4283003300330034
13,Martin Ødegaard,2025/26,2026/27,1,MF,26.0,4,3,165.0,1.8,0,0,0,0,0.1,0.1,0.1,0.3,4,1,25.0,21.7,0.0,0.0,0.0,0.0,0.05555555555555556,0.05555555555555556,0.05555555555555556,0.0,2.2222222222222223,0.5555555555555556,5,1,2.73,0.55,2.7777777777777777,0.5555555555555556,1,4,15,8,4,2,1,1,5,0,0,1.1111111111111112,0.5555555555555556,0,0,1,2,117,71,575,340,5,3,60.0,2,0,0.6237623762376237
14,Martín Zubimendi,2025/26,2026/27,1,MF,26.0,4,4,360.0,4.0,2,0,2,2,0.2,0.0,0.2,0.2,5,2,40.0,19.4,0.4,1.0,0.5,0.0,0.05,0.0,0.05,0.5,1.25,0.5,3,1,0.75,0.25,0.75,0.25,1,1,15,3,4,6,3,4,2,10,0,1.5,1.0,1,0,8,1,246,143,771,287,1,1,100.0,3,1,0.6724422442244224
15,Max Dowman,2025/26,2026/27,1,FW,15.0,2,0,29.0,0.3,0,0,0,0,0.1,0.0,0.1,0.1,3,0,0.0,17.3,0.0,,0.0,0.0,0.33333333333333337,0.0,0.33333333333333337,0.0,10.0,0.0,2,1,6.21,3.1,6.666666666666667,3.3333333333333335,0,0,0,4,6,2,2,0,0,1,0,6.666666666666667,0.0,0,0,0,2,19,13,169,71,7,1,14.3,1,2,0.42648514851485153
16,Mikel Merino,2025/26,2026/27,1,MF,29.0,3,2,167.0,1.9,0,0,0,0,0.1,0.1,0.1,0.2,1,1,100.0,4.5,0.0,0.0,0.0,0.0,0.052631578947368425,0.052631578947368425,0.052631578947368425,0.0,0.5263157894736842,0.5263157894736842,2,0,1.08,0.0,1.0526315789473684,0.0,1,2,6,3,5,3,1,1,1,2,0,1.5789473684210527,0.5263157894736842,0,0,3,2,79,50,237,111,2,1,50.0,2,1,0.4968646864686468
17,Myles Lewis-Skelly,2025/26,2026/27,1,DF,18.0,3,0,69.0,0.8,0,0,0,0,0.0,0.0,0.0,0.0,0,0,,,,,0.0,0.0,0.0,0.0,0.0,0.0,0.0,0.0,0,0,0.0,0.0,0.0,0.0,0,0,0,1,2,1,1,0,1,1,0,1.25,0.0,1,0,3,2,47,26,106,65,2,2,100.0,0,0,0.33011551155115515
18,Noni Madueke,2025/26,2026/27,1,FW,23.0,4,3,259.0,2.9,0,0,0,0,0.1,0.8,0.1,1.0,3,1,33.3,14.6,0.0,0.0,0.0,0.0,0.034482758620689655,0.27586206896551724,0.034482758620689655,0.0,1.0344827586206897,0.3448275862068966,13,2,4.5,0.69,4.482758620689656,0.6896551724137931,8,7,8,15,35,3,2,1,0,1,0,1.0344827586206897,0.3448275862068966,0,0,5,4,128,70,518,359,14,7,50.0,7,3,0.6816006600660067
19,Riccardo Calafiori,2025/26,2026/27,1,DF,23.0,4,4,291.0,3.2,1,2,3,1,1.4,0.5,1.4,1.9,7,1,14.3,13.1,0.14,1.0,0.3125,0.625,0.43749999999999994,0.15625,0.43749999999999994,0.9375,2.1875,0.3125,12,4,3.71,1.24,3.75,1.25,3,1,11,10,16,5,3,4,6,3,0,1.5625,1.25,2,0,5,2,174,85,535,354,3,2,66.7,3,1,0.8507425742574258
20,Viktor Gyökeres,2025/26,2026/27,1,FW,27.0,4,4,306.0,3.4,3,0,3,2,2.1,0.1,1.3,1.5,6,2,33.3,10.9,0.33,1.0,0.8823529411764706,0.0,0.6176470588235294,0.029411764705882356,0.3823529411764706,0.8823529411764706,1.7647058823529411,0.5882352941176471,6,1,1.76,0.29,1.7647058823529411,0.29411764705882354,3,1,2,1,19,1,1,0,5,1,0,0.29411764705882354,0.0,1,0,4,7,79,37,180,39,6,1,16.7,11,1,0.5888613861386139
21,William Saliba,2025/26,2026/27,1,DF,24.0,3,3,184.0,2.0,0,0,0,0,0.0,0.0,0.0,0.0,0,0,,,,,0.0,0.0,0.0,0.0,0.0,0.0,0.0,0.0,0,0,0.0,0.0,0.0,0.0,0,0,7,1,0,4,1,3,13,2,0,2.0,1.5,0,0,3,1,175,99,364,158,1,1,100.0,1,0,0.4672442244224422
22,Amadou Onana,2025/26,2026/27,2,MF,24.0,2,2,153.0,1.7,0,0,0,0,0.2,0.0,0.2,0.2,2,1,50.0,24.0,0.0,0.0,0.0,0.0,0.11764705882352942,0.0,0.11764705882352942,0.0,1.1764705882352942,0.5882352941176471,2,0,1.18,0.0,1.1764705882352942,0.0,0,0,8,2,1,4,2,5,2,2,0,2.3529411764705883,2.9411764705882355,1,0,1,3,95,63,289,103,2,2,100.0,1,1,0.5347359735973597
23,Boubacar Kamara,2025/26,2026/27,2,MF,25.0,2,2,105.0,1.2,0,0,0,0,0.1,0.0,0.1,0.1,1,1,100.0,11.4,0.0,0.0,0.0,0.0,0.08333333333333334,0.0,0.08333333333333334,0.0,0.8333333333333334,0.8333333333333334,1,0,0.86,0.0,0.8333333333333334,0.0,0,2,14,1,0,3,2,1,2,1,0,2.5,0.8333333333333334,1,0,1,3,60,33,162,101,3,1,33.3,3,0,0.4465346534653465
24,Bradley Paul Burrowes,2025/26,2026/27,2,DF,17.0,1,0,17.0,0.2,0,0,0,0,0.0,0.0,0.0,0.0,0,0,,,,,0.0,0.0,0.0,0.0,0.0,0.0,0.0,0.0,0,0,0.0,0.0,0.0,0.0,0,0,0,1,4,0,0,0,0,1,0,0.0,0.0,0,0,0,1,12,7,68,23,2,0,0.0,0,0,0.24719471947194724
25,Donyell Malen,2025/26,2026/27,2,FW,26.0,4,1,124.0,1.4,0,0,0,0,0.2,0.0,0.2,0.2,3,1,33.3,16.7,0.0,0.0,0.0,0.0,0.14285714285714288,0.0,0.14285714285714288,0.0,2.142857142857143,0.7142857142857143,2,0,1.45,0.0,1.4285714285714286,0.0,0,1,2,2,11,0,0,0,1,0,0,0.0,0.0,0,0,0,1,39,29,183,38,6,1,16.7,0,2,0.39133663366336635
26,Emi Buendía,2025/26,2026/27,2,MF,28.0,3,1,174.0,1.9,0,0,0,0,0.3,0.3,0.3,0.6,6,0,0.0,23.7,0.0,,0.0,0.0,0.15789473684210525,0.15789473684210525,0.15789473684210525,0.0,3.1578947368421053,0.0,10,0,5.17,0.0,5.2631578947368425,0.0,5,4,13,7,10,6,4,1,3,3,0,3.1578947368421053,0.5263157894736842,1,0,5,4,98,48,289,192,6,1,16.7,0,4,0.6588283828382838
27,Emiliano Martínez,2025/26,2026/27,2,GK,33.0,2,2,180.0,2.0,0,0,0,0,0.0,0.0,0.0,0.0,0,0,,,,,0.0,0.0,0.0,0.0,0.0,0.0,0.0,0.0,1,0,0.5,0.0,0.5,0.0,0,1,0,0,0,0,0,0,1,0,0,0.0,0.0,0,0,0,2,79,46,216,176,0,0,,0,0,0.2553630363036304
28,Evann Guessand,2025/26,2026/27,2,FW,24.0,3,1,106.0,1.2,0,0,0,0,0.1,0.0,0.1,0.1,1,1,100.0,16.0,0.0,0.0,0.0,0.0,0.08333333333333334,0.0,0.08333333333333334,0.0,0.8333333333333334,0.8333333333333334,3,0,2.55,0.0,2.5,0.0,0,2,3,3,5,6,3,0,0,1,0,5.0,0.0,0,0,3,2,47,26,198,85,6,1,16.7,4,7,0.4563531353135313
29,Ezri Konsa,2025/26,2026/27,2,DF,27.0,3,3,245.0,2.7,0,0,0,0,0.0,0.0,0.0,0.0,0,0,,,,,0.0,0.0,0.0,0.0,0.0,0.0,0.0,0.0,2,0,0.73,0.0,0.7407407407407407,0.0,1,1,10,1,1,1,1,1,9,3,0,0.37037037037037035,0.37037037037037035,0,1,2,4,203,126,645,375,2,0,0.0,4,0,0.4462046204620462
30,Harvey Elliott,2025/26,2026/27,2,MF,22.0,1,0,20.0,0.2,0,0,0,0,0.0,0.0,0.0,0.0,0,0,,,,,0.0,0.0,0.0,0.0,0.0,0.0,0.0,0.0,0,0,0.0,0.0,0.0,0.0,0,0,2,0,3,0,0,0,1,1,0,0.0,0.0,0,0,0,1,13,8,58,32,1,0,0.0,0,0,0.2575082508250825
31,Ian Maatsen,2025/26,2026/27,2,DF,23.0,2,1,114.0,1.3,0,0,0,0,0.1,0.2,0.1,0.3,2,0,0.0,19.0,0.0,,0.0,0.0,0.07692307692307693,0.15384615384615385,0.07692307692307693,0.0,1.5384615384615383,0.0,6,0,4.91,0.0,4.615384615384615,0.0,3,2,7,2,11,1,1,1,8,0,0,0.7692307692307692,0.7692307692307692,0,0,1,0,120,68,249,113,0,0,,1,1,0.5367161716171617
32,John McGinn,2025/26,2026/27,2,FW,30.0,4,4,319.0,3.5,0,0,0,0,0.0,0.7,0.0,0.7,1,1,100.0,21.8,0.0,0.0,0.0,0.0,0.0,0.19999999999999998,0.0,0.0,0.2857142857142857,0.2857142857142857,13,0,3.67,0.0,3.7142857142857144,0.0,5,6,15,4,14,2,2,3,1,3,0,0.5714285714285714,0.8571428571428571,0,0,7,5,176,110,614,198,11,4,36.4,7,6,0.6413366336633662
33,Lamare Bogarde,2025/26,2026/27,2,MF,21.0,3,1,102.0,1.1,0,0,0,0,0.0,0.0,0.0,0.0,0,0,,,,,0.0,0.0,0.0,0.0,0.0,0.0,0.0,0.0,1,0,0.85,0.0,0.9090909090909091,0.0,0,1,1,2,0,3,3,0,3,2,1,2.727272727272727,0.0,1,0,2,4,69,49,252,122,2,0,0.0,1,1,0.3745049504950495
34,Lucas Digne,2025/26,2026/27,2,DF,32.0,4,3,251.0,2.8,0,0,0,0,0.1,0.0,0.1,0.1,2,0,0.0,23.3,0.0,,0.0,0.0,0.03571428571428572,0.0,0.03571428571428572,0.0,0.7142857142857143,0.0,1,0,0.36,0.0,0.35714285714285715,0.0,0,3,4,2,26,4,3,2,9,1,0,1.4285714285714286,0.7142857142857143,1,0,4,2,162,79,299,128,1,0,0.0,1,1,0.531023102310231
35,Marco Bizot,2025/26,2026/27,2,GK,34.0,2,2,180.0,2.0,0,0,0,0,0.0,0.0,0.0,0.0,0,0,,,,,0.0,0.0,0.0,0.0,0.0,0.0,0.0,0.0,0,0,0.0,0.0,0.0,0.0,0,0,1,0,0,0,0,0,2,0,0,0.0,0.0,1,0,1,0,73,40,171,66,0,0,,0,0,0.25874587458745874
36,Matty Cash,2025/26,2026/27,2,DF,28.0,4,4,343.0,3.8,0,0,0,0,0.0,0.4,0.0,0.4,1,0,0.0,31.9,0.0,,0.0,0.0,0.0,0.10526315789473685,0.0,0.0,0.2631578947368421,0.0,7,0,1.84,0.0,1.842105263157895,0.0,4,2,12,3,18,8,5,3,11,8,0,2.1052631578947367,0.7894736842105263,2,0,4,3,247,141,643,251,3,1,33.3,1,4,0.6899339933993399
37,Morgan Rogers,2025/26,2026/27,2,FW,23.0,4,4,360.0,4.0,0,0,0,0,0.2,0.3,0.2,0.5,4,2,50.0,16.0,0.0,0.0,0.0,0.0,0.05,0.075,0.05,0.0,1.0,0.5,3,0,0.75,0.0,0.75,0.0,2,1,13,6,23,2,0,3,1,3,0,0.5,0.75,0,0,2,4,143,100,493,229,19,6,31.6,17,7,0.6174917491749174
38,Ollie Watkins,2025/26,2026/27,2,FW,29.0,4,4,352.0,3.9,0,0,0,0,1.1,0.4,1.1,1.5,8,2,25.0,12.8,0.0,0.0,0.0,0.0,0.2820512820512821,0.10256410256410257,0.2820512820512821,0.0,2.0512820512820515,0.5128205128205129,7,0,1.79,0.0,1.794871794871795,0.0,4,0,5,8,22,2,1,1,1,2,0,0.5128205128205129,0.25641025641025644,0,0,2,6,84,55,315,154,7,4,57.1,4,5,0.6208745874587458
39,Pau Torres,2025/26,2026/27,2,DF,28.0,2,1,107.0,1.2,0,0,0,0,0.1,0.0,0.1,0.1,1,0,0.0,15.2,0.0,,0.0,0.0,0.08333333333333334,0.0,0.08333333333333334,0.0,0.8333333333333334,0.0,1,0,0.84,0.0,0.8333333333333334,0.0,0,0,9,5,1,3,1,0,0,1,0,2.5,0.0,0,0,0,0,128,97,573,383,1,0,0.0,1,1,0.4221122112211221
40,Tyrone Mings,2025/26,2026/27,2,DF,32.0,4,4,360.0,4.0,0,0,0,0,0.3,0.1,0.3,0.3,3,0,0.0,8.6,0.0,,0.0,0.0,0.075,0.025,0.075,0.0,0.75,0.0,3,0,0.75,0.0,0.75,0.0,1,1,22,1,1,2,1,4,16,6,0,0.5,1.0,0,0,3,3,283,173,940,507,3,2,66.7,1,1,0.6083333333333333
41,Victor Lindelöf,2025/26,2026/27,2,MF,31.0,1,0,8.0,0.1,0,0,0,0,0.0,0.0,0.0,0.0,0,0,,,,,0.0,0.0,0.0,0.0,0.0,0.0,0.0,0.0,0,0,0.0,0.0,0.0,0.0,0,0,2,0,0,0,0,0,0,0,0,0.0,0.0,0,0,0,0,4,2,4,2,0,0,,0,0,0.21658415841584158
42,Youri Tielemans,2025/26,2026/27,2,MF,28.0,4,4,315.0,3.5,0,0,0,0,0.1,0.2,0.1,0.3,5,1,20.0,18.3,0.0,0.0,0.0,0.0,0.028571428571428574,0.05714285714285715,0.028571428571428574,0.0,1.4285714285714286,0.2857142857142857,8,0,2.29,0.0,2.2857142857142856,0.0,4,1,21,8,10,5,4,1,2,4,0,1.4285714285714286,0.2857142857142857,0,0,6,3,260,156,644,323,3,3,100.0,4,3,0.6832508250825082
43,Adam Smith,2025/26,2026/27,3,DF,34.0,3,3,204.0,2.3,0,0,0,0,0.0,0.3,0.0,0.3,0,0,,,,,0.0,0.0,0.0,0.13043478260869565,0.0,0.0,0.0,0.0,4,0,1.76,0.0,1.7391304347826089,0.0,1,0,6,1,2,1,0,1,10,1,0,0.4347826086956522,0.4347826086956522,0,0,3,3,106,32,121,61,1,0,0.0,3,0,0.4406765676567657
44,Adrien Truffert,2025/26,2026/27,3,DF,23.0,4,4,360.0,4.0,0,0,0,0,0.0,0.5,0.0,0.6,1,0,0.0,32.7,0.0,,0.0,0.0,0.0,0.125,0.0,0.0,0.25,0.0,9,0,2.25,0.0,2.25,0.0,5,8,19,11,14,8,3,0,16,4,0,2.0,0.0,0,0,7,3,208,97,680,372,7,4,57.1,1,6,0.6884488448844884
45,Alex Scott,2025/26,2026/27,3,MF,22.0,4,4,266.0,3.0,1,0,1,1,0.2,0.3,0.2,0.4,3,1,33.3,21.5,0.33,1.0,0.3333333333333333,0.0,0.06666666666666667,0.09999999999999999,0.06666666666666667,0.3333333333333333,1.0,0.3333333333333333,11,1,3.72,0.34,3.6666666666666665,0.3333333333333333,4,2,5,6,9,11,7,1,5,2,0,3.6666666666666665,0.3333333333333333,1,0,6,9,149,66,397,178,10,3,30.0,6,3,0.7462046204620462
46,Amine Adli,2025/26,2026/27,3,MF,25.0,3,0,76.0,0.8,0,0,0,0,0.0,0.1,0.0,0.1,1,1,100.0,29.6,0.0,0.0,0.0,0.0,0.0,0.125,0.0,0.0,1.25,1.25,5,0,6.0,0.0,6.25,0.0,2,1,3,3,11,7,3,2,3,2,0,8.75,2.5,0,0,3,3,59,31,250,179,5,2,40.0,1,0,0.5636138613861384
47,Antoine Semenyo,2025/26,2026/27,3,FW,25.0,4,4,360.0,4.0,3,2,5,2,2.7,0.4,1.9,2.3,11,4,36.4,13.5,0.18,0.5,0.75,0.5,0.675,0.1,0.475,1.25,2.75,1.0,20,3,5.0,0.75,5.0,0.75,7,9,15,12,22,6,5,1,3,8,0,1.5,0.25,1,0,8,2,178,95,745,366,21,9,42.9,10,8,0.8726897689768979
48,Bafodé Diakité,2025/26,2026/27,3,DF,24.0,3,3,270.0,3.0,0,0,0,0,0.0,0.0,0.0,0.0,0,0,,,,,0.0,0.0,0.0,0.0,0.0,0.0,0.0,0.0,1,0,0.33,0.0,0.3333333333333333,0.0,1,0,4,0,1,5,5,2,19,2,0,1.6666666666666667,0.6666666666666666,0,0,1,1,154,49,220,118,0,0,,3,0,0.45594059405940596
49,Ben Winterburn,2025/26,2026/27,3,MF,21.0,1,0,7.0,0.1,0,0,0,0,0.0,0.0,0.0,0.0,0,0,,,,,0.0,0.0,0.0,0.0,0.0,0.0,0.0,0.0,0,0,0.0,0.0,0.0,0.0,0,0,0,0,0,0,0,0,0,0,0,0.0,0.0,0,0,0,0,2,0,0,0,0,0,,0,0,0.19933993399339933
50,David Brooks,2025/26,2026/27,3,MF,28.0,4,4,277.0,3.1,0,1,1,0,0.8,1.4,0.8,2.2,11,2,18.2,18.3,0.0,0.0,0.0,0.3225806451612903,0.25806451612903225,0.4516129032258064,0.25806451612903225,0.3225806451612903,3.5483870967741935,0.6451612903225806,12,1,3.88,0.32,3.8709677419354835,0.3225806451612903,6,5,10,6,24,6,5,0,2,2,0,1.9354838709677418,0.0,2,0,4,3,135,76,467,297,10,4,40.0,7,4,0.7594059405940593
51,Eli Junior Kroupi,2025/26,2026/27,3,FW,19.0,3,0,14.0,0.2,0,0,0,0,0.0,0.0,0.0,0.0,0,0,,,,,0.0,0.0,0.0,0.0,0.0,0.0,0.0,0.0,0,0,0.0,0.0,0.0,0.0,0,0,0,1,0,0,0,0,0,0,0,0.0,0.0,0,0,0,0,6,3,20,12,1,0,0.0,1,0,0.2176567656765677
52,Evanilson,2025/26,2026/27,3,FW,25.0,4,4,346.0,3.8,1,0,1,1,0.9,0.5,0.9,1.4,11,3,27.3,12.2,0.09,0.33,0.2631578947368421,0.0,0.2368421052631579,0.13157894736842105,0.2368421052631579,0.2631578947368421,2.8947368421052633,0.7894736842105263,12,1,3.12,0.26,3.1578947368421053,0.2631578947368421,6,2,5,4,12,0,0,0,5,3,0,0.0,0.0,1,0,2,7,103,53,263,132,6,1,16.7,4,3,0.6120462046204621
53,Hamed Junior Traorè,2025/26,2026/27,3,MF,25.0,1,0,17.0,0.2,0,1,1,0,0.0,0.2,0.0,0.2,0,0,,,,,0.0,5.0,0.0,1.0,0.0,5.0,0.0,0.0,1,1,5.29,5.29,5.0,5.0,1,0,0,0,0,1,0,0,1,0,0,5.0,0.0,0,0,0,0,7,1,2,0,1,0,0.0,0,0,0.33242574257425744
54,James Hill,2025/26,2026/27,3,DF,23.0,4,1,155.0,1.7,0,0,0,0,0.1,0.0,0.1,0.1,1,1,100.0,5.2,0.0,0.0,0.0,0.0,0.05882352941176471,0.0,0.05882352941176471,0.0,0.5882352941176471,0.5882352941176471,2,0,1.16,0.0,1.1764705882352942,0.0,0,0,7,0,3,1,1,3,7,2,0,0.5882352941176471,1.7647058823529411,1,0,4,1,92,29,78,41,0,0,,1,0,0.4338283828382839
55,Julio Soler,2025/26,2026/27,3,FW,20.0,1,0,1.0,0.0,0,0,0,0,0.0,0.0,0.0,0.0,0,0,,,,,0.0,0.0,0.0,0.0,0.0,0.0,0.0,0.0,0,0,0.0,0.0,0.0,0.0,0,0,0,0,0,0,0,0,0,0,0,0.0,0.0,0,0,1,0,0,0,0,0,0,0,,0,0,0.19933993399339933
56,Justin Kluivert,2025/26,2026/27,3,MF,26.0,3,0,47.0,0.5,0,0,0,0,0.2,0.2,0.2,0.4,4,0,0.0,25.3,0.0,,0.0,0.0,0.4,0.4,0.4,0.0,8.0,0.0,2,0,3.83,0.0,4.0,0.0,2,1,4,1,2,0,0,0,1,1,0,0.0,0.0,0,0,1,1,39,15,71,44,3,0,0.0,1,0,0.36262376237623767
57,Lewis Cook,2025/26,2026/27,3,MF,28.0,1,0,5.0,0.1,0,0,0,0,0.0,0.0,0.0,0.0,0,0,,,,,0.0,0.0,0.0,0.0,0.0,0.0,0.0,0.0,0,0,0.0,0.0,0.0,0.0,0,0,0,0,0,0,0,0,1,0,0,0.0,0.0,0,0,0,0,4,3,7,0,0,0,,0,1,0.2160891089108911
58,Marcos Senesi,2025/26,2026/27,3,DF,28.0,4,4,360.0,4.0,0,1,1,0,0.1,0.2,0.1,0.3,2,0,0.0,22.9,0.0,,0.0,0.25,0.025,0.05,0.025,0.25,0.5,0.0,8,1,2.0,0.25,2.0,0.25,2,5,15,1,0,9,7,7,37,4,0,2.25,1.75,1,0,3,4,249,112,502,275,1,1,100.0,2,1,0.7283003300330032
59,Marcus Tavernier,2025/26,2026/27,3,MF,26.0,4,4,332.0,3.7,1,0,1,1,0.9,0.3,0.9,1.1,8,3,37.5,18.4,0.13,0.33,0.27027027027027023,0.0,0.24324324324324323,0.08108108108108107,0.24324324324324323,0.27027027027027023,2.162162162162162,0.8108108108108107,10,1,2.71,0.27,2.7027027027027026,0.27027027027027023,3,6,16,11,22,6,3,2,8,2,0,1.6216216216216215,0.5405405405405405,0,0,2,4,186,101,568,251,14,6,42.9,8,7,0.8183168316831684
60,Ryan Christie,2025/26,2026/27,3,MF,30.0,2,0,53.0,0.6,0,0,0,0,0.1,0.0,0.1,0.1,1,0,0.0,17.7,0.0,,0.0,0.0,0.16666666666666669,0.0,0.16666666666666669,0.0,1.6666666666666667,0.0,1,0,1.7,0.0,1.6666666666666667,0.0,1,1,5,2,0,4,2,1,2,1,0,6.666666666666667,1.6666666666666667,0,0,1,3,48,22,125,74,3,0,0.0,1,0,0.4094059405940593
61,Tyler Adams,2025/26,2026/27,3,MF,26.0,4,4,356.0,4.0,0,0,0,0,0.1,0.0,0.1,0.1,2,2,100.0,19.1,0.0,0.0,0.0,0.0,0.025,0.0,0.025,0.0,0.5,0.5,5,2,1.26,0.51,1.25,0.5,1,0,10,0,4,11,5,8,8,7,0,2.75,2.0,3,0,6,5,210,88,371,206,4,2,50.0,3,1,0.6551980198019801
62,Veljko Milosavljević,2025/26,2026/27,3,DF,18.0,1,1,90.0,1.0,0,0,0,0,0.0,0.1,0.0,0.1,0,0,,,,,0.0,0.0,0.0,0.1,0.0,0.0,0.0,0.0,2,0,2.0,0.0,2.0,0.0,1,0,3,0,0,1,1,1,9,1,0,1.0,1.0,0,0,0,0,55,33,144,74,0,0,,0,0,0.3856435643564356
63,Álex Jiménez,2025/26,2026/27,3,DF,20.0,1,0,4.0,0.0,0,0,0,0,0.0,0.0,0.0,0.0,0,0,,,,,0.0,0.0,0.0,0.0,0.0,0.0,0.0,0.0,0,0,0.0,0.0,0.0,0.0,0,0,0,0,0,1,1,0,1,0,0,0.0,0.0,1,0,0,0,6,1,2,0,0,0,,0,0,0.2451320132013201
64,Đorđe Petrović,2025/26,2026/27,3,GK,25.0,4,4,360.0,4.0,0,0,0,0,0.0,0.0,0.0,0.0,0,0,,,,,0.0,0.0,0.0,0.0,0.0,0.0,0.0,0.0,1,0,0.25,0.0,0.25,0.0,0,0,0,0,0,0,0,0,6,0,1,0.0,0.0,1,0,0,0,146,81,386,247,0,0,,0,0,0.2965346534653465
65,Aaron Hickey,2025/26,2026/27,4,DF,23.0,3,0,23.0,0.3,0,0,0,0,0.0,0.0,0.0,0.0,0,0,,,,,0.0,0.0,0.0,0.0,0.0,0.0,0.0,0.0,1,0,3.91,0.0,3.3333333333333335,0.0,0,0,0,0,1,3,1,0,1,0,0,10.0,0.0,1,0,1,2,17,5,28,21,1,0,0.0,2,0,0.2884488448844885
66,Antoni Milambo,2025/26,2026/27,4,MF,20.0,1,1,45.0,0.5,0,0,0,0,0.0,0.0,0.0,0.0,0,0,,,,,0.0,0.0,0.0,0.0,0.0,0.0,0.0,0.0,1,0,2.0,0.0,2.0,0.0,0,0,3,1,1,3,1,0,0,2,0,6.0,0.0,0,0,0,0,19,5,32,30,0,0,,1,0,0.3094884488448845
67,Caoimhín Kelleher,2025/26,2026/27,4,GK,26.0,4,4,360.0,4.0,0,0,0,0,0.0,0.0,0.0,0.0,0,0,,,,,0.0,0.0,0.0,0.0,0.0,0.0,0.0,0.0,1,0,0.25,0.0,0.25,0.0,0,0,1,0,0,1,0,0,1,0,0,0.25,0.0,1,0,0,0,152,71,347,227,0,0,,0,0,0.28704620462046204
68,Dango Ouattara,2025/26,2026/27,4,FW,23.0,3,2,191.0,2.1,1,0,1,1,0.9,0.0,0.9,0.9,3,3,100.0,9.4,0.33,0.33,0.47619047619047616,0.0,0.42857142857142855,0.0,0.42857142857142855,0.47619047619047616,1.4285714285714286,1.4285714285714286,3,1,1.41,0.47,1.4285714285714286,0.47619047619047616,0,0,0,5,9,4,2,2,7,3,0,1.9047619047619047,0.9523809523809523,0,0,5,3,68,34,223,105,12,3,25.0,5,2,0.6258250825082509
69,Ethan Pinnock,2025/26,2026/27,4,DF,32.0,1,1,82.0,0.9,0,0,0,0,0.0,0.0,0.0,0.0,0,0,,,,,0.0,0.0,0.0,0.0,0.0,0.0,0.0,0.0,0,0,0.0,0.0,0.0,0.0,0,0,1,0,2,1,0,2,3,2,0,1.1111111111111112,2.2222222222222223,1,0,0,1,43,22,73,22,0,0,,0,0,0.3165841584158416
70,Fabio Carvalho,2025/26,2026/27,4,FW,23.0,3,1,92.0,1.0,1,0,1,1,0.7,0.0,0.7,0.7,2,1,50.0,12.4,0.5,1.0,1.0,0.0,0.7,0.0,0.7,1.0,2.0,1.0,3,1,2.93,0.98,3.0,1.0,0,1,2,2,5,3,2,0,1,1,0,3.0,0.0,0,0,0,0,32,13,91,31,3,1,33.3,1,1,0.5098184818481849
71,Frank Onyeka,2025/26,2026/27,4,MF,27.0,3,0,64.0,0.7,0,1,1,0,0.0,0.1,0.0,0.1,0,0,,,,,0.0,1.4285714285714286,0.0,0.14285714285714288,0.0,1.4285714285714286,0.0,0.0,1,1,1.41,1.41,1.4285714285714286,1.4285714285714286,1,0,1,2,1,1,0,0,2,0,0,1.4285714285714286,0.0,0,0,2,3,33,17,103,46,2,0,0.0,1,0,0.3896039603960396
72,Jordan Henderson,2025/26,2026/27,4,MF,35.0,4,3,250.0,2.8,0,1,1,0,0.0,0.2,0.0,0.2,1,0,0.0,14.1,0.0,,0.0,0.35714285714285715,0.0,0.07142857142857144,0.0,0.35714285714285715,0.35714285714285715,0.0,5,1,1.8,0.36,1.7857142857142858,0.35714285714285715,1,1,12,3,0,5,1,2,5,3,0,1.7857142857142858,0.7142857142857143,0,0,4,1,139,76,337,144,1,0,0.0,2,1,0.583910891089109
73,Keane Lewis-Potter,2025/26,2026/27,4,DF,24.0,4,4,318.0,3.5,0,0,0,0,0.1,0.0,0.1,0.2,2,0,0.0,19.5,0.0,,0.0,0.0,0.028571428571428574,0.0,0.028571428571428574,0.0,0.5714285714285714,0.0,2,0,0.57,0.0,0.5714285714285714,0.0,1,0,3,4,9,6,4,1,10,0,0,1.7142857142857142,0.2857142857142857,0,0,2,3,114,48,241,131,3,1,33.3,4,4,0.5533828382838285
74,Kevin Schade,2025/26,2026/27,4,FW,23.0,4,3,302.0,3.4,1,0,1,1,1.6,0.1,0.9,0.9,7,2,28.6,14.1,0.14,0.5,0.29411764705882354,0.0,0.4705882352941177,0.029411764705882356,0.2647058823529412,0.29411764705882354,2.058823529411765,0.5882352941176471,3,1,0.89,0.3,0.8823529411764706,0.29411764705882354,1,0,1,6,7,8,2,2,1,2,0,2.3529411764705883,0.5882352941176471,0,0,7,2,101,39,312,127,9,2,22.2,7,5,0.6414191419141915
75,Kristoffer Ajer,2025/26,2026/27,4,DF,27.0,2,0,14.0,0.2,0,1,1,0,0.0,0.7,0.0,0.7,1,1,100.0,11.4,0.0,0.0,0.0,5.0,0.0,3.4999999999999996,0.0,5.0,5.0,5.0,1,1,6.43,6.43,5.0,5.0,1,0,1,0,0,0,0,0,1,0,0,0.0,0.0,0,0,0,0,6,2,9,5,0,0,,0,1,0.34257425742574266
76,Mathias Jensen,2025/26,2026/27,4,MF,29.0,3,2,152.0,1.7,0,0,0,0,0.1,0.2,0.1,0.3,1,0,0.0,13.6,0.0,,0.0,0.0,0.05882352941176471,0.11764705882352942,0.05882352941176471,0.0,0.5882352941176471,0.0,5,1,2.96,0.59,2.9411764705882355,0.5882352941176471,3,2,9,0,1,7,5,1,6,2,0,4.11764705882353,0.5882352941176471,0,0,0,1,80,27,59,37,2,1,50.0,3,1,0.5760726072607262
77,Michael Kayode,2025/26,2026/27,4,DF,21.0,4,4,346.0,3.8,0,0,0,0,0.0,0.2,0.0,0.2,0,0,,,,,0.0,0.0,0.0,0.052631578947368425,0.0,0.0,0.0,0.0,3,0,0.78,0.0,0.7894736842105263,0.0,2,1,7,4,12,8,4,4,13,8,0,2.1052631578947367,1.0526315789473684,0,0,4,3,182,80,508,222,13,8,61.5,4,4,0.6646864686468646
78,Mikkel Damsgaard,2025/26,2026/27,4,MF,25.0,2,2,180.0,2.0,0,0,0,0,0.1,0.4,0.1,0.5,1,0,0.0,12.9,0.0,,0.0,0.0,0.05,0.2,0.05,0.0,0.5,0.0,10,1,5.0,0.5,5.0,0.5,5,4,8,6,6,3,2,2,4,5,0,1.5,1.0,0,0,2,3,95,46,264,148,8,3,37.5,3,3,0.6551155115511551
79,Nathan Collins,2025/26,2026/27,4,DF,24.0,4,4,360.0,4.0,0,0,0,0,0.0,0.1,0.0,0.1,1,0,0.0,8.7,0.0,,0.0,0.0,0.0,0.025,0.0,0.0,0.25,0.0,3,0,0.75,0.0,0.75,0.0,1,1,6,2,0,3,1,5,29,4,0,0.75,1.25,1,0,4,6,192,101,588,330,1,0,0.0,1,3,0.5137788778877888
80,Rico Henry,2025/26,2026/27,4,DF,28.0,4,1,132.0,1.5,0,0,0,0,0.1,0.1,0.1,0.3,2,0,0.0,16.5,0.0,,0.0,0.0,0.06666666666666667,0.06666666666666667,0.06666666666666667,0.0,1.3333333333333333,0.0,2,0,1.36,0.0,1.3333333333333333,0.0,1,1,1,9,10,3,3,1,3,0,1,2.0,0.6666666666666666,1,0,1,2,74,35,345,242,6,6,100.0,5,0,0.5587458745874587
81,Sepp van den Berg,2025/26,2026/27,4,DF,23.0,4,4,360.0,4.0,0,0,0,0,0.2,0.0,0.2,0.2,2,1,50.0,9.3,0.0,0.0,0.0,0.0,0.05,0.0,0.05,0.0,0.5,0.25,0,0,0.0,0.0,0.0,0.0,0,0,10,2,3,3,2,2,35,5,1,0.75,0.5,0,0,1,1,212,97,586,355,0,0,,2,0,0.5190594059405941
82,Thiago,2025/26,2026/27,4,FW,24.0,4,4,341.0,3.8,2,0,2,1,1.2,1.1,0.5,1.5,5,1,20.0,13.3,0.2,1.0,0.5263157894736842,0.0,0.3157894736842105,0.2894736842105263,0.13157894736842105,0.5263157894736842,1.3157894736842106,0.2631578947368421,7,0,1.85,0.0,1.842105263157895,0.0,4,3,3,4,9,3,1,0,11,3,0,0.7894736842105263,0.0,2,0,11,2,102,36,201,92,7,4,57.1,9,4,0.6465346534653464
83,Yehor Yarmoliuk,2025/26,2026/27,4,MF,21.0,4,4,348.0,3.9,0,0,0,0,0.1,0.1,0.1,0.2,3,2,66.7,22.6,0.0,0.0,0.0,0.0,0.025641025641025644,0.025641025641025644,0.025641025641025644,0.0,0.7692307692307693,0.5128205128205129,3,0,0.78,0.0,0.7692307692307693,0.0,2,3,10,4,2,9,7,2,8,13,0,2.307692307692308,0.5128205128205129,1,0,7,0,165,82,488,194,11,5,45.5,6,3,0.6494224422442244
84,Bart Verbruggen,2025/26,2026/27,5,GK,23.0,4,4,360.0,4.0,0,0,0,0,0.0,0.1,0.0,0.1,0,0,,,,,0.0,0.0,0.0,0.025,0.0,0.0,0.0,0.0,1,0,0.25,0.0,0.25,0.0,1,1,0,0,0,0,0,0,1,0,0,0.0,0.0,0,0,0,0,172,134,469,221,1,1,100.0,0,0,0.3292904290429043
85,Brajan Gruda,2025/26,2026/27,5,MF,21.0,4,0,68.0,0.8,1,0,1,1,1.2,0.1,1.2,1.3,5,2,40.0,14.8,0.2,0.5,1.25,0.0,1.4999999999999998,0.125,1.4999999999999998,1.25,6.25,2.5,3,1,3.97,1.32,3.75,1.25,1,0,2,5,7,1,0,0,0,1,0,1.25,0.0,0,0,2,1,39,26,246,147,6,4,66.7,4,4,0.5315181518151816
86,Carlos Baleba,2025/26,2026/27,5,MF,21.0,4,3,198.0,2.2,0,0,0,0,0.0,0.0,0.0,0.1,2,0,0.0,28.7,0.0,,0.0,0.0,0.0,0.0,0.0,0.0,0.9090909090909091,0.0,2,0,0.91,0.0,0.9090909090909091,0.0,2,0,4,1,1,2,0,4,2,2,0,0.9090909090909091,1.8181818181818181,1,0,5,2,99,46,196,80,1,1,100.0,6,1,0.41592409240924083
87,Danny Welbeck,2025/26,2026/27,5,FW,34.0,4,3,238.0,2.6,0,0,0,0,1.7,0.1,0.9,0.9,2,0,0.0,16.9,0.0,,0.0,0.0,0.6538461538461539,0.038461538461538464,0.34615384615384615,0.0,0.7692307692307692,0.0,2,0,0.76,0.0,0.7692307692307692,0.0,1,0,1,0,2,3,1,0,0,1,0,1.1538461538461537,0.0,0,0,4,1,64,32,115,24,2,0,0.0,6,1,0.39166666666666666
88,Diego Coppola,2025/26,2026/27,5,DF,21.0,1,0,1.0,0.0,0,0,0,0,0.0,0.0,0.0,0.0,0,0,,,,,0.0,0.0,0.0,0.0,0.0,0.0,0.0,0.0,0,0,0.0,0.0,0.0,0.0,0,0,0,0,0,0,0,0,0,0,0,0.0,0.0,0,0,0,0,0,0,0,0,0,0,,0,0,0.19933993399339933
89,Diego Gómez,2025/26,2026/27,5,MF,22.0,3,1,106.0,1.2,0,0,0,0,0.0,0.3,0.0,0.3,1,1,100.0,28.8,0.0,0.0,0.0,0.0,0.0,0.25,0.0,0.0,0.8333333333333334,0.8333333333333334,1,0,0.85,0.0,0.8333333333333334,0.0,1,1,4,0,1,5,4,2,3,4,0,4.166666666666667,1.6666666666666667,1,0,4,2,53,22,74,47,2,0,0.0,1,0,0.4445544554455445
90,Ferdi Kadioglu,2025/26,2026/27,5,DF,25.0,3,0,113.0,1.3,0,0,0,0,0.0,0.0,0.0,0.0,0,0,,,,,0.0,0.0,0.0,0.0,0.0,0.0,0.0,0.0,1,0,0.8,0.0,0.7692307692307692,0.0,0,2,3,2,4,2,2,0,10,2,0,1.5384615384615383,0.0,2,0,3,2,69,37,229,119,0,0,,2,0,0.40767326732673276
91,Georginio Rutter,2025/26,2026/27,5,FW,23.0,3,2,164.0,1.8,0,0,0,0,0.1,0.1,0.1,0.2,3,2,66.7,22.0,0.0,0.0,0.0,0.0,0.05555555555555556,0.05555555555555556,0.05555555555555556,0.0,1.6666666666666665,1.1111111111111112,6,2,3.29,1.1,3.333333333333333,1.1111111111111112,2,1,6,5,11,2,2,0,3,3,0,1.1111111111111112,0.0,1,0,3,6,60,37,176,80,5,2,40.0,9,6,0.5877062706270628
92,Jack Hinshelwood,2025/26,2026/27,5,MF,20.0,3,2,107.0,1.2,0,0,0,0,0.0,0.0,0.0,0.0,0,0,,,,,0.0,0.0,0.0,0.0,0.0,0.0,0.0,0.0,0,0,0.0,0.0,0.0,0.0,0,1,2,2,1,3,3,0,2,0,0,2.5,0.0,0,0,3,1,60,42,279,146,0,0,,1,0,0.3701320132013201
93,James Milner,2025/26,2026/27,5,MF,39.0,3,1,98.0,1.1,1,0,1,0,0.8,0.0,0.0,0.0,0,0,,,,,0.9090909090909091,0.0,0.7272727272727273,0.0,0.0,0.9090909090909091,0.0,0.0,2,0,1.82,0.0,1.8181818181818181,0.0,0,0,2,2,1,3,3,1,0,2,0,2.727272727272727,0.9090909090909091,1,0,2,1,54,25,109,60,1,0,0.0,1,0,0.4548679867986799
94,Jan Paul van Hecke,2025/26,2026/27,5,DF,25.0,4,4,360.0,4.0,0,0,0,0,0.3,0.0,0.3,0.3,2,1,50.0,16.8,0.0,0.0,0.0,0.0,0.075,0.0,0.075,0.0,0.5,0.25,4,0,1.0,0.0,1.0,0.0,0,1,20,3,1,2,1,0,23,8,0,0.5,0.0,1,0,2,3,306,213,1290,812,1,0,0.0,1,0,0.5336633663366336
95,Joël Veltman,2025/26,2026/27,5,DF,33.0,2,2,180.0,2.0,0,0,0,0,0.0,0.0,0.0,0.0,0,0,,,,,0.0,0.0,0.0,0.0,0.0,0.0,0.0,0.0,2,0,1.0,0.0,1.0,0.0,1,0,9,5,1,7,3,4,5,4,0,3.5,2.0,1,0,1,7,94,40,273,192,1,0,0.0,3,0,0.5114686468646865
96,Kaoru Mitoma,2025/26,2026/27,5,FW,28.0,4,4,352.0,3.9,1,1,2,1,0.7,1.0,0.7,1.7,5,2,40.0,13.6,0.2,0.5,0.25641025641025644,0.25641025641025644,0.1794871794871795,0.25641025641025644,0.1794871794871795,0.5128205128205129,1.2820512820512822,0.5128205128205129,10,1,2.56,0.26,2.5641025641025643,0.25641025641025644,6,5,8,10,25,3,3,2,1,4,0,0.7692307692307693,0.5128205128205129,1,0,10,0,141,86,545,337,11,5,45.5,7,7,0.7905115511551156
97,Lewis Dunk,2025/26,2026/27,5,DF,33.0,4,4,360.0,4.0,0,0,0,0,0.2,0.0,0.2,0.2,3,0,0.0,10.9,0.0,,0.0,0.0,0.05,0.0,0.05,0.0,0.75,0.0,2,1,0.5,0.25,0.5,0.25,1,0,8,0,1,3,2,2,25,2,0,0.75,0.5,1,0,2,3,312,179,667,230,2,1,50.0,2,0,0.5666666666666667
98,Mats Wieffer,2025/26,2026/27,5,DF,25.0,2,2,174.0,1.9,0,0,0,0,0.0,0.0,0.0,0.0,1,1,100.0,12.4,0.0,0.0,0.0,0.0,0.0,0.0,0.0,0.0,0.5263157894736842,0.5263157894736842,2,0,1.03,0.0,1.0526315789473684,0.0,0,2,11,2,6,12,6,2,11,3,0,6.315789473684211,1.0526315789473684,1,0,2,0,125,42,248,138,1,1,100.0,2,3,0.5674917491749175
99,Matt O'Riley,2025/26,2026/27,5,MF,24.0,2,2,177.0,2.0,1,0,1,0,1.2,0.2,0.4,0.6,3,1,33.3,22.2,0.0,0.0,0.5,0.0,0.6,0.1,0.2,0.5,1.5,0.5,4,0,2.03,0.0,2.0,0.0,4,1,5,0,11,4,2,0,2,4,0,2.0,0.0,0,0,1,0,85,38,130,48,1,0,0.0,6,1,0.5348184818481847
100,Maxim De Cuyper,2025/26,2026/27,5,DF,24.0,4,4,269.0,3.0,0,0,0,0,0.0,0.1,0.0,0.1,0,0,,,,,0.0,0.0,0.0,0.03333333333333333,0.0,0.0,0.0,0.0,6,1,2.01,0.33,2.0,0.3333333333333333,2,3,10,1,8,6,4,2,8,5,1,2.0,0.6666666666666666,1,0,6,6,164,88,306,121,4,1,25.0,1,4,0.6311056105610561
101,Stefanos Tzimas,2025/26,2026/27,5,FW,19.0,1,0,24.0,0.3,0,0,0,0,0.0,0.0,0.0,0.0,0,0,,,,,0.0,0.0,0.0,0.0,0.0,0.0,0.0,0.0,0,0,0.0,0.0,0.0,0.0,0,0,0,0,1,0,0,0,0,0,0,0.0,0.0,0,0,1,0,4,4,27,4,1,0,0.0,1,1,0.21526402640264028
102,Yankuba Minteh,2025/26,2026/27,5,FW,21.0,4,4,337.0,3.7,0,1,1,0,0.5,1.3,0.5,1.8,7,2,28.6,14.1,0.0,0.0,0.0,0.27027027027027023,0.13513513513513511,0.35135135135135137,0.13513513513513511,0.27027027027027023,1.8918918918918919,0.5405405405405405,14,1,3.74,0.27,3.7837837837837838,0.27027027027027023,6,2,4,21,29,6,5,4,1,4,0,1.6216216216216215,1.081081081081081,0,0,3,7,140,101,828,487,19,13,68.4,11,6,0.8013201320132014
103,Yasin Ayari,2025/26,2026/27,5,MF,21.0,4,2,274.0,3.0,0,0,0,0,0.2,0.1,0.2,0.2,4,2,50.0,24.6,0.0,0.0,0.0,0.0,0.06666666666666667,0.03333333333333333,0.06666666666666667,0.0,1.3333333333333333,0.6666666666666666,8,0,2.63,0.0,2.6666666666666665,0.0,2,3,17,1,4,9,5,5,3,1,0,3.0,1.6666666666666667,0,0,3,8,162,97,436,172,7,1,14.3,5,2,0.654125412541254
104,Armando Broja,2025/26,2026/27,6,FW,24.0,1,0,2.0,0.0,0,0,0,0,0.0,0.0,0.0,0.0,0,0,,,,,0.0,0.0,0.0,0.0,0.0,0.0,0.0,0.0,0,0,0.0,0.0,0.0,0.0,0,0,0,0,0,0,0,0,1,0,0,0.0,0.0,0,0,0,0,2,0,0,0,0,0,,0,0,0.21254125412541253
105,Florentino Luís,2025/26,2026/27,6,MF,26.0,1,0,28.0,0.3,0,0,0,0,0.0,0.0,0.0,0.0,0,0,,,,,0.0,0.0,0.0,0.0,0.0,0.0,0.0,0.0,0,0,0.0,0.0,0.0,0.0,0,0,1,0,0,3,1,1,0,1,0,10.0,3.3333333333333335,0,0,0,0,15,0,0,0,1,0,0.0,0,0,0.27648514851485145
106,Hannibal Mejbri,2025/26,2026/27,6,MF,22.0,4,3,236.0,2.6,0,0,0,0,0.2,0.2,0.2,0.4,3,0,0.0,20.8,0.0,,0.0,0.0,0.07692307692307693,0.07692307692307693,0.07692307692307693,0.0,1.1538461538461537,0.0,2,0,0.76,0.0,0.7692307692307692,0.0,1,2,5,4,8,6,2,2,1,4,0,2.3076923076923075,0.7692307692307692,0,0,5,9,92,45,211,114,5,2,40.0,3,7,0.5716996699669967
107,Hjalmar Ekdal,2025/26,2026/27,6,DF,26.0,4,4,352.0,3.9,0,0,0,0,0.0,0.0,0.0,0.0,1,0,0.0,14.4,0.0,,0.0,0.0,0.0,0.0,0.0,0.0,0.25641025641025644,0.0,1,0,0.26,0.0,0.25641025641025644,0.0,1,0,5,1,0,5,3,3,31,5,0,1.2820512820512822,0.7692307692307693,0,0,1,0,159,68,343,177,0,0,,0,0,0.47046204620462057
108,Jacob Bruun Larsen,2025/26,2026/27,6,FW,26.0,3,2,177.0,2.0,0,1,1,0,0.1,0.6,0.1,0.7,2,0,0.0,24.4,0.0,,0.0,0.5,0.05,0.3,0.05,0.5,1.0,0.0,3,1,1.53,0.51,1.5,0.5,2,1,4,1,13,1,1,2,4,2,0,0.5,1.0,0,0,0,0,77,38,149,87,2,1,50.0,4,3,0.5863861386138615
109,Jaidon Anthony,2025/26,2026/27,6,MF,25.0,4,4,352.0,3.9,2,1,3,2,1.7,0.2,1.7,1.9,8,3,37.5,13.4,0.25,0.67,0.5128205128205129,0.25641025641025644,0.4358974358974359,0.05128205128205129,0.4358974358974359,0.7692307692307693,2.0512820512820515,0.7692307692307693,7,2,1.79,0.51,1.794871794871795,0.5128205128205129,3,4,8,6,17,5,3,3,2,10,0,1.2820512820512822,0.7692307692307693,1,0,2,6,154,82,481,280,12,4,33.3,16,9,0.802145214521452
110,Joe Worrall,2025/26,2026/27,6,DF,28.0,3,0,21.0,0.2,0,0,0,0,0.0,0.0,0.0,0.0,0,0,,,,,0.0,0.0,0.0,0.0,0.0,0.0,0.0,0.0,0,0,0.0,0.0,0.0,0.0,0,0,0,0,0,1,1,1,4,0,0,5.0,5.0,0,0,0,1,10,0,0,0,0,0,,0,0,0.28589108910891087
111,Josh Cullen,2025/26,2026/27,6,MF,29.0,4,4,332.0,3.7,1,1,2,1,0.1,0.7,0.1,0.8,1,1,100.0,17.4,1.0,1.0,0.27027027027027023,0.27027027027027023,0.02702702702702703,0.18918918918918917,0.02702702702702703,0.5405405405405405,0.27027027027027023,0.27027027027027023,12,1,3.25,0.27,3.243243243243243,0.27027027027027023,6,1,17,2,2,7,4,5,10,5,0,1.8918918918918919,1.3513513513513513,0,0,1,4,205,81,205,51,1,0,0.0,3,2,0.7455445544554457
112,Josh Laurent,2025/26,2026/27,6,MF,30.0,4,2,189.0,2.1,0,0,0,0,0.1,0.2,0.1,0.3,4,2,50.0,24.5,0.0,0.0,0.0,0.0,0.047619047619047616,0.09523809523809523,0.047619047619047616,0.0,1.9047619047619047,0.9523809523809523,3,0,1.43,0.0,1.4285714285714286,0.0,1,1,5,2,7,2,1,4,6,4,0,0.9523809523809523,1.9047619047619047,1,0,3,1,62,26,102,62,2,0,0.0,1,1,0.5134488448844884
113,Kyle Walker,2025/26,2026/27,6,DF,35.0,4,4,360.0,4.0,0,0,0,0,0.0,0.0,0.0,0.0,1,0,0.0,34.1,0.0,,0.0,0.0,0.0,0.0,0.0,0.0,0.25,0.0,5,1,1.25,0.25,1.25,0.25,0,1,7,3,2,5,3,3,16,5,0,1.25,0.75,1,0,2,2,193,83,323,172,1,1,100.0,3,1,0.5966171617161716
114,Lesley Ugochukwu,2025/26,2026/27,6,MF,21.0,4,3,254.0,2.8,0,0,0,0,0.1,0.0,0.1,0.1,2,0,0.0,21.0,0.0,,0.0,0.0,0.03571428571428572,0.0,0.03571428571428572,0.0,0.7142857142857143,0.0,1,0,0.35,0.0,0.35714285714285715,0.0,1,0,6,0,3,9,3,2,4,4,0,3.2142857142857144,0.7142857142857143,2,1,8,3,112,56,192,69,4,2,50.0,1,3,0.5166666666666666
115,Loum Tchaouna,2025/26,2026/27,6,MF,22.0,4,1,113.0,1.3,0,0,0,0,0.2,0.1,0.2,0.3,2,1,50.0,18.2,0.0,0.0,0.0,0.0,0.15384615384615385,0.07692307692307693,0.15384615384615385,0.0,1.5384615384615383,0.7692307692307692,2,1,1.59,0.8,1.5384615384615383,0.7692307692307692,1,2,4,3,3,2,1,0,2,1,0,1.5384615384615383,0.0,1,0,1,2,46,16,99,43,2,1,50.0,2,2,0.4806105610561056
116,Lyle Foster,2025/26,2026/27,6,FW,25.0,4,4,333.0,3.7,1,0,1,1,0.7,0.4,0.7,1.1,3,1,33.3,14.6,0.33,1.0,0.27027027027027023,0.0,0.18918918918918917,0.10810810810810811,0.18918918918918917,0.27027027027027023,0.8108108108108107,0.27027027027027023,5,0,1.35,0.0,1.3513513513513513,0.0,2,0,3,3,19,5,5,0,6,1,0,1.3513513513513513,0.0,1,0,8,4,101,56,244,73,3,3,100.0,12,8,0.6678217821782177
117,Marcus Edwards,2025/26,2026/27,6,FW,26.0,1,0,6.0,0.1,0,0,0,0,0.0,0.0,0.0,0.0,0,0,,,,,0.0,0.0,0.0,0.0,0.0,0.0,0.0,0.0,0,0,0.0,0.0,0.0,0.0,0,0,0,0,0,0,0,0,0,0,0,0.0,0.0,0,0,0,0,1,1,0,0,0,0,,1,0,0.20066006600660066
118,Martin Dúbravka,2025/26,2026/27,6,GK,36.0,4,4,360.0,4.0,0,0,0,0,0.0,0.0,0.0,0.0,0,0,,,,,0.0,0.0,0.0,0.0,0.0,0.0,0.0,0.0,1,0,0.25,0.0,0.25,0.0,0,0,0,0,0,0,0,0,1,0,0,0.0,0.0,0,0,0,0,168,75,422,246,0,0,,0,0,0.26575907590759074
119,Maxime Estève,2025/26,2026/27,6,DF,23.0,4,4,352.0,3.9,0,0,0,0,0.0,0.0,0.0,0.0,1,1,100.0,9.2,0.0,0.0,0.0,0.0,0.0,0.0,0.0,0.0,0.25641025641025644,0.25641025641025644,1,0,0.26,0.0,0.25641025641025644,0.0,0,0,11,1,0,2,2,3,29,8,0,0.5128205128205129,0.7692307692307693,0,0,2,3,166,71,241,132,0,0,,2,1,0.46113861386138616
120,Oliver Sonne,2025/26,2026/27,6,DF,24.0,3,1,104.0,1.2,0,0,0,0,0.0,0.0,0.0,0.1,1,0,0.0,19.9,0.0,,0.0,0.0,0.0,0.0,0.0,0.0,0.8333333333333334,0.0,2,0,1.73,0.0,1.6666666666666667,0.0,1,2,4,0,3,1,1,1,2,0,0,0.8333333333333334,0.8333333333333334,0,0,1,0,38,13,31,12,2,1,50.0,0,0,0.3756600660066007
121,Quilindschy Hartman,2025/26,2026/27,6,DF,23.0,4,4,360.0,4.0,0,0,0,0,0.1,0.0,0.1,0.1,1,0,0.0,12.8,0.0,,0.0,0.0,0.025,0.0,0.025,0.0,0.25,0.0,5,1,1.25,0.25,1.25,0.25,2,1,8,1,8,10,7,9,22,5,0,2.5,2.25,0,0,1,0,177,55,171,86,2,0,0.0,2,0,0.6363861386138614
122,Zian Flemming,2025/26,2026/27,6,FW,27.0,2,0,22.0,0.2,0,0,0,0,0.0,0.1,0.0,0.1,0,0,,,,,0.0,0.0,0.0,0.5,0.0,0.0,0.0,0.0,0,0,0.0,0.0,0.0,0.0,1,0,0,1,2,0,0,0,0,1,0,0.0,0.0,0,0,0,0,8,3,18,15,1,0,0.0,1,0,0.25874587458745874
123,Alejandro Garnacho,2025/26,2026/27,8,FW,21.0,1,0,12.0,0.1,0,0,0,0,0.0,0.1,0.0,0.1,0,0,,,,,0.0,0.0,0.0,1.0,0.0,0.0,0.0,0.0,1,0,7.5,0.0,10.0,0.0,1,0,0,3,2,0,0,0,0,0,0,0.0,0.0,0,0,0,0,6,5,67,56,0,0,,1,0,0.289026402640264
124,Andrey Santos,2025/26,2026/27,8,MF,21.0,3,0,51.0,0.6,0,0,0,0,0.3,0.1,0.3,0.4,2,1,50.0,14.1,0.0,0.0,0.0,0.0,0.5,0.16666666666666669,0.5,0.0,3.3333333333333335,1.6666666666666667,2,0,3.53,0.0,3.3333333333333335,0.0,2,0,3,2,5,1,1,1,0,0,0,1.6666666666666667,1.6666666666666667,1,0,2,1,30,22,109,63,0,0,,1,0,0.42103960396039597
125,Cole Palmer,2025/26,2026/27,8,MF,23.0,2,1,125.0,1.4,1,0,1,1,0.8,0.0,0.8,0.8,9,2,22.2,20.2,0.11,0.5,0.7142857142857143,0.0,0.5714285714285715,0.0,0.5714285714285715,0.7142857142857143,6.428571428571429,1.4285714285714286,9,1,6.48,0.72,6.428571428571429,0.7142857142857143,1,2,10,9,14,2,2,0,1,0,0,1.4285714285714286,0.0,0,0,1,1,66,45,290,154,5,2,40.0,3,2,0.6314356435643566
126,Enzo Fernández,2025/26,2026/27,8,MF,24.0,4,4,348.0,3.9,2,1,3,1,1.9,0.7,1.1,1.9,4,1,25.0,16.4,0.25,1.0,0.5128205128205129,0.25641025641025644,0.48717948717948717,0.1794871794871795,0.2820512820512821,0.7692307692307693,1.0256410256410258,0.25641025641025644,12,2,3.1,0.52,3.076923076923077,0.5128205128205129,6,6,19,5,16,6,4,3,3,2,0,1.5384615384615385,0.7692307692307693,0,0,3,3,268,157,641,283,3,0,0.0,5,8,0.8275577557755776
127,Estêvão Willian,2025/26,2026/27,8,FW,18.0,3,2,180.0,2.0,0,1,1,0,1.0,0.9,1.0,1.9,3,2,66.7,12.8,0.0,0.0,0.0,0.5,0.5,0.45,0.5,0.5,1.5,1.0,5,2,2.5,1.0,2.5,1.0,2,1,3,7,19,3,2,0,2,1,0,1.5,0.0,1,0,3,0,90,57,413,220,16,8,50.0,2,4,0.6944719471947194
128,Facundo Buonanotte,2025/26,2026/27,8,MF,20.0,1,1,45.0,0.5,0,0,0,0,0.0,0.3,0.0,0.3,0,0,,,,,0.0,0.0,0.0,0.6,0.0,0.0,0.0,0.0,2,0,4.0,0.0,4.0,0.0,2,0,0,0,5,1,0,0,0,1,0,2.0,0.0,0,0,0,0,30,16,64,9,1,0,0.0,2,0,0.311056105610561
129,Jamie Gittens,2025/26,2026/27,8,FW,21.0,4,2,145.0,1.6,0,0,0,0,0.1,0.1,0.1,0.2,4,1,25.0,23.5,0.0,0.0,0.0,0.0,0.0625,0.0625,0.0625,0.0,2.5,0.625,5,0,3.1,0.0,3.125,0.0,3,1,1,5,11,2,1,0,1,1,0,1.25,0.0,0,0,5,1,54,32,248,109,6,2,33.3,6,0,0.48993399339934
130,Jorrel Hato,2025/26,2026/27,8,DF,19.0,2,1,67.0,0.7,0,0,0,0,0.0,0.0,0.0,0.0,0,0,,,,,0.0,0.0,0.0,0.0,0.0,0.0,0.0,0.0,0,0,0.0,0.0,0.0,0.0,0,0,2,0,1,0,0,0,2,1,0,0.0,0.0,2,0,2,0,43,24,59,16,1,1,100.0,1,3,0.28886138613861384
131,Joshua Acheampong,2025/26,2026/27,8,DF,19.0,1,1,90.0,1.0,0,0,0,0,0.1,0.0,0.1,0.1,1,0,0.0,4.3,0.0,,0.0,0.0,0.1,0.0,0.1,0.0,1.0,0.0,0,0,0.0,0.0,0.0,0.0,0,0,3,0,0,2,2,1,5,0,1,2.0,1.0,0,0,0,2,102,80,370,190,3,2,66.7,0,0,0.4292079207920792
132,João Pedro,2025/26,2026/27,8,FW,23.0,4,4,330.0,3.7,2,3,5,2,1.5,1.2,1.5,2.7,9,3,33.3,14.3,0.22,0.67,0.5405405405405405,0.8108108108108107,0.4054054054054054,0.3243243243243243,0.4054054054054054,1.3513513513513513,2.4324324324324325,0.8108108108108107,9,2,2.45,0.55,2.4324324324324325,0.5405405405405405,4,3,10,6,26,2,2,2,5,2,0,0.5405405405405405,0.5405405405405405,0,0,2,7,146,79,342,117,11,1,9.1,10,6,0.7945544554455446
133,Liam Delap,2025/26,2026/27,8,FW,22.0,3,2,92.0,1.0,0,0,0,0,0.2,0.0,0.2,0.2,3,2,66.7,13.9,0.0,0.0,0.0,0.0,0.2,0.0,0.2,0.0,3.0,2.0,1,0,0.98,0.0,1.0,0.0,0,1,3,2,4,0,0,0,1,0,1,0.0,0.0,0,0,1,1,25,15,99,42,0,0,,2,2,0.33531353135313535
134,Malo Gusto,2025/26,2026/27,8,DF,22.0,3,2,170.0,1.9,0,0,0,0,0.0,0.0,0.0,0.0,1,0,0.0,31.3,0.0,,0.0,0.0,0.0,0.0,0.0,0.0,0.5263157894736842,0.0,5,1,2.65,0.53,2.6315789473684212,0.5263157894736842,1,1,12,2,7,4,1,3,4,0,0,2.1052631578947367,1.5789473684210527,0,0,1,3,134,71,392,171,1,0,0.0,7,1,0.5466171617161717
135,Marc Cucurella,2025/26,2026/27,8,DF,27.0,4,3,293.0,3.3,0,1,1,0,0.2,0.8,0.2,1.0,3,1,33.3,13.6,0.0,0.0,0.0,0.30303030303030304,0.060606060606060615,0.24242424242424246,0.060606060606060615,0.30303030303030304,0.9090909090909092,0.30303030303030304,6,1,1.84,0.31,1.8181818181818183,0.30303030303030304,6,3,17,7,14,8,4,4,9,5,0,2.4242424242424243,1.2121212121212122,0,0,4,4,252,139,561,355,0,0,,1,0,0.780775577557756
136,Moisés Caicedo,2025/26,2026/27,8,MF,23.0,4,4,360.0,4.0,2,0,2,2,0.4,0.0,0.4,0.4,4,2,50.0,15.8,0.5,1.0,0.5,0.0,0.1,0.0,0.1,0.5,1.0,0.5,7,1,1.75,0.25,1.75,0.25,0,1,25,4,2,16,6,12,5,7,0,4.0,3.0,1,0,3,6,315,174,792,383,3,1,33.3,2,4,0.7566006600660067
137,Pedro Neto,2025/26,2026/27,8,FW,25.0,4,4,350.0,3.9,1,0,1,1,0.5,0.9,0.5,1.4,5,1,20.0,16.3,0.2,1.0,0.25641025641025644,0.0,0.12820512820512822,0.23076923076923078,0.12820512820512822,0.25641025641025644,1.2820512820512822,0.25641025641025644,18,2,4.63,0.51,4.615384615384616,0.5128205128205129,8,6,14,18,39,3,2,3,1,1,0,0.7692307692307693,0.7692307692307693,0,0,0,3,189,127,931,523,14,6,42.9,10,5,0.8004125412541253
138,Reece James,2025/26,2026/27,8,DF,25.0,4,1,155.0,1.7,0,0,0,0,0.1,0.5,0.1,0.6,2,1,50.0,25.5,0.0,0.0,0.0,0.0,0.05882352941176471,0.29411764705882354,0.05882352941176471,0.0,1.1764705882352942,0.5882352941176471,8,2,4.65,1.16,4.705882352941177,1.1764705882352942,4,1,13,4,1,1,1,4,4,2,0,0.5882352941176471,2.3529411764705883,1,0,4,5,174,108,565,319,3,1,33.3,1,2,0.6354785478547854
139,Robert Sánchez,2025/26,2026/27,8,GK,27.0,4,4,360.0,4.0,0,0,0,0,0.0,0.0,0.0,0.0,0,0,,,,,0.0,0.0,0.0,0.0,0.0,0.0,0.0,0.0,1,0,0.25,0.0,0.25,0.0,0,0,0,0,0,0,0,0,2,0,0,0.0,0.0,0,0,0,0,134,88,374,261,0,0,,0,0,0.2812706270627063
140,Tosin Adarabioyo,2025/26,2026/27,8,DF,27.0,3,3,270.0,3.0,0,0,0,0,0.0,0.0,0.0,0.0,0,0,,,,,0.0,0.0,0.0,0.0,0.0,0.0,0.0,0.0,0,0,0.0,0.0,0.0,0.0,0,1,13,1,0,5,2,4,19,1,0,1.6666666666666667,1.3333333333333333,0,0,2,0,298,150,700,437,0,0,,1,0,0.4948019801980198
141,Trevoh Chalobah,2025/26,2026/27,8,DF,26.0,4,4,338.0,3.8,1,0,1,1,0.6,0.0,0.6,0.6,7,1,14.3,14.3,0.14,1.0,0.2631578947368421,0.0,0.15789473684210525,0.0,0.15789473684210525,0.2631578947368421,1.842105263157895,0.2631578947368421,7,0,1.86,0.0,1.842105263157895,0.0,1,4,22,6,0,8,5,7,24,2,0,2.1052631578947367,1.842105263157895,0,0,3,6,353,234,1045,580,4,3,75.0,3,1,0.7415841584158416
142,Tyrique George,2025/26,2026/27,8,FW,19.0,2,0,112.0,1.2,0,0,0,0,0.2,0.0,0.2,0.2,2,2,100.0,9.3,0.0,0.0,0.0,0.0,0.16666666666666669,0.0,0.16666666666666669,0.0,1.6666666666666667,1.6666666666666667,4,2,3.21,1.61,3.3333333333333335,1.6666666666666667,0,2,3,1,7,1,1,0,1,0,0,0.8333333333333334,0.0,1,0,3,1,27,16,79,42,2,1,50.0,5,2,0.4532178217821782
143,Wesley Fofana,2025/26,2026/27,8,DF,24.0,2,1,67.0,0.7,0,0,0,0,0.0,0.0,0.0,0.0,0,0,,,,,0.0,0.0,0.0,0.0,0.0,0.0,0.0,0.0,1,0,1.34,0.0,1.4285714285714286,0.0,0,0,2,2,1,1,1,2,1,0,0,1.4285714285714286,2.857142857142857,0,0,1,2,71,43,170,129,0,0,,0,0,0.36699669966996695
144,Adam Wharton,2025/26,2026/27,10,MF,21.0,3,3,226.0,2.5,0,0,0,0,0.0,0.4,0.0,0.4,0,0,,,,,0.0,0.0,0.0,0.16,0.0,0.0,0.0,0.0,4,1,1.59,0.4,1.6,0.4,3,2,10,2,0,1,1,2,2,5,0,0.4,0.8,0,0,0,1,116,55,247,154,3,3,100.0,4,1,0.5328382838283827
145,Chris Richards,2025/26,2026/27,10,DF,25.0,4,4,360.0,4.0,0,0,0,0,0.3,0.0,0.3,0.3,2,0,0.0,8.5,0.0,,0.0,0.0,0.075,0.0,0.075,0.0,0.5,0.0,3,0,0.75,0.0,0.75,0.0,1,0,7,0,0,8,5,3,20,8,0,2.0,0.75,0,0,2,1,210,105,435,207,0,0,,0,0,0.5482673267326733
146,Christantus Uche,2025/26,2026/27,10,MF,22.0,1,0,7.0,0.1,0,0,0,0,0.0,0.0,0.0,0.0,1,1,100.0,12.6,0.0,0.0,0.0,0.0,0.0,0.0,0.0,0.0,10.0,10.0,1,0,12.86,0.0,10.0,0.0,0,0,0,1,2,0,0,0,0,0,0,0.0,0.0,0,0,0,1,11,7,26,20,0,0,,0,0,0.2501650165016502
147,Daichi Kamada,2025/26,2026/27,10,MF,29.0,2,2,175.0,1.9,0,0,0,0,0.1,0.6,0.1,0.7,2,2,100.0,23.4,0.0,0.0,0.0,0.0,0.052631578947368425,0.3157894736842105,0.052631578947368425,0.0,1.0526315789473684,1.0526315789473684,4,2,2.06,1.03,2.1052631578947367,1.0526315789473684,1,3,10,2,7,4,3,1,1,1,0,2.1052631578947367,0.5263157894736842,0,0,2,4,80,39,164,82,2,1,50.0,3,1,0.5982673267326732
148,Daniel Muñoz,2025/26,2026/27,10,DF,29.0,4,4,360.0,4.0,0,1,1,0,0.2,1.5,0.2,1.6,3,1,33.3,16.5,0.0,0.0,0.0,0.25,0.05,0.375,0.05,0.25,0.75,0.25,4,1,1.0,0.25,1.0,0.25,2,4,8,6,19,9,5,3,18,0,0,2.25,0.75,2,0,7,4,186,89,419,193,4,1,25.0,4,1,0.7806930693069307
149,Dean Henderson,2025/26,2026/27,10,GK,28.0,4,4,360.0,4.0,0,0,0,0,0.0,0.0,0.0,0.0,0,0,,,,,0.0,0.0,0.0,0.0,0.0,0.0,0.0,0.0,1,0,0.25,0.0,0.25,0.0,1,0,0,0,0,0,0,0,3,0,0,0.0,0.0,0,0,0,0,152,87,399,220,0,0,,0,0,0.28745874587458753
150,Eberechi Eze,2025/26,2026/27,10,MF,27.0,1,1,83.0,0.9,0,0,0,0,0.2,0.0,0.2,0.2,6,2,33.3,32.4,0.0,0.0,0.0,0.0,0.22222222222222224,0.0,0.22222222222222224,0.0,6.666666666666666,2.2222222222222223,3,0,3.25,0.0,3.333333333333333,0.0,0,0,1,0,2,1,1,0,1,1,0,1.1111111111111112,0.0,0,0,2,1,37,18,116,60,4,2,50.0,1,2,0.3791254125412541
151,Ismaila Sarr,2025/26,2026/27,10,MF,27.0,3,3,270.0,3.0,2,0,2,2,2.0,0.0,2.0,2.0,3,2,66.7,5.0,0.67,1.0,0.6666666666666666,0.0,0.6666666666666666,0.0,0.6666666666666666,0.6666666666666666,1.0,0.6666666666666666,5,0,1.67,0.0,1.6666666666666667,0.0,1,2,8,4,12,3,0,1,5,2,0,1.0,0.3333333333333333,1,0,5,4,87,42,297,177,5,1,20.0,8,10,0.5911716171617162
152,Jean-Philippe Mateta,2025/26,2026/27,10,FW,28.0,4,4,351.0,3.9,1,0,1,0,1.8,0.0,1.0,1.0,7,5,71.4,19.8,0.0,0.0,0.25641025641025644,0.0,0.46153846153846156,0.0,0.25641025641025644,0.25641025641025644,1.794871794871795,1.2820512820512822,2,1,0.51,0.26,0.5128205128205129,0.25641025641025644,0,1,4,2,13,1,1,4,10,2,0,0.25641025641025644,1.0256410256410258,2,0,4,4,88,46,165,66,3,1,33.3,12,6,0.6066006600660067
153,Jefferson Lerma,2025/26,2026/27,10,MF,30.0,4,1,133.0,1.5,0,0,0,0,0.4,0.0,0.4,0.4,2,1,50.0,19.3,0.0,0.0,0.0,0.0,0.26666666666666666,0.0,0.26666666666666666,0.0,1.3333333333333333,0.6666666666666666,3,1,2.03,0.68,2.0,0.6666666666666666,0,0,8,1,2,2,1,0,5,1,1,1.3333333333333333,0.0,0,0,2,1,67,28,89,49,0,0,,1,1,0.46666666666666673
154,Justin Devenny,2025/26,2026/27,10,FW,21.0,4,1,100.0,1.1,0,0,0,0,0.0,0.1,0.0,0.2,1,1,100.0,13.6,0.0,0.0,0.0,0.0,0.0,0.09090909090909091,0.0,0.0,0.9090909090909091,0.9090909090909091,5,0,4.5,0.0,4.545454545454545,0.0,2,0,1,5,8,5,4,0,1,2,0,4.545454545454545,0.0,0,0,3,1,46,28,179,114,1,0,0.0,1,3,0.4712871287128714
155,Marc Guéhi,2025/26,2026/27,10,DF,25.0,4,4,360.0,4.0,1,0,1,1,0.2,0.0,0.2,0.2,3,1,33.3,12.7,0.33,1.0,0.25,0.0,0.05,0.0,0.05,0.25,0.75,0.25,5,1,1.25,0.25,1.25,0.25,2,0,13,1,1,5,4,4,18,0,0,1.25,1.0,0,0,1,2,251,167,817,532,0,0,,0,1,0.6562706270627063
156,Maxence Lacroix,2025/26,2026/27,10,DF,25.0,4,4,360.0,4.0,0,1,1,0,0.1,0.5,0.1,0.6,1,1,100.0,8.0,0.0,0.0,0.0,0.25,0.025,0.125,0.025,0.25,0.25,0.25,3,1,0.75,0.25,0.75,0.25,1,0,6,0,1,7,4,7,27,7,1,1.75,1.75,1,0,5,1,244,136,574,310,1,1,100.0,4,1,0.6816006600660067
157,Nathaniel Clyne,2025/26,2026/27,10,DF,34.0,1,0,5.0,0.1,0,0,0,0,0.0,0.0,0.0,0.0,0,0,,,,,0.0,0.0,0.0,0.0,0.0,0.0,0.0,0.0,0,0,0.0,0.0,0.0,0.0,0,0,0,0,0,1,1,0,1,0,0,10.0,0.0,0,0,0,0,5,3,7,6,0,0,,0,0,0.24735973597359737
158,Odsonne Édouard,2025/26,2026/27,10,FW,27.0,1,0,3.0,0.0,0,0,0,0,0.0,0.0,0.0,0.0,0,0,,,,,0.0,0.0,0.0,0.0,0.0,0.0,0.0,0.0,0,0,0.0,0.0,0.0,0.0,0,0,0,0,0,1,1,0,0,0,0,0.0,0.0,0,0,0,1,4,2,5,4,0,0,,0,0,0.23308580858085812
159,Romain Esse,2025/26,2026/27,10,FW,20.0,1,0,25.0,0.3,0,0,0,0,0.0,0.0,0.0,0.0,0,0,,,,,0.0,0.0,0.0,0.0,0.0,0.0,0.0,0.0,0,0,0.0,0.0,0.0,0.0,0,1,2,0,3,2,1,0,0,0,0,6.666666666666667,0.0,0,0,1,2,12,9,26,12,2,1,50.0,2,1,0.3087458745874587
160,Tyrick Mitchell,2025/26,2026/27,10,DF,26.0,4,4,360.0,4.0,0,0,0,0,0.0,0.2,0.0,0.2,0,0,,,,,0.0,0.0,0.0,0.05,0.0,0.0,0.0,0.0,11,0,2.75,0.0,2.75,0.0,4,3,6,13,28,16,11,2,16,6,1,4.0,0.5,1,0,0,0,238,102,662,346,5,1,20.0,5,3,0.7023927392739274
161,Will Hughes,2025/26,2026/27,10,MF,30.0,4,4,319.0,3.5,0,0,0,0,0.2,0.5,0.2,0.6,3,0,0.0,18.4,0.0,,0.0,0.0,0.05714285714285715,0.14285714285714285,0.05714285714285715,0.0,0.8571428571428571,0.0,8,0,2.26,0.0,2.2857142857142856,0.0,5,6,22,1,3,5,3,2,9,2,0,1.4285714285714286,0.5714285714285714,3,0,7,4,153,60,226,137,1,0,0.0,1,2,0.6103960396039604
162,Yeremi Pino,2025/26,2026/27,10,MF,22.0,2,1,103.0,1.1,0,0,0,0,0.8,0.4,0.8,1.1,4,0,0.0,19.8,0.0,,0.0,0.0,0.7272727272727273,0.36363636363636365,0.7272727272727273,0.0,3.6363636363636362,0.0,3,0,2.62,0.0,2.727272727272727,0.0,1,1,8,3,11,1,0,1,0,3,0,0.9090909090909091,0.9090909090909091,0,0,6,3,70,41,192,78,8,4,50.0,2,0,0.5349009900990098
163,Beto,2025/26,2026/27,11,FW,27.0,4,3,266.0,3.0,1,0,1,1,1.8,0.2,1.8,2.0,7,1,14.3,8.8,0.14,1.0,0.3333333333333333,0.0,0.6,0.06666666666666667,0.6,0.3333333333333333,2.3333333333333335,0.3333333333333333,6,0,2.03,0.0,2.0,0.0,1,0,2,1,13,1,1,0,3,3,0,0.3333333333333333,0.0,1,0,6,4,77,34,171,30,2,0,0.0,14,2,0.5195544554455445
164,Carlos Alcaraz,2025/26,2026/27,11,FW,22.0,3,1,115.0,1.3,0,0,0,0,0.0,0.0,0.0,0.0,1,1,100.0,12.8,0.0,0.0,0.0,0.0,0.0,0.0,0.0,0.0,0.7692307692307692,0.7692307692307692,3,0,2.35,0.0,2.3076923076923075,0.0,0,0,1,1,7,4,1,0,0,2,1,3.0769230769230766,0.0,1,0,0,2,52,23,136,66,4,3,75.0,7,0,0.4009075907590759
165,Dwight McNeil,2025/26,2026/27,11,FW,25.0,1,0,20.0,0.2,0,0,0,0,0.2,0.1,0.2,0.4,2,0,0.0,16.5,0.0,,0.0,0.0,1.0,0.5,1.0,0.0,10.0,0.0,1,0,4.5,0.0,5.0,0.0,1,0,0,0,2,0,0,0,0,0,0,0.0,0.0,0,0,0,0,8,7,31,3,0,0,,0,0,0.28836633663366334
166,Harrison Armstrong,2025/26,2026/27,11,FW,18.0,1,0,1.0,0.0,0,0,0,0,0.0,0.0,0.0,0.0,0,0,,,,,0.0,0.0,0.0,0.0,0.0,0.0,0.0,0.0,0,0,0.0,0.0,0.0,0.0,0,0,0,0,0,0,0,0,0,0,0,0.0,0.0,0,0,0,0,0,0,0,0,0,0,,0,0,0.19933993399339933
167,Idrissa Gana Gueye,2025/26,2026/27,11,MF,35.0,4,4,345.0,3.8,0,0,0,0,0.4,0.1,0.4,0.6,6,0,0.0,26.8,0.0,,0.0,0.0,0.10526315789473685,0.026315789473684213,0.10526315789473685,0.0,1.5789473684210527,0.0,6,2,1.57,0.52,1.5789473684210527,0.5263157894736842,2,3,15,2,6,8,5,4,2,4,0,2.1052631578947367,1.0526315789473684,0,0,1,4,195,123,473,199,2,1,50.0,3,1,0.7033003300330034
168,Iliman Ndiaye,2025/26,2026/27,11,FW,25.0,4,4,332.0,3.7,2,0,2,2,1.3,0.5,1.3,1.8,4,3,75.0,14.6,0.5,0.67,0.5405405405405405,0.0,0.35135135135135137,0.13513513513513511,0.35135135135135137,0.5405405405405405,1.081081081081081,0.8108108108108107,10,0,2.71,0.0,2.7027027027027026,0.0,5,0,5,10,18,10,6,1,2,4,1,2.7027027027027026,0.27027027027027023,0,0,5,7,139,78,521,235,20,8,40.0,13,9,0.7581683168316832
169,Jack Grealish,2025/26,2026/27,11,FW,30.0,4,3,286.0,3.2,0,4,4,0,0.4,2.0,0.4,2.4,6,2,33.3,15.2,0.0,0.0,0.0,1.25,0.125,0.625,0.125,1.25,1.875,0.625,18,5,5.66,1.57,5.625,1.5625,10,3,13,25,29,7,6,2,0,4,0,2.1875,0.625,1,0,2,11,166,114,869,498,33,8,24.2,2,10,0.8286303630363038
170,Jake O'Brien,2025/26,2026/27,11,DF,24.0,4,4,360.0,4.0,0,0,0,0,0.3,0.0,0.3,0.4,3,0,0.0,10.4,0.0,,0.0,0.0,0.075,0.0,0.075,0.0,0.75,0.0,5,0,1.25,0.0,1.25,0.0,1,1,10,3,16,7,5,2,14,3,1,1.75,0.5,0,0,1,2,215,83,337,100,9,1,11.1,3,7,0.6503300330033004
171,James Garner,2025/26,2026/27,11,DF,24.0,4,4,360.0,4.0,1,0,1,1,0.2,0.7,0.2,0.8,4,1,25.0,26.0,0.25,1.0,0.25,0.0,0.05,0.175,0.05,0.25,1.0,0.25,14,0,3.5,0.0,3.5,0.0,6,3,19,2,6,10,9,5,14,8,0,2.5,1.25,1,0,2,2,267,131,508,172,3,1,33.3,3,0,0.7701320132013202
172,James Tarkowski,2025/26,2026/27,11,DF,32.0,4,4,360.0,4.0,0,0,0,0,0.4,0.1,0.4,0.5,1,0,0.0,3.4,0.0,,0.0,0.0,0.1,0.025,0.1,0.0,0.25,0.0,3,0,0.75,0.0,0.75,0.0,1,1,15,3,0,7,4,4,30,7,2,1.75,1.0,0,0,5,4,227,114,577,340,4,2,50.0,2,0,0.661963696369637
173,Jordan Pickford,2025/26,2026/27,11,GK,31.0,4,4,360.0,4.0,0,0,0,0,0.0,0.0,0.0,0.0,0,0,,,,,0.0,0.0,0.0,0.0,0.0,0.0,0.0,0.0,0,0,0.0,0.0,0.0,0.0,0,0,0,0,0,0,0,0,7,0,0,0.0,0.0,0,0,0,1,198,112,597,276,0,0,,0,0,0.29744224422442245
174,Kiernan Dewsbury-Hall,2025/26,2026/27,11,MF,27.0,4,4,360.0,4.0,1,1,2,1,0.1,1.6,0.1,1.7,2,1,50.0,16.8,0.5,1.0,0.25,0.25,0.025,0.4,0.025,0.5,0.5,0.25,17,2,4.25,0.5,4.25,0.5,10,12,24,6,14,6,3,1,2,2,0,1.5,0.25,3,0,9,8,184,94,458,215,5,4,80.0,8,3,0.8037953795379538
175,Merlin Röhl,2025/26,2026/27,11,MF,23.0,1,0,25.0,0.3,0,0,0,0,0.0,0.1,0.0,0.1,1,0,0.0,31.0,0.0,,0.0,0.0,0.0,0.33333333333333337,0.0,0.0,3.3333333333333335,0.0,1,0,3.6,0.0,3.3333333333333335,0.0,1,0,1,0,5,2,2,0,0,0,0,6.666666666666667,0.0,0,0,2,1,14,8,20,2,0,0,,1,1,0.33226072607260726
176,Michael Keane,2025/26,2026/27,11,DF,32.0,4,4,360.0,4.0,0,0,0,0,0.5,0.1,0.5,0.7,4,1,25.0,7.9,0.0,0.0,0.0,0.0,0.125,0.025,0.125,0.0,1.0,0.25,2,0,0.5,0.0,0.5,0.0,1,0,6,0,0,4,2,5,31,2,0,1.0,1.25,0,0,2,0,199,98,319,135,1,1,100.0,3,0,0.5641914191419143
177,Séamus Coleman,2025/26,2026/27,11,FW,36.0,1,0,1.0,0.0,0,0,0,0,0.0,0.0,0.0,0.0,0,0,,,,,0.0,0.0,0.0,0.0,0.0,0.0,0.0,0.0,0,0,0.0,0.0,0.0,0.0,0,0,0,0,0,0,0,0,0,0,0,0.0,0.0,0,0,0,0,0,0,0,0,0,0,,0,0,0.19933993399339933
178,Thierno Barry,2025/26,2026/27,11,FW,22.0,4,1,99.0,1.1,0,0,0,0,0.5,0.0,0.5,0.5,4,0,0.0,8.1,0.0,,0.0,0.0,0.45454545454545453,0.0,0.45454545454545453,0.0,3.6363636363636362,0.0,2,0,1.82,0.0,1.8181818181818181,0.0,0,0,1,2,5,0,0,1,0,1,0,0.0,0.9090909090909091,0,0,1,0,41,18,90,49,1,0,0.0,3,0,0.3596534653465346
179,Tim Iroegbunam,2025/26,2026/27,11,MF,22.0,4,3,220.0,2.4,0,0,0,0,0.2,0.0,0.2,0.2,3,0,0.0,24.6,0.0,,0.0,0.0,0.08333333333333334,0.0,0.08333333333333334,0.0,1.25,0.0,1,0,0.41,0.0,0.4166666666666667,0.0,0,0,6,1,2,3,2,5,2,7,0,1.25,2.0833333333333335,3,0,5,3,94,44,185,98,4,2,50.0,1,2,0.5021452145214521
180,Vitaliy Mykolenko,2025/26,2026/27,11,DF,26.0,1,1,90.0,1.0,0,0,0,0,0.0,0.0,0.0,0.0,0,0,,,,,0.0,0.0,0.0,0.0,0.0,0.0,0.0,0.0,1,1,1.0,1.0,1.0,1.0,0,1,5,0,0,1,1,1,5,1,1,1.0,1.0,0,0,1,2,58,29,93,55,1,0,0.0,1,0,0.3797029702970297
181,Adama Traoré,2025/26,2026/27,12,FW,29.0,3,0,63.0,0.7,0,0,0,0,0.0,0.1,0.0,0.1,1,0,0.0,10.9,0.0,,0.0,0.0,0.0,0.14285714285714288,0.0,0.0,1.4285714285714286,0.0,2,0,2.86,0.0,2.857142857142857,0.0,1,1,0,5,7,0,0,0,0,0,0,0.0,0.0,0,0,2,1,30,19,148,82,3,0,0.0,2,1,0.3346534653465347
182,Alex Iwobi,2025/26,2026/27,12,FW,29.0,4,4,313.0,3.5,0,1,1,0,0.1,1.0,0.1,1.2,5,1,20.0,24.5,0.0,0.0,0.0,0.2857142857142857,0.028571428571428574,0.2857142857142857,0.028571428571428574,0.2857142857142857,1.4285714285714286,0.2857142857142857,7,1,2.01,0.29,2.0,0.2857142857142857,4,13,24,19,21,4,2,2,1,4,0,1.1428571428571428,0.5714285714285714,1,0,3,2,191,141,867,484,10,2,20.0,5,2,0.7513201320132015
183,Antonee Robinson,2025/26,2026/27,12,DF,28.0,2,0,53.0,0.6,0,0,0,0,0.0,0.0,0.0,0.0,0,0,,,,,0.0,0.0,0.0,0.0,0.0,0.0,0.0,0.0,4,1,6.79,1.7,6.666666666666667,1.6666666666666667,1,1,4,3,6,0,0,1,1,0,0,0.0,1.6666666666666667,0,0,0,0,53,30,154,84,0,0,,3,0,0.408993399339934
184,Bernd Leno,2025/26,2026/27,12,GK,33.0,4,4,360.0,4.0,0,0,0,0,0.0,0.0,0.0,0.0,0,0,,,,,0.0,0.0,0.0,0.0,0.0,0.0,0.0,0.0,0,0,0.0,0.0,0.0,0.0,0,0,0,0,0,1,0,0,1,0,0,0.25,0.0,0,0,0,1,184,131,492,262,0,0,,0,0,0.2841584158415842
185,Calvin Bassey,2025/26,2026/27,12,DF,25.0,4,4,360.0,4.0,0,0,0,0,0.2,0.0,0.2,0.2,1,0,0.0,4.8,0.0,,0.0,0.0,0.05,0.0,0.05,0.0,0.25,0.0,2,0,0.5,0.0,0.5,0.0,0,2,14,7,2,6,3,0,14,1,1,1.5,0.0,1,0,3,6,285,205,1078,566,6,3,50.0,0,6,0.6096534653465345
186,Emile Smith Rowe,2025/26,2026/27,12,MF,25.0,4,0,89.0,1.0,1,0,1,1,0.8,0.0,0.8,0.8,3,1,33.3,14.3,0.33,1.0,1.0,0.0,0.8,0.0,0.8,1.0,3.0,1.0,2,1,2.02,1.01,2.0,1.0,1,2,4,1,8,0,0,0,0,1,0,0.0,0.0,0,0,1,1,66,40,154,77,6,1,16.7,1,0,0.4568481848184819
187,Harry Wilson,2025/26,2026/27,12,FW,28.0,4,2,209.0,2.3,0,0,0,0,0.2,0.0,0.2,0.2,3,1,33.3,14.6,0.0,0.0,0.0,0.0,0.08695652173913045,0.0,0.08695652173913045,0.0,1.3043478260869565,0.4347826086956522,1,0,0.43,0.0,0.4347826086956522,0.0,0,1,2,4,18,5,3,0,2,1,0,2.173913043478261,0.0,0,0,1,7,82,48,256,133,5,2,40.0,6,2,0.5140264026402641
188,Joachim Andersen,2025/26,2026/27,12,DF,29.0,4,4,360.0,4.0,0,0,0,0,0.2,0.7,0.2,0.9,2,0,0.0,11.9,0.0,,0.0,0.0,0.05,0.175,0.05,0.0,0.5,0.0,5,0,1.25,0.0,1.25,0.0,2,4,22,5,1,10,7,4,27,1,0,2.5,1.0,0,0,6,3,324,202,1096,719,1,1,100.0,2,0,0.7274752475247526
189,Jorge Cuenca,2025/26,2026/27,12,DF,25.0,1,1,83.0,0.9,0,0,0,0,0.0,0.0,0.0,0.0,0,0,,,,,0.0,0.0,0.0,0.0,0.0,0.0,0.0,0.0,0,0,0.0,0.0,0.0,0.0,0,0,2,0,0,1,1,0,2,0,0,1.1111111111111112,0.0,0,0,0,0,60,48,124,56,0,0,,0,0,0.30033003300330036
190,Joshua King,2025/26,2026/27,12,MF,18.0,4,4,271.0,3.0,0,0,0,0,0.4,0.1,0.4,0.5,4,3,75.0,18.7,0.0,0.0,0.0,0.0,0.13333333333333333,0.03333333333333333,0.13333333333333333,0.0,1.3333333333333333,1.0,5,0,1.66,0.0,1.6666666666666667,0.0,2,2,15,7,18,5,2,1,0,3,0,1.6666666666666667,0.3333333333333333,0,0,1,5,98,65,430,212,6,0,0.0,7,6,0.5823432343234323
191,Kenny Tete,2025/26,2026/27,12,DF,29.0,4,4,360.0,4.0,0,0,0,0,0.1,0.1,0.1,0.2,1,0,0.0,10.2,0.0,,0.0,0.0,0.025,0.025,0.025,0.0,0.25,0.0,1,0,0.25,0.0,0.25,0.0,1,3,18,6,6,13,8,3,12,3,0,3.25,0.75,0,0,3,10,222,107,479,255,5,1,20.0,2,1,0.6662541254125414
192,Kevin,2025/26,2026/27,12,FW,22.0,1,0,15.0,0.2,0,0,0,0,0.0,0.0,0.0,0.1,1,1,100.0,22.9,0.0,0.0,0.0,0.0,0.0,0.0,0.0,0.0,5.0,5.0,3,0,18.0,0.0,15.0,0.0,1,2,0,3,3,0,0,0,0,1,0,0.0,0.0,0,0,0,0,15,9,88,46,3,2,66.7,2,3,0.3274752475247525
193,Raúl Jiménez,2025/26,2026/27,12,FW,34.0,4,1,123.0,1.4,0,0,0,0,0.4,0.0,0.4,0.4,4,0,0.0,14.2,0.0,,0.0,0.0,0.28571428571428575,0.0,0.28571428571428575,0.0,2.857142857142857,0.0,1,0,0.73,0.0,0.7142857142857143,0.0,0,0,2,0,5,3,2,0,2,1,0,2.142857142857143,0.0,0,0,6,0,47,25,61,17,2,0,0.0,6,3,0.39414191419141914
194,Rodrigo Muniz,2025/26,2026/27,12,FW,24.0,4,3,237.0,2.6,1,0,1,1,0.8,0.1,0.8,0.9,6,2,33.3,9.0,0.17,0.5,0.3846153846153846,0.0,0.3076923076923077,0.038461538461538464,0.3076923076923077,0.3846153846153846,2.3076923076923075,0.7692307692307692,1,0,0.38,0.0,0.3846153846153846,0.0,2,1,2,0,5,2,1,0,4,2,0,0.7692307692307692,0.0,1,0,6,5,67,32,85,22,6,1,16.7,10,2,0.4770627062706271
195,Ryan Sessegnon,2025/26,2026/27,12,DF,25.0,3,3,217.0,2.4,0,0,0,0,0.0,0.7,0.0,0.7,0,0,,,,,0.0,0.0,0.0,0.2916666666666667,0.0,0.0,0.0,0.0,5,0,2.07,0.0,2.0833333333333335,0.0,3,2,8,6,17,8,3,3,7,2,0,3.3333333333333335,1.25,0,0,6,0,150,68,379,198,6,2,33.3,5,1,0.6647689768976899
196,Sander Berge,2025/26,2026/27,12,MF,27.0,4,4,328.0,3.6,0,0,0,0,0.4,0.2,0.4,0.7,1,0,0.0,2.3,0.0,,0.0,0.0,0.11111111111111112,0.05555555555555556,0.11111111111111112,0.0,0.2777777777777778,0.0,5,0,1.37,0.0,1.3888888888888888,0.0,1,3,17,2,2,6,5,3,3,5,0,1.6666666666666665,0.8333333333333333,1,0,8,1,191,109,472,226,3,0,0.0,1,1,0.6242574257425743
197,Saša Lukić,2025/26,2026/27,12,MF,29.0,4,4,360.0,4.0,0,0,0,0,0.5,0.6,0.5,1.1,1,0,0.0,5.3,0.0,,0.0,0.0,0.125,0.15,0.125,0.0,0.25,0.0,11,0,2.75,0.0,2.75,0.0,7,4,9,7,13,11,7,3,4,6,1,2.75,0.75,2,0,15,7,179,91,462,235,2,1,50.0,4,4,0.7293729372937292
198,Timothy Castagne,2025/26,2026/27,12,FW,29.0,3,2,127.0,1.4,0,0,0,0,0.4,0.1,0.4,0.5,3,0,0.0,7.7,0.0,,0.0,0.0,0.28571428571428575,0.07142857142857144,0.28571428571428575,0.0,2.142857142857143,0.0,8,0,5.67,0.0,5.714285714285714,0.0,1,3,3,1,10,3,0,2,2,1,0,2.142857142857143,1.4285714285714286,0,0,2,1,62,33,106,47,1,0,0.0,2,0,0.4953795379537953
199,Tom Cairney,2025/26,2026/27,12,MF,34.0,2,0,32.0,0.4,0,0,0,0,0.0,0.0,0.0,0.0,0,0,,,,,0.0,0.0,0.0,0.0,0.0,0.0,0.0,0.0,0,0,0.0,0.0,0.0,0.0,0,0,0,0,1,0,0,0,0,0,0,0.0,0.0,1,0,1,1,25,18,73,15,2,0,0.0,1,1,0.2235973597359736
200,Anton Stach,2025/26,2026/27,16,MF,26.0,4,4,360.0,4.0,0,0,0,0,0.5,0.8,0.5,1.3,10,1,10.0,20.3,0.0,0.0,0.0,0.0,0.125,0.2,0.125,0.0,2.5,0.25,20,1,5.0,0.25,5.0,0.25,11,3,23,8,9,7,3,2,9,3,1,1.75,0.5,1,0,9,7,207,81,425,239,8,2,25.0,2,2,0.7698019801980199
201,Ao Tanaka,2025/26,2026/27,16,MF,27.0,2,2,146.0,1.6,0,0,0,0,0.1,0.1,0.1,0.2,2,0,0.0,24.0,0.0,,0.0,0.0,0.0625,0.0625,0.0625,0.0,1.25,0.0,6,0,3.7,0.0,3.75,0.0,2,1,6,1,2,0,0,1,0,1,0,0.0,0.625,0,0,1,2,79,50,202,82,2,0,0.0,0,2,0.4075907590759076
202,Brenden Aaronson,2025/26,2026/27,16,FW,24.0,4,1,156.0,1.7,0,0,0,0,0.1,0.5,0.1,0.7,1,1,100.0,8.2,0.0,0.0,0.0,0.0,0.05882352941176471,0.29411764705882354,0.05882352941176471,0.0,0.5882352941176471,0.5882352941176471,4,0,2.31,0.0,2.3529411764705883,0.0,3,2,2,2,9,9,6,0,4,5,0,5.294117647058823,0.0,0,0,2,4,77,36,182,81,6,4,66.7,5,3,0.5890264026402641
203,Daniel James,2025/26,2026/27,16,FW,27.0,4,3,213.0,2.4,0,0,0,0,0.4,0.3,0.4,0.7,5,0,0.0,16.2,0.0,,0.0,0.0,0.16666666666666669,0.125,0.16666666666666669,0.0,2.0833333333333335,0.0,5,0,2.11,0.0,2.0833333333333335,0.0,2,2,5,8,17,1,1,0,2,4,0,0.4166666666666667,0.0,0,0,0,4,73,37,283,190,4,1,25.0,4,0,0.5466996699669966
204,Dominic Calvert-Lewin,2025/26,2026/27,16,FW,28.0,2,1,89.0,1.0,0,0,0,0,0.4,0.0,0.4,0.4,3,2,66.7,18.2,0.0,0.0,0.0,0.0,0.4,0.0,0.4,0.0,3.0,2.0,2,0,2.02,0.0,2.0,0.0,1,1,1,1,3,0,0,1,0,0,0,0.0,1.0,0,0,0,3,23,16,108,48,0,0,,4,0,0.33811881188118814
205,Ethan Ampadu,2025/26,2026/27,16,MF,25.0,2,2,167.0,1.9,0,0,0,0,0.0,0.0,0.0,0.0,0,0,,,,,0.0,0.0,0.0,0.0,0.0,0.0,0.0,0.0,3,0,1.62,0.0,1.5789473684210527,0.0,0,0,5,1,3,5,1,2,3,0,0,2.6315789473684212,1.0526315789473684,0,0,1,2,125,58,298,106,0,0,,0,0,0.4518151815181518
206,Gabriel Gudmundsson,2025/26,2026/27,16,DF,26.0,4,4,349.0,3.9,0,0,0,0,0.2,0.3,0.2,0.5,3,0,0.0,16.5,0.0,,0.0,0.0,0.05128205128205129,0.07692307692307693,0.05128205128205129,0.0,0.7692307692307693,0.0,8,0,2.06,0.0,2.0512820512820515,0.0,4,3,12,9,14,8,6,4,12,2,0,2.0512820512820515,1.0256410256410258,1,0,4,4,232,108,476,284,12,4,33.3,4,1,0.7599009900990097
207,Ilia Gruev,2025/26,2026/27,16,MF,25.0,3,2,193.0,2.1,0,0,0,0,0.0,0.0,0.0,0.0,0,0,,,,,0.0,0.0,0.0,0.0,0.0,0.0,0.0,0.0,0,0,0.0,0.0,0.0,0.0,0,0,6,0,0,5,4,3,2,2,0,2.380952380952381,1.4285714285714286,0,0,0,0,113,64,236,56,0,0,,1,0,0.4172442244224423
208,Jack Harrison,2025/26,2026/27,16,FW,28.0,3,0,67.0,0.7,0,0,0,0,0.0,0.0,0.0,0.0,0,0,,,,,0.0,0.0,0.0,0.0,0.0,0.0,0.0,0.0,1,0,1.34,0.0,1.4285714285714286,0.0,0,1,2,4,7,2,1,3,0,1,0,2.857142857142857,4.285714285714286,0,0,0,2,37,21,170,79,4,2,50.0,3,0,0.4282178217821782
209,James Justin,2025/26,2026/27,16,DF,27.0,1,0,11.0,0.1,0,0,0,0,0.0,0.0,0.0,0.0,0,0,,,,,0.0,0.0,0.0,0.0,0.0,0.0,0.0,0.0,0,0,0.0,0.0,0.0,0.0,0,0,0,0,0,0,0,0,0,2,0,0.0,0.0,0,0,0,0,4,1,5,0,0,0,,0,0,0.20066006600660066
210,Jayden Bogle,2025/26,2026/27,16,DF,25.0,4,4,352.0,3.9,0,0,0,0,0.2,0.1,0.2,0.2,4,1,25.0,22.2,0.0,0.0,0.0,0.0,0.05128205128205129,0.025641025641025644,0.05128205128205129,0.0,1.0256410256410258,0.25641025641025644,3,0,0.77,0.0,0.7692307692307693,0.0,1,1,10,16,14,8,3,5,9,3,0,2.0512820512820515,1.2820512820512822,1,0,7,4,184,90,774,459,12,5,41.7,4,3,0.7090759075907591
211,Joe Rodon,2025/26,2026/27,16,DF,27.0,4,4,360.0,4.0,0,0,0,0,0.0,0.0,0.0,0.0,0,0,,,,,0.0,0.0,0.0,0.0,0.0,0.0,0.0,0.0,0,0,0.0,0.0,0.0,0.0,0,0,12,2,0,2,1,6,28,4,0,0.5,1.5,0,0,4,6,238,128,586,357,1,1,100.0,1,1,0.500082508250825
212,Joël Piroe,2025/26,2026/27,16,FW,26.0,2,2,134.0,1.5,0,0,0,0,0.3,0.0,0.3,0.3,3,1,33.3,13.4,0.0,0.0,0.0,0.0,0.19999999999999998,0.0,0.19999999999999998,0.0,2.0,0.6666666666666666,1,0,0.67,0.0,0.6666666666666666,0.0,0,0,1,0,3,0,0,0,0,0,0,0.0,0.0,0,0,1,0,38,13,38,16,0,0,,2,1,0.2877062706270628
213,Karl Darlow,2025/26,2026/27,16,GK,34.0,1,1,90.0,1.0,0,0,0,0,0.0,0.0,0.0,0.0,0,0,,,,,0.0,0.0,0.0,0.0,0.0,0.0,0.0,0.0,1,0,1.0,0.0,1.0,0.0,0,0,0,0,0,0,0,0,0,0,0,0.0,0.0,0,0,0,2,43,29,127,59,0,0,,0,0,0.23110561056105614
214,Lucas Perri,2025/26,2026/27,16,GK,27.0,3,3,270.0,3.0,0,0,0,0,0.0,0.0,0.0,0.0,0,0,,,,,0.0,0.0,0.0,0.0,0.0,0.0,0.0,0.0,0,0,0.0,0.0,0.0,0.0,0,0,0,0,0,0,0,0,1,0,0,0.0,0.0,0,0,0,0,116,73,343,214,0,0,,0,0,0.2537128712871287
215,Lukas Nmecha,2025/26,2026/27,16,FW,26.0,4,1,137.0,1.5,1,0,1,0,0.9,0.0,0.2,0.2,2,0,0.0,20.5,0.0,,0.6666666666666666,0.0,0.6,0.0,0.13333333333333333,0.6666666666666666,1.3333333333333333,0.0,4,0,2.63,0.0,2.6666666666666665,0.0,0,0,1,1,7,0,0,1,4,1,0,0.0,0.6666666666666666,0,0,4,4,50,31,123,36,0,0,,5,3,0.4508250825082509
216,Noah Okafor,2025/26,2026/27,16,FW,25.0,2,1,92.0,1.0,0,0,0,0,0.2,0.0,0.2,0.2,2,0,0.0,10.1,0.0,,0.0,0.0,0.2,0.0,0.2,0.0,2.0,0.0,3,0,2.93,0.0,3.0,0.0,1,1,4,3,6,3,3,2,1,0,0,3.0,2.0,1,0,2,1,42,32,304,95,6,1,16.7,3,6,0.506023102310231
217,Pascal Struijk,2025/26,2026/27,16,DF,26.0,4,4,360.0,4.0,0,0,0,0,0.2,0.0,0.2,0.2,2,1,50.0,7.5,0.0,0.0,0.0,0.0,0.05,0.0,0.05,0.0,0.5,0.25,2,0,0.5,0.0,0.5,0.0,1,1,11,0,0,3,3,1,22,0,0,0.75,0.25,0,0,3,1,261,156,705,388,0,0,,0,2,0.5036303630363037
218,Sam Byram,2025/26,2026/27,16,DF,31.0,1,0,8.0,0.1,0,0,0,0,0.0,0.0,0.0,0.0,0,0,,,,,0.0,0.0,0.0,0.0,0.0,0.0,0.0,0.0,0,0,0.0,0.0,0.0,0.0,0,0,0,0,0,0,0,0,0,0,0,0.0,0.0,0,0,1,0,1,1,3,1,0,0,,0,0,0.20066006600660066
219,Sean Longstaff,2025/26,2026/27,16,MF,27.0,4,2,214.0,2.4,0,0,0,0,0.0,0.0,0.0,0.1,1,0,0.0,20.9,0.0,,0.0,0.0,0.0,0.0,0.0,0.0,0.4166666666666667,0.0,6,0,2.52,0.0,2.5,0.0,1,0,4,0,0,7,5,2,2,4,0,2.916666666666667,0.8333333333333334,0,0,2,4,107,49,229,76,3,0,0.0,0,4,0.4537953795379538
220,Wilfried Gnonto,2025/26,2026/27,16,FW,21.0,4,3,192.0,2.1,0,0,0,0,0.2,0.1,0.2,0.3,5,0,0.0,21.9,0.0,,0.0,0.0,0.09523809523809523,0.047619047619047616,0.09523809523809523,0.0,2.380952380952381,0.0,4,0,1.87,0.0,1.9047619047619047,0.0,1,1,4,4,14,9,7,2,0,2,0,4.285714285714286,0.9523809523809523,1,0,1,0,102,58,353,183,10,1,10.0,1,1,0.5976072607260726
221,Alexis Mac Allister,2025/26,2026/27,18,MF,26.0,3,3,176.0,2.0,0,1,1,0,0.1,0.7,0.1,0.8,2,1,50.0,22.9,0.0,0.0,0.0,0.5,0.05,0.35,0.05,0.5,1.0,0.5,5,1,2.56,0.51,2.5,0.5,3,1,9,2,7,4,3,3,0,6,0,2.0,1.5,0,0,3,3,138,84,383,247,4,0,0.0,3,1,0.6274752475247526
222,Alisson,2025/26,2026/27,18,GK,32.0,4,4,360.0,4.0,0,0,0,0,0.0,0.0,0.0,0.0,0,0,,,,,0.0,0.0,0.0,0.0,0.0,0.0,0.0,0.0,1,1,0.25,0.25,0.25,0.25,0,0,4,0,0,0,0,0,4,0,0,0.0,0.0,0,0,0,1,161,109,421,240,0,0,,0,0,0.35346534653465345
223,Andrew Robertson,2025/26,2026/27,18,DF,31.0,2,0,84.0,0.9,0,0,0,0,0.1,0.3,0.1,0.4,1,1,100.0,15.0,0.0,0.0,0.0,0.0,0.11111111111111112,0.3333333333333333,0.11111111111111112,0.0,1.1111111111111112,1.1111111111111112,8,0,8.57,0.0,8.88888888888889,0.0,5,5,9,3,10,0,0,0,2,1,0,0.0,0.0,0,0,0,0,81,54,193,117,1,1,100.0,1,0,0.5016501650165016
224,Cody Gakpo,2025/26,2026/27,18,FW,26.0,4,4,359.0,4.0,1,2,3,1,0.5,1.4,0.5,1.9,11,3,27.3,18.1,0.09,0.33,0.25,0.5,0.125,0.35,0.125,0.75,2.75,0.75,15,3,3.76,0.75,3.75,0.75,8,7,11,17,39,5,1,2,3,7,0,1.25,0.5,0,0,5,11,182,105,764,473,18,6,33.3,10,4,0.8392739273927393
225,Conor Bradley,2025/26,2026/27,18,DF,22.0,2,0,56.0,0.6,0,0,0,0,0.0,0.0,0.0,0.0,1,0,0.0,14.9,0.0,,0.0,0.0,0.0,0.0,0.0,0.0,1.6666666666666667,0.0,0,0,0.0,0.0,0.0,0.0,0,2,4,5,5,1,1,0,1,2,0,1.6666666666666667,0.0,2,0,2,2,64,41,259,167,4,1,25.0,0,3,0.3913366336633663
226,Curtis Jones,2025/26,2026/27,18,MF,24.0,3,1,138.0,1.5,0,0,0,0,0.0,0.1,0.0,0.1,0,0,,,,,0.0,0.0,0.0,0.06666666666666667,0.0,0.0,0.0,0.0,4,2,2.61,1.3,2.6666666666666665,1.3333333333333333,2,4,15,3,4,4,2,0,1,1,0,2.6666666666666665,0.0,0,0,0,2,99,64,323,155,2,2,100.0,2,0,0.559983498349835
227,Dominik Szoboszlai,2025/26,2026/27,18,DF,24.0,4,4,360.0,4.0,1,0,1,1,0.3,0.2,0.3,0.6,10,3,30.0,24.8,0.1,0.33,0.25,0.0,0.075,0.05,0.075,0.25,2.5,0.75,11,2,2.75,0.5,2.75,0.5,3,3,26,7,12,8,7,3,14,4,1,2.0,0.75,0,0,5,1,320,186,946,485,4,2,50.0,3,2,0.8410891089108911
228,Federico Chiesa,2025/26,2026/27,18,FW,27.0,4,0,51.0,0.6,1,0,1,1,0.4,0.0,0.4,0.4,3,1,33.3,14.7,0.33,1.0,1.6666666666666667,0.0,0.6666666666666667,0.0,0.6666666666666667,1.6666666666666667,5.0,1.6666666666666667,2,1,3.53,1.76,3.3333333333333335,1.6666666666666667,0,1,2,2,2,1,1,0,1,1,0,1.6666666666666667,0.0,0,0,1,2,19,8,69,59,1,0,0.0,2,1,0.4304455445544555
229,Florian Wirtz,2025/26,2026/27,18,MF,22.0,4,4,334.0,3.7,0,0,0,0,0.5,0.6,0.5,1.1,7,2,28.6,18.8,0.0,0.0,0.0,0.0,0.13513513513513511,0.16216216216216214,0.13513513513513511,0.0,1.8918918918918919,0.5405405405405405,18,0,4.85,0.0,4.864864864864865,0.0,8,5,22,10,23,6,5,2,3,6,1,1.6216216216216215,0.5405405405405405,0,0,3,4,228,115,606,274,5,3,60.0,9,5,0.7600660066006599
230,Harvey Elliott,2025/26,2026/27,18,MF,22.0,1,0,1.0,0.0,0,0,0,0,0.0,0.0,0.0,0.0,0,0,,,,,0.0,0.0,0.0,0.0,0.0,0.0,0.0,0.0,0,0,0.0,0.0,0.0,0.0,0,0,0,0,1,0,0,0,0,0,0,0.0,0.0,0,0,0,0,9,5,21,4,1,0,0.0,0,0,0.216006600660066
231,Hugo Ekitike,2025/26,2026/27,18,FW,23.0,4,4,299.0,3.3,2,1,3,2,1.4,0.3,1.4,1.7,7,3,42.9,14.0,0.29,0.67,0.6060606060606061,0.30303030303030304,0.42424242424242425,0.09090909090909091,0.42424242424242425,0.9090909090909092,2.121212121212121,0.9090909090909092,9,2,2.71,0.6,2.7272727272727275,0.6060606060606061,4,2,7,5,15,1,1,0,5,0,0,0.30303030303030304,0.0,0,0,5,2,93,54,272,111,10,6,60.0,6,7,0.7249174917491747
232,Ibrahima Konaté,2025/26,2026/27,18,DF,26.0,4,4,344.0,3.8,0,0,0,0,0.5,0.1,0.5,0.6,1,0,0.0,2.3,0.0,,0.0,0.0,0.13157894736842105,0.026315789473684213,0.13157894736842105,0.0,0.2631578947368421,0.0,2,0,0.52,0.0,0.5263157894736842,0.0,2,0,13,7,0,6,5,2,17,4,0,1.5789473684210527,0.5263157894736842,1,0,4,3,260,155,894,576,2,2,100.0,1,2,0.6584158415841583
233,Jeremie Frimpong,2025/26,2026/27,18,DF,24.0,2,1,63.0,0.7,0,0,0,0,0.1,0.0,0.1,0.1,2,1,50.0,20.3,0.0,0.0,0.0,0.0,0.14285714285714288,0.0,0.14285714285714288,0.0,2.857142857142857,1.4285714285714286,1,0,1.43,0.0,1.4285714285714286,0.0,0,0,0,1,3,1,1,1,2,2,0,1.4285714285714286,1.4285714285714286,0,0,0,1,31,17,63,43,1,1,100.0,0,0,0.3794554455445544
234,Joe Gomez,2025/26,2026/27,18,DF,28.0,2,0,31.0,0.3,0,0,0,0,0.0,0.0,0.0,0.0,0,0,,,,,0.0,0.0,0.0,0.0,0.0,0.0,0.0,0.0,0,0,0.0,0.0,0.0,0.0,0,0,1,0,0,0,0,0,8,0,0,0.0,0.0,0,0,0,0,28,7,24,11,0,0,,0,0,0.2597359735973597
235,Milos Kerkez,2025/26,2026/27,18,DF,21.0,4,4,276.0,3.1,0,0,0,0,0.1,0.0,0.1,0.1,1,0,0.0,8.7,0.0,,0.0,0.0,0.03225806451612903,0.0,0.03225806451612903,0.0,0.3225806451612903,0.0,3,1,0.98,0.33,0.9677419354838709,0.3225806451612903,1,2,10,3,6,6,5,0,18,4,1,1.9354838709677418,0.0,2,0,3,4,200,92,367,159,0,0,,4,1,0.5857260726072607
236,Mohamed Salah,2025/26,2026/27,18,FW,33.0,4,4,359.0,4.0,2,1,3,1,1.1,0.5,0.3,0.8,4,2,50.0,19.1,0.25,0.5,0.5,0.25,0.275,0.125,0.075,0.75,1.0,0.5,7,1,1.75,0.25,1.75,0.25,4,8,12,14,43,0,0,0,1,3,0,0.0,0.0,0,0,2,3,163,107,664,341,3,1,33.3,9,5,0.6866336633663368
237,Rio Ngumoha,2025/26,2026/27,18,MF,17.0,2,0,5.0,0.1,1,0,1,1,0.4,0.1,0.4,0.4,1,1,100.0,13.3,1.0,1.0,10.0,0.0,4.0,1.0,4.0,10.0,10.0,10.0,1,0,18.0,0.0,10.0,0.0,1,0,0,4,5,0,0,0,0,0,0,0.0,0.0,0,0,0,0,9,8,81,60,1,1,100.0,1,0,0.40231023102310226
238,Ryan Gravenberch,2025/26,2026/27,18,MF,23.0,3,3,270.0,3.0,1,0,1,1,0.2,0.2,0.2,0.4,6,1,16.7,25.6,0.17,1.0,0.3333333333333333,0.0,0.06666666666666667,0.06666666666666667,0.06666666666666667,0.3333333333333333,2.0,0.3333333333333333,14,0,4.67,0.0,4.666666666666667,0.0,5,0,16,8,8,3,3,2,5,1,0,1.0,0.6666666666666666,2,0,3,2,222,154,815,403,8,5,62.5,4,2,0.7378712871287129
239,Virgil van Dijk,2025/26,2026/27,18,DF,34.0,4,4,360.0,4.0,0,0,0,0,0.2,0.0,0.2,0.2,2,1,50.0,9.9,0.0,0.0,0.0,0.0,0.05,0.0,0.05,0.0,0.5,0.25,7,1,1.75,0.25,1.75,0.25,1,1,24,8,2,2,1,4,39,7,0,0.5,1.0,0,0,1,3,371,213,1039,693,1,1,100.0,1,1,0.6674092409240925
240,Wataru Endo,2025/26,2026/27,18,MF,32.0,3,0,34.0,0.4,0,1,1,0,0.0,0.1,0.0,0.1,0,0,,,,,0.0,2.5,0.0,0.25,0.0,2.5,0.0,0.0,2,1,5.29,2.65,5.0,2.5,1,0,1,1,0,2,1,0,2,0,0,5.0,0.0,1,0,1,0,24,7,27,12,0,0,,1,1,0.39975247524752483
241,Abdukodir Khusanov,2025/26,2026/27,20,DF,21.0,3,2,183.0,2.0,0,0,0,0,0.0,0.0,0.0,0.0,0,0,,,,,0.0,0.0,0.0,0.0,0.0,0.0,0.0,0.0,0,0,0.0,0.0,0.0,0.0,0,0,4,2,2,7,4,5,8,2,0,3.5,2.5,1,0,3,3,149,73,380,193,2,2,100.0,0,1,0.5293729372937294
242,Bernardo Silva,2025/26,2026/27,20,MF,31.0,4,3,260.0,2.9,0,1,1,0,0.1,1.7,0.1,1.8,1,0,0.0,9.0,0.0,,0.0,0.3448275862068966,0.034482758620689655,0.5862068965517241,0.034482758620689655,0.3448275862068966,0.3448275862068966,0.0,10,1,3.46,0.35,3.4482758620689657,0.3448275862068966,6,4,10,7,18,6,3,2,3,1,0,2.0689655172413794,0.6896551724137931,0,0,6,2,171,101,503,215,6,0,0.0,8,7,0.7225247524752476
243,Erling Haaland,2025/26,2026/27,20,FW,25.0,4,4,338.0,3.8,5,0,5,5,4.9,0.8,4.9,5.8,19,8,42.1,10.1,0.26,0.63,1.3157894736842106,0.0,1.2894736842105265,0.2105263157894737,1.2894736842105265,1.3157894736842106,5.0,2.1052631578947367,7,0,1.86,0.0,1.842105263157895,0.0,2,1,4,7,11,1,0,0,7,0,0,0.2631578947368421,0.0,0,0,3,1,82,41,199,145,6,3,50.0,6,1,0.6266501650165016
244,Gianluigi Donnarumma,2025/26,2026/27,20,GK,26.0,1,1,90.0,1.0,0,0,0,0,0.0,0.0,0.0,0.0,0,0,,,,,0.0,0.0,0.0,0.0,0.0,0.0,0.0,0.0,0,0,0.0,0.0,0.0,0.0,0,0,0,0,0,0,0,0,0,0,0,0.0,0.0,0,0,0,0,33,19,84,47,0,0,,0,0,0.21262376237623762
245,James Trafford,2025/26,2026/27,20,GK,22.0,3,3,270.0,3.0,0,0,0,0,0.0,0.0,0.0,0.0,0,0,,,,,0.0,0.0,0.0,0.0,0.0,0.0,0.0,0.0,0,0,0.0,0.0,0.0,0.0,0,0,0,0,0,2,1,0,5,0,1,0.6666666666666666,0.0,0,0,0,1,132,84,343,127,1,1,100.0,0,0,0.34702970297029706
246,Jeremy Doku,2025/26,2026/27,20,MF,23.0,4,2,197.0,2.2,0,2,2,0,0.0,0.9,0.0,0.9,0,0,,,,,0.0,0.9090909090909091,0.0,0.40909090909090906,0.0,0.9090909090909091,0.0,0.0,12,3,5.48,1.37,5.454545454545454,1.3636363636363635,7,2,3,18,22,0,0,1,0,2,0,0.0,0.45454545454545453,0,0,3,5,100,78,670,415,13,5,38.5,11,7,0.6215346534653466
247,John Stones,2025/26,2026/27,20,DF,31.0,3,3,261.0,2.9,0,0,0,0,0.0,0.0,0.0,0.0,0,0,,,,,0.0,0.0,0.0,0.0,0.0,0.0,0.0,0.0,2,0,0.69,0.0,0.6896551724137931,0.0,0,1,14,2,1,0,0,2,11,2,0,0.0,0.6896551724137931,0,0,0,0,237,155,846,392,2,2,100.0,2,0,0.48498349834983495
248,Joško Gvardiol,2025/26,2026/27,20,DF,23.0,1,1,90.0,1.0,0,0,0,0,0.0,0.0,0.0,0.0,0,0,,,,,0.0,0.0,0.0,0.0,0.0,0.0,0.0,0.0,0,0,0.0,0.0,0.0,0.0,0,0,2,0,0,0,0,0,3,1,0,0.0,0.0,0,0,1,0,58,33,191,52,0,0,,0,0,0.26732673267326734
249,Matheus Nunes,2025/26,2026/27,20,DF,27.0,2,1,109.0,1.2,0,0,0,0,0.0,0.0,0.0,0.0,0,0,,,,,0.0,0.0,0.0,0.0,0.0,0.0,0.0,0.0,0,0,0.0,0.0,0.0,0.0,0,1,6,3,4,1,1,1,7,1,1,0.8333333333333334,0.8333333333333334,0,0,1,1,83,45,260,139,1,1,100.0,1,1,0.4394389438943894
250,Nathan Aké,2025/26,2026/27,20,DF,30.0,2,0,71.0,0.8,0,0,0,0,0.1,0.0,0.1,0.1,1,0,0.0,11.9,0.0,,0.0,0.0,0.125,0.0,0.125,0.0,1.25,0.0,1,0,1.27,0.0,1.25,0.0,0,2,2,0,0,1,1,1,3,1,0,1.25,1.25,0,0,0,2,46,27,81,35,1,0,0.0,0,0,0.3468646864686468
251,Nico O’Reilly,2025/26,2026/27,20,DF,20.0,3,1,134.0,1.5,0,0,0,0,0.1,0.0,0.1,0.1,2,0,0.0,28.7,0.0,,0.0,0.0,0.06666666666666667,0.0,0.06666666666666667,0.0,1.3333333333333333,0.0,3,0,2.01,0.0,2.0,0.0,0,0,4,3,4,7,3,1,3,4,0,4.666666666666667,0.6666666666666666,1,0,1,0,96,38,197,96,3,1,33.3,1,3,0.5197194719471947
252,Nicolás González,2025/26,2026/27,20,MF,23.0,3,2,179.0,2.0,0,0,0,0,0.1,0.0,0.1,0.1,2,0,0.0,25.5,0.0,,0.0,0.0,0.05,0.0,0.05,0.0,1.0,0.0,4,1,2.01,0.5,2.0,0.5,0,0,16,3,4,6,6,1,6,4,0,3.0,0.5,1,0,2,4,159,76,363,182,6,5,83.3,2,1,0.6476072607260727
253,Omar Marmoush,2025/26,2026/27,20,FW,26.0,3,2,149.0,1.7,0,1,1,0,0.8,1.0,0.8,1.8,5,2,40.0,16.0,0.0,0.0,0.0,0.5882352941176471,0.4705882352941177,0.5882352941176471,0.4705882352941177,0.5882352941176471,2.9411764705882355,1.1764705882352942,7,2,4.23,1.21,4.11764705882353,1.1764705882352942,2,1,5,7,14,3,3,1,1,2,0,1.7647058823529411,0.5882352941176471,0,0,1,5,73,44,265,124,9,5,55.6,5,6,0.7146864686468649
254,Oscar Bobb,2025/26,2026/27,20,FW,22.0,4,3,258.0,2.9,0,1,1,0,0.3,0.3,0.3,0.6,1,0,0.0,10.1,0.0,,0.0,0.3448275862068966,0.10344827586206896,0.10344827586206896,0.10344827586206896,0.3448275862068966,0.3448275862068966,0.0,12,3,4.19,1.05,4.137931034482759,1.0344827586206897,5,8,10,10,34,4,2,1,1,7,0,1.3793103448275863,0.3448275862068966,0,0,3,8,139,88,602,273,16,8,50.0,8,4,0.7503300330033004
255,Phil Foden,2025/26,2026/27,20,MF,25.0,2,1,106.0,1.2,1,0,1,1,0.5,0.0,0.5,0.5,4,2,50.0,15.3,0.25,0.5,0.8333333333333334,0.0,0.4166666666666667,0.0,0.4166666666666667,0.8333333333333334,3.3333333333333335,1.6666666666666667,4,1,3.4,0.85,3.3333333333333335,0.8333333333333334,1,2,9,4,3,1,1,1,0,0,0,0.8333333333333334,0.8333333333333334,0,0,0,1,83,52,192,99,4,1,25.0,1,0,0.5483498349834984
256,Rayan Aït-Nouri,2025/26,2026/27,20,DF,24.0,3,3,202.0,2.2,0,0,0,0,0.0,0.2,0.0,0.2,2,0,0.0,24.9,0.0,,0.0,0.0,0.0,0.09090909090909091,0.0,0.0,0.9090909090909091,0.0,4,1,1.78,0.45,1.8181818181818181,0.45454545454545453,2,0,7,6,8,9,6,5,9,4,0,4.090909090909091,2.2727272727272725,1,0,4,1,164,75,385,160,6,1,16.7,4,2,0.6822607260726073
257,Rayan Cherki,2025/26,2026/27,20,MF,22.0,2,1,71.0,0.8,1,0,1,1,0.1,0.5,0.1,0.5,1,1,100.0,24.3,1.0,1.0,1.25,0.0,0.125,0.625,0.125,1.25,1.25,1.25,3,0,3.8,0.0,3.75,0.0,1,3,6,3,3,4,1,2,0,1,0,5.0,2.5,0,0,1,0,74,40,205,117,3,1,33.3,0,4,0.5452970297029703
258,Rico Lewis,2025/26,2026/27,20,DF,20.0,3,2,161.0,1.8,0,1,1,0,0.0,1.0,0.0,1.0,1,0,0.0,26.9,0.0,,0.0,0.5555555555555556,0.0,0.5555555555555556,0.0,0.5555555555555556,0.5555555555555556,0.0,4,1,2.24,0.56,2.2222222222222223,0.5555555555555556,2,0,16,2,9,3,1,3,6,1,0,1.6666666666666665,1.6666666666666665,0,0,1,3,145,84,339,150,1,0,0.0,3,3,0.636963696369637
259,Rodri,2025/26,2026/27,20,MF,29.0,3,2,181.0,2.0,0,0,0,0,0.1,0.1,0.1,0.2,2,1,50.0,17.3,0.0,0.0,0.0,0.0,0.05,0.05,0.05,0.0,1.0,0.5,4,0,1.99,0.0,2.0,0.0,2,1,17,4,3,4,0,1,0,0,1,2.0,0.5,0,0,1,4,183,119,436,233,4,2,50.0,1,1,0.5412541254125413
260,Rúben Dias,2025/26,2026/27,20,DF,28.0,4,3,276.0,3.1,0,0,0,0,0.0,0.0,0.0,0.0,0,0,,,,,0.0,0.0,0.0,0.0,0.0,0.0,0.0,0.0,0,0,0.0,0.0,0.0,0.0,0,0,9,4,0,2,0,2,15,2,0,0.6451612903225806,0.6451612903225806,0,0,2,0,217,132,621,324,2,1,50.0,0,0,0.46485148514851476
261,Sávio,2025/26,2026/27,20,MF,21.0,1,0,14.0,0.2,0,0,0,0,0.0,0.0,0.0,0.0,0,0,,,,,0.0,0.0,0.0,0.0,0.0,0.0,0.0,0.0,1,0,6.43,0.0,5.0,0.0,0,0,0,0,1,0,0,2,0,0,0,0.0,10.0,0,0,0,0,7,3,10,2,0,0,,2,0,0.25734323432343237
262,Tijjani Reijnders,2025/26,2026/27,20,MF,27.0,4,4,360.0,4.0,1,1,2,1,0.6,0.3,0.6,0.9,8,2,25.0,17.8,0.13,0.5,0.25,0.25,0.15,0.075,0.15,0.5,2.0,0.5,8,2,2.0,0.5,2.0,0.5,4,2,18,8,19,4,1,0,4,1,1,1.0,0.0,1,0,3,6,241,156,788,320,10,3,30.0,5,5,0.7809405940594059
263,Altay Bayındır,2025/26,2026/27,21,GK,27.0,4,4,360.0,4.0,0,0,0,0,0.0,0.2,0.0,0.2,0,0,,,,,0.0,0.0,0.0,0.05,0.0,0.0,0.0,0.0,2,0,0.5,0.0,0.5,0.0,1,1,0,0,0,0,0,0,2,1,1,0.0,0.0,0,0,0,2,149,107,475,277,1,1,100.0,2,0,0.3513201320132013
264,Amad Diallo,2025/26,2026/27,21,DF,23.0,4,3,267.0,3.0,0,0,0,0,0.9,0.7,0.9,1.6,8,3,37.5,14.4,0.0,0.0,0.0,0.0,0.3,0.2333333333333333,0.3,0.0,2.6666666666666665,1.0,18,2,6.07,0.67,6.0,0.6666666666666666,5,4,13,19,25,8,4,1,6,3,0,2.6666666666666665,0.3333333333333333,0,0,0,5,170,102,734,453,7,3,42.9,6,3,0.8014851485148515
265,Ayden Heaven,2025/26,2026/27,21,DF,18.0,1,0,4.0,0.0,0,0,0,0,0.0,0.0,0.0,0.0,0,0,,,,,0.0,0.0,0.0,0.0,0.0,0.0,0.0,0.0,0,0,0.0,0.0,0.0,0.0,0,0,0,0,0,0,0,0,1,0,0,0.0,0.0,0,0,0,0,1,0,0,0,0,0,,0,0,0.21254125412541253
266,Benjamin Šeško,2025/26,2026/27,21,FW,22.0,4,1,162.0,1.8,0,0,0,0,0.4,0.1,0.4,0.5,5,1,20.0,14.0,0.0,0.0,0.0,0.0,0.22222222222222224,0.05555555555555556,0.22222222222222224,0.0,2.7777777777777777,0.5555555555555556,3,0,1.67,0.0,1.6666666666666665,0.0,2,0,1,1,10,0,0,0,0,1,0,0.0,0.0,0,0,4,0,49,26,87,26,0,0,,2,3,0.3750825082508251
267,Bruno Fernandes,2025/26,2026/27,21,MF,31.0,4,4,360.0,4.0,1,0,1,0,1.9,1.3,0.3,1.6,7,1,14.3,26.2,0.0,0.0,0.25,0.0,0.475,0.325,0.075,0.25,1.75,0.25,31,0,7.75,0.0,7.75,0.0,15,10,40,9,9,10,4,0,8,4,0,2.5,0.0,1,0,4,8,324,173,781,417,5,3,60.0,2,4,0.7944719471947193
268,Bryan Mbeumo,2025/26,2026/27,21,MF,26.0,4,4,360.0,4.0,1,0,1,1,1.8,1.3,1.8,3.1,12,5,41.7,14.0,0.08,0.2,0.25,0.0,0.45,0.325,0.45,0.25,3.0,1.25,14,0,3.5,0.0,3.5,0.0,9,8,11,17,40,0,0,0,1,3,0,0.0,0.0,0,0,2,6,190,113,710,422,5,2,40.0,14,6,0.6512376237623763
269,Casemiro,2025/26,2026/27,21,MF,33.0,4,3,198.0,2.2,0,0,0,0,0.6,0.1,0.6,0.7,3,0,0.0,14.2,0.0,,0.0,0.0,0.2727272727272727,0.045454545454545456,0.2727272727272727,0.0,1.3636363636363635,0.0,2,0,0.91,0.0,0.9090909090909091,0.0,1,0,11,0,4,6,4,2,2,4,0,2.727272727272727,0.9090909090909091,1,0,2,3,151,69,259,119,1,0,0.0,2,0,0.5435643564356435
270,Diogo Dalot,2025/26,2026/27,21,DF,26.0,3,2,183.0,2.0,0,1,1,0,0.0,0.8,0.0,0.8,1,0,0.0,18.2,0.0,,0.0,0.5,0.0,0.4,0.0,0.5,0.5,0.0,8,2,3.93,0.98,4.0,1.0,3,3,6,10,19,4,1,2,7,1,1,2.0,1.0,0,0,1,1,116,61,393,226,6,3,50.0,5,2,0.7108085808580858
271,Harry Maguire,2025/26,2026/27,21,DF,32.0,3,0,44.0,0.5,0,0,0,0,0.1,0.0,0.1,0.1,1,0,0.0,8.4,0.0,,0.0,0.0,0.2,0.0,0.2,0.0,2.0,0.0,1,0,2.05,0.0,2.0,0.0,0,0,1,0,2,0,0,0,5,0,1,0.0,0.0,0,0,1,0,41,21,153,79,0,0,,0,1,0.3118811881188119
272,Joshua Zirkzee,2025/26,2026/27,21,FW,24.0,2,0,71.0,0.8,0,0,0,0,0.6,0.0,0.6,0.7,7,1,14.3,10.9,0.0,0.0,0.0,0.0,0.7499999999999999,0.0,0.7499999999999999,0.0,8.75,1.25,4,0,5.07,0.0,5.0,0.0,1,0,3,0,4,0,0,0,0,4,0,0.0,0.0,0,0,0,1,48,22,58,18,0,0,,4,2,0.34125412541254124
273,Kobbie Mainoo,2025/26,2026/27,21,MF,20.0,2,0,74.0,0.8,0,0,0,0,0.1,0.1,0.1,0.2,2,0,0.0,25.1,0.0,,0.0,0.0,0.125,0.125,0.125,0.0,2.5,0.0,6,0,7.3,0.0,7.5,0.0,3,2,4,3,2,4,2,0,0,0,0,5.0,0.0,0,0,0,0,53,29,181,112,1,1,100.0,2,2,0.47186468646864677
274,Leny Yoro,2025/26,2026/27,21,DF,19.0,4,4,321.0,3.6,0,0,0,0,0.3,0.0,0.3,0.3,2,0,0.0,6.2,0.0,,0.0,0.0,0.08333333333333333,0.0,0.08333333333333333,0.0,0.5555555555555556,0.0,5,0,1.4,0.0,1.3888888888888888,0.0,1,1,12,4,2,5,3,7,14,0,1,1.3888888888888888,1.9444444444444444,0,0,3,0,208,130,725,456,0,0,,2,3,0.6187293729372937
275,Luke Shaw,2025/26,2026/27,21,DF,30.0,4,4,345.0,3.8,0,0,0,0,0.0,0.1,0.0,0.1,0,0,,,,,0.0,0.0,0.0,0.026315789473684213,0.0,0.0,0.0,0.0,3,0,0.78,0.0,0.7894736842105263,0.0,1,2,23,6,6,8,4,0,7,5,0,2.1052631578947367,0.0,0,0,5,0,272,172,914,508,2,0,0.0,0,1,0.5911716171617163
276,Manuel Ugarte,2025/26,2026/27,21,MF,24.0,3,1,127.0,1.4,0,0,0,0,0.0,0.0,0.0,0.1,2,0,0.0,30.6,0.0,,0.0,0.0,0.0,0.0,0.0,0.0,1.4285714285714286,0.0,1,0,0.71,0.0,0.7142857142857143,0.0,1,0,11,3,2,6,4,2,3,2,0,4.285714285714286,1.4285714285714286,0,0,5,1,94,50,223,102,0,0,,2,1,0.4907590759075907
277,Mason Mount,2025/26,2026/27,21,MF,26.0,3,3,177.0,2.0,0,0,0,0,0.2,0.4,0.2,0.6,3,0,0.0,12.3,0.0,,0.0,0.0,0.1,0.2,0.1,0.0,1.5,0.0,8,0,4.07,0.0,4.0,0.0,5,2,12,3,7,5,3,0,0,2,0,2.5,0.0,0,0,2,2,83,40,179,86,1,1,100.0,3,2,0.5637788778877888
278,Matheus Cunha,2025/26,2026/27,21,FW,26.0,3,3,210.0,2.3,0,0,0,0,0.8,0.2,0.8,1.0,8,5,62.5,19.0,0.0,0.0,0.0,0.0,0.3478260869565218,0.08695652173913045,0.3478260869565218,0.0,3.4782608695652177,2.173913043478261,11,0,4.71,0.0,4.782608695652175,0.0,3,3,8,8,7,2,2,0,0,5,0,0.8695652173913044,0.0,0,0,1,5,73,50,388,227,8,4,50.0,2,4,0.5848184818481849
279,Matthijs de Ligt,2025/26,2026/27,21,DF,26.0,4,4,360.0,4.0,0,0,0,0,0.3,0.2,0.3,0.5,4,1,25.0,10.1,0.0,0.0,0.0,0.0,0.075,0.05,0.075,0.0,1.0,0.25,2,0,0.5,0.0,0.5,0.0,1,2,9,1,3,8,5,4,19,6,1,2.0,1.0,0,0,1,1,245,131,479,147,1,0,0.0,0,0,0.625
280,Noussair Mazraoui,2025/26,2026/27,21,DF,27.0,2,1,67.0,0.7,0,0,0,0,0.0,0.0,0.0,0.0,0,0,,,,,0.0,0.0,0.0,0.0,0.0,0.0,0.0,0.0,2,0,2.69,0.0,2.857142857142857,0.0,0,0,9,4,7,4,3,0,3,2,0,5.714285714285714,0.0,0,0,2,1,64,26,157,98,1,1,100.0,1,1,0.4798679867986798
281,Patrick Dorgu,2025/26,2026/27,21,DF,20.0,3,3,270.0,3.0,0,0,0,0,0.2,0.1,0.2,0.4,4,0,0.0,21.1,0.0,,0.0,0.0,0.06666666666666667,0.03333333333333333,0.06666666666666667,0.0,1.3333333333333333,0.0,8,0,2.67,0.0,2.6666666666666665,0.0,3,5,5,10,30,8,6,3,4,1,0,2.6666666666666665,1.0,1,0,4,10,163,91,410,225,9,2,22.2,10,3,0.7029702970297028
282,Anthony Elanga,2025/26,2026/27,22,FW,23.0,4,2,207.0,2.3,0,0,0,0,0.6,0.3,0.6,0.9,2,1,50.0,13.1,0.0,0.0,0.0,0.0,0.2608695652173913,0.13043478260869565,0.2608695652173913,0.0,0.8695652173913044,0.4347826086956522,4,0,1.74,0.0,1.7391304347826089,0.0,3,2,2,9,21,1,1,0,3,0,0,0.4347826086956522,0.0,0,0,0,4,88,56,326,194,5,1,20.0,4,2,0.5533003300330033
283,Anthony Gordon,2025/26,2026/27,22,FW,24.0,2,2,134.0,1.5,0,0,0,0,1.1,0.1,1.1,1.2,10,3,30.0,17.7,0.0,0.0,0.0,0.0,0.7333333333333334,0.06666666666666667,0.7333333333333334,0.0,6.666666666666667,2.0,6,0,4.03,0.0,4.0,0.0,2,0,3,4,5,0,0,0,0,0,0,0.0,0.0,0,1,4,4,55,34,155,83,6,4,66.7,2,2,0.47293729372937293
284,Bruno Guimarães,2025/26,2026/27,22,MF,27.0,4,4,360.0,4.0,1,0,1,1,0.2,0.1,0.2,0.3,2,1,50.0,15.3,0.5,1.0,0.25,0.0,0.05,0.025,0.05,0.25,0.5,0.25,12,2,3.0,0.5,3.0,0.5,3,4,26,3,11,8,4,2,0,2,0,2.0,0.5,2,0,11,11,228,157,713,324,10,2,20.0,12,8,0.7400165016501651
285,Dan Burn,2025/26,2026/27,22,DF,33.0,4,4,360.0,4.0,0,0,0,0,0.1,0.0,0.1,0.1,2,0,0.0,11.1,0.0,,0.0,0.0,0.025,0.0,0.025,0.0,0.5,0.0,2,0,0.5,0.0,0.5,0.0,1,1,11,0,1,4,2,6,21,2,0,1.0,1.5,1,0,5,4,222,120,496,226,0,0,,2,0,0.5265676567656765
286,Fabian Schär,2025/26,2026/27,22,DF,33.0,4,4,350.0,3.9,0,0,0,0,0.1,0.1,0.1,0.2,4,0,0.0,39.8,0.0,,0.0,0.0,0.025641025641025644,0.025641025641025644,0.025641025641025644,0.0,1.0256410256410258,0.0,3,0,0.77,0.0,0.7692307692307693,0.0,2,1,13,3,1,4,3,6,21,5,1,1.0256410256410258,1.5384615384615385,0,0,5,3,273,175,666,394,0,0,,3,0,0.6093234323432344
287,Harvey Barnes,2025/26,2026/27,22,FW,27.0,4,3,266.0,3.0,0,0,0,0,0.4,0.7,0.4,1.0,7,0,0.0,21.3,0.0,,0.0,0.0,0.13333333333333333,0.2333333333333333,0.13333333333333333,0.0,2.3333333333333335,0.0,9,0,3.05,0.0,3.0,0.0,5,8,14,13,27,2,1,0,2,2,0,0.6666666666666666,0.0,0,0,1,4,113,87,513,282,5,0,0.0,6,3,0.6055280528052805
288,Jacob Murphy,2025/26,2026/27,22,FW,30.0,3,2,163.0,1.8,0,1,1,0,0.9,0.2,0.9,1.1,7,3,42.9,19.8,0.0,0.0,0.0,0.5555555555555556,0.5,0.11111111111111112,0.5,0.5555555555555556,3.888888888888889,1.6666666666666665,6,1,3.31,0.55,3.333333333333333,0.5555555555555556,1,4,5,5,30,0,0,0,2,4,0,0.0,0.0,0,0,0,1,90,60,343,119,10,4,40.0,3,1,0.6178217821782179
289,Jacob Ramsey,2025/26,2026/27,22,MF,24.0,2,1,60.0,0.7,0,0,0,0,0.0,0.3,0.0,0.3,1,0,0.0,17.4,0.0,,0.0,0.0,0.0,0.4285714285714286,0.0,0.0,1.4285714285714286,0.0,3,0,4.5,0.0,4.285714285714286,0.0,3,1,5,3,4,1,0,0,0,0,0,1.4285714285714286,0.0,0,0,0,0,37,21,136,67,1,1,100.0,0,0,0.40338283828382837
290,Joe Willock,2025/26,2026/27,22,MF,26.0,1,0,26.0,0.3,0,0,0,0,0.1,0.0,0.1,0.1,1,0,0.0,13.0,0.0,,0.0,0.0,0.33333333333333337,0.0,0.33333333333333337,0.0,3.3333333333333335,0.0,0,0,0.0,0.0,0.0,0.0,0,0,1,0,1,0,0,0,1,0,0,0.0,0.0,0,0,2,0,7,5,16,1,1,1,100.0,0,0,0.28217821782178215
291,Joelinton,2025/26,2026/27,22,MF,29.0,3,3,221.0,2.5,0,0,0,0,0.0,0.7,0.0,0.7,1,0,0.0,9.8,0.0,,0.0,0.0,0.0,0.27999999999999997,0.0,0.0,0.4,0.0,4,0,1.63,0.0,1.6,0.0,1,0,12,5,8,4,1,2,3,1,0,1.6,0.8,1,0,3,3,87,50,245,127,2,0,0.0,2,1,0.5551155115511551
292,Kieran Trippier,2025/26,2026/27,22,DF,34.0,4,4,315.0,3.5,0,0,0,0,0.0,0.3,0.0,0.3,0,0,,,,,0.0,0.0,0.0,0.08571428571428572,0.0,0.0,0.0,0.0,15,0,4.27,0.0,4.285714285714286,0.0,8,3,30,4,16,2,0,4,4,2,0,0.5714285714285714,1.1428571428571428,0,0,6,4,287,136,509,271,0,0,,2,0,0.6014026402640265
293,Lewis Hall,2025/26,2026/27,22,DF,21.0,2,0,45.0,0.5,0,0,0,0,0.0,0.0,0.0,0.0,1,0,0.0,26.2,0.0,,0.0,0.0,0.0,0.0,0.0,0.0,2.0,0.0,1,0,2.05,0.0,2.0,0.0,0,0,4,0,2,2,1,2,3,2,0,4.0,4.0,0,0,1,0,39,19,84,30,0,0,,1,0,0.3677392739273928
294,Lewis Miley,2025/26,2026/27,22,MF,19.0,3,0,78.0,0.9,0,0,0,0,0.0,0.0,0.0,0.1,1,0,0.0,25.0,0.0,,0.0,0.0,0.0,0.0,0.0,0.0,1.1111111111111112,0.0,1,0,1.15,0.0,1.1111111111111112,0.0,1,0,3,1,3,1,0,2,0,2,0,1.1111111111111112,2.2222222222222223,0,0,0,0,55,41,149,79,0,0,,1,1,0.3411716171617162
295,Malick Thiaw,2025/26,2026/27,22,DF,24.0,1,0,10.0,0.1,0,0,0,0,0.0,0.0,0.0,0.0,0,0,,,,,0.0,0.0,0.0,0.0,0.0,0.0,0.0,0.0,0,0,0.0,0.0,0.0,0.0,0,0,1,0,0,0,0,0,1,0,0,0.0,0.0,0,0,0,0,8,2,8,1,0,0,,1,0,0.22409240924092408
296,Nick Pope,2025/26,2026/27,22,GK,33.0,4,4,360.0,4.0,0,0,0,0,0.0,0.0,0.0,0.0,0,0,,,,,0.0,0.0,0.0,0.0,0.0,0.0,0.0,0.0,1,0,0.25,0.0,0.25,0.0,0,0,0,0,0,0,0,0,3,0,0,0.0,0.0,1,0,0,0,114,62,287,166,0,0,,0,0,0.2781353135313532
297,Nick Woltemade,2025/26,2026/27,22,FW,23.0,1,1,64.0,0.7,1,0,1,1,0.3,0.0,0.3,0.3,3,1,33.3,10.4,0.33,1.0,1.4285714285714286,0.0,0.4285714285714286,0.0,0.4285714285714286,1.4285714285714286,4.285714285714286,1.4285714285714286,1,0,1.41,0.0,1.4285714285714286,0.0,1,0,0,0,3,3,2,0,0,0,0,4.285714285714286,0.0,0,0,1,2,19,7,10,8,0,0,,1,1,0.36658415841584163
298,Sandro Tonali,2025/26,2026/27,22,MF,25.0,4,4,335.0,3.7,0,0,0,0,0.2,0.6,0.2,0.8,5,2,40.0,21.4,0.0,0.0,0.0,0.0,0.05405405405405406,0.16216216216216214,0.05405405405405406,0.0,1.3513513513513513,0.5405405405405405,13,2,3.49,0.54,3.513513513513513,0.5405405405405405,5,1,27,10,8,3,3,4,2,9,1,0.8108108108108107,1.081081081081081,0,0,2,8,254,139,772,388,4,1,25.0,5,0,0.7371287128712871
299,Sven Botman,2025/26,2026/27,22,DF,25.0,2,1,68.0,0.8,0,0,0,0,0.0,0.0,0.0,0.0,0,0,,,,,0.0,0.0,0.0,0.0,0.0,0.0,0.0,0.0,0,0,0.0,0.0,0.0,0.0,0,0,2,0,0,2,1,4,2,1,0,2.5,5.0,0,0,1,0,55,30,100,35,0,0,,0,0,0.3426567656765676
300,Valentino Livramento,2025/26,2026/27,22,DF,22.0,4,4,360.0,4.0,0,1,1,0,0.0,0.2,0.0,0.2,0,0,,,,,0.0,0.25,0.0,0.05,0.0,0.25,0.0,0.0,10,1,2.5,0.25,2.5,0.25,3,3,19,9,25,4,3,2,5,1,0,1.0,0.5,0,0,2,6,243,149,819,483,14,4,28.6,7,5,0.7584158415841584
301,William Osula,2025/26,2026/27,22,FW,22.0,4,1,132.0,1.5,1,0,1,1,0.4,0.1,0.4,0.5,3,1,33.3,14.1,0.33,1.0,0.6666666666666666,0.0,0.26666666666666666,0.06666666666666667,0.26666666666666666,0.6666666666666666,2.0,0.6666666666666666,1,0,0.68,0.0,0.6666666666666666,0.0,1,0,1,1,10,1,0,0,0,1,0,0.6666666666666666,0.0,0,0,9,1,40,25,105,21,5,2,40.0,5,0,0.43622112211221115
302,Arnaud Kalimuendo,2025/26,2026/27,24,FW,23.0,3,0,53.0,0.6,0,0,0,0,0.1,0.0,0.1,0.1,2,0,0.0,18.5,0.0,,0.0,0.0,0.16666666666666669,0.0,0.16666666666666669,0.0,3.3333333333333335,0.0,1,0,1.7,0.0,1.6666666666666667,0.0,1,0,1,4,6,0,0,0,1,1,0,0.0,0.0,0,0,1,0,28,14,95,65,1,0,0.0,2,0,0.33391089108910893
303,Callum Hudson-Odoi,2025/26,2026/27,24,FW,24.0,4,4,308.0,3.4,1,0,1,1,0.4,0.6,0.4,0.9,4,3,75.0,19.6,0.25,0.33,0.29411764705882354,0.0,0.11764705882352942,0.17647058823529413,0.11764705882352942,0.29411764705882354,1.1764705882352942,0.8823529411764706,8,0,2.34,0.0,2.3529411764705883,0.0,5,5,10,14,36,1,1,1,1,0,0,0.29411764705882354,0.29411764705882354,0,0,2,3,154,97,729,403,11,2,18.2,3,4,0.6684818481848185
304,Chris Wood,2025/26,2026/27,24,FW,33.0,4,4,296.0,3.3,2,0,2,2,1.6,0.2,1.6,1.7,8,4,50.0,10.3,0.25,0.5,0.6060606060606061,0.0,0.4848484848484849,0.060606060606060615,0.4848484848484849,0.6060606060606061,2.4242424242424243,1.2121212121212122,4,1,1.22,0.3,1.2121212121212122,0.30303030303030304,2,1,5,0,7,0,0,0,1,0,0,0.0,0.0,0,0,3,2,56,23,57,24,1,1,100.0,5,1,0.5013201320132014
305,Dan Ndoye,2025/26,2026/27,24,FW,24.0,4,4,295.0,3.3,1,1,2,1,0.1,0.4,0.1,0.5,1,1,100.0,10.6,1.0,1.0,0.30303030303030304,0.30303030303030304,0.030303030303030307,0.12121212121212123,0.030303030303030307,0.6060606060606061,0.30303030303030304,0.30303030303030304,4,2,1.22,0.61,1.2121212121212122,0.6060606060606061,3,3,6,18,30,3,1,3,0,4,0,0.9090909090909092,0.9090909090909092,0,0,2,2,105,63,627,371,9,4,44.4,8,3,0.7123762376237625
306,Dilane Bakwa,2025/26,2026/27,24,FW,23.0,1,0,31.0,0.3,0,0,0,0,0.0,0.0,0.0,0.0,0,0,,,,,0.0,0.0,0.0,0.0,0.0,0.0,0.0,0.0,0,0,0.0,0.0,0.0,0.0,0,0,0,0,2,0,0,0,0,1,0,0.0,0.0,0,0,0,1,13,10,61,24,1,0,0.0,1,0,0.2259075907590759
307,Elliot Anderson,2025/26,2026/27,24,MF,22.0,4,4,360.0,4.0,0,1,1,0,0.4,1.1,0.4,1.5,4,1,25.0,20.3,0.0,0.0,0.0,0.25,0.1,0.275,0.1,0.25,1.0,0.25,16,3,4.0,0.75,4.0,0.75,5,6,36,7,10,14,9,2,3,9,0,3.5,0.5,0,0,4,7,384,216,1174,616,13,5,38.5,5,7,0.8580858085808583
308,Ibrahim Sangaré,2025/26,2026/27,24,MF,27.0,4,4,337.0,3.7,0,0,0,0,0.0,0.0,0.0,0.0,2,0,0.0,30.8,0.0,,0.0,0.0,0.0,0.0,0.0,0.0,0.5405405405405405,0.0,0,0,0.0,0.0,0.0,0.0,0,1,21,3,1,7,6,6,12,2,2,1.8918918918918919,1.6216216216216215,0,0,6,1,251,107,436,230,2,1,50.0,4,2,0.5775577557755776
309,Igor Jesus,2025/26,2026/27,24,FW,24.0,3,0,33.0,0.4,0,0,0,0,0.1,0.0,0.1,0.1,1,0,0.0,11.7,0.0,,0.0,0.0,0.25,0.0,0.25,0.0,2.5,0.0,1,0,2.73,0.0,2.5,0.0,0,0,0,0,1,1,1,0,1,0,0,2.5,0.0,0,0,2,0,12,2,16,0,0,0,,0,1,0.2902640264026403
310,James Mcatee,2025/26,2026/27,24,MF,22.0,3,0,70.0,0.8,0,0,0,0,0.0,0.4,0.0,0.4,0,0,,,,,0.0,0.0,0.0,0.5,0.0,0.0,0.0,0.0,4,0,5.14,0.0,5.0,0.0,3,3,5,2,4,1,1,0,0,4,0,1.25,0.0,0,0,1,2,45,27,205,128,2,1,50.0,1,3,0.42739273927392735
311,Jota Silva,2025/26,2026/27,24,FW,26.0,1,0,12.0,0.1,0,0,0,0,0.0,0.0,0.0,0.0,0,0,,,,,0.0,0.0,0.0,0.0,0.0,0.0,0.0,0.0,0,0,0.0,0.0,0.0,0.0,0,0,0,0,1,2,1,0,1,0,0,20.0,0.0,0,0,0,1,7,2,3,2,0,0,,1,0,0.26699669966996703
312,Matz Sels,2025/26,2026/27,24,GK,33.0,4,4,360.0,4.0,0,0,0,0,0.0,0.0,0.0,0.0,0,0,,,,,0.0,0.0,0.0,0.0,0.0,0.0,0.0,0.0,0,0,0.0,0.0,0.0,0.0,0,0,0,0,0,0,0,0,2,0,0,0.0,0.0,1,0,0,0,115,46,278,129,0,0,,0,0,0.25346534653465347
313,Morato,2025/26,2026/27,24,DF,24.0,1,1,90.0,1.0,0,0,0,0,0.0,0.0,0.0,0.0,0,0,,,,,0.0,0.0,0.0,0.0,0.0,0.0,0.0,0.0,1,0,1.0,0.0,1.0,0.0,0,0,1,0,0,1,1,0,3,1,1,1.0,0.0,0,0,1,0,60,32,91,41,0,0,,2,0,0.30346534653465346
314,Morgan Gibbs-White,2025/26,2026/27,24,MF,25.0,4,4,326.0,3.6,0,1,1,0,0.7,0.3,0.7,1.0,7,1,14.3,15.3,0.0,0.0,0.0,0.2777777777777778,0.19444444444444442,0.08333333333333333,0.19444444444444442,0.2777777777777778,1.9444444444444444,0.2777777777777778,14,1,3.87,0.28,3.888888888888889,0.2777777777777778,4,9,25,7,34,2,2,1,0,4,2,0.5555555555555556,0.2777777777777778,0,0,3,4,229,120,585,366,6,3,50.0,16,4,0.7338283828382839
315,Murillo,2025/26,2026/27,24,DF,23.0,4,4,306.0,3.4,0,0,0,0,0.0,0.0,0.0,0.0,0,0,,,,,0.0,0.0,0.0,0.0,0.0,0.0,0.0,0.0,4,0,1.18,0.0,1.1764705882352942,0.0,0,0,26,2,0,3,1,7,15,4,0,0.8823529411764706,2.058823529411765,1,0,4,2,255,138,576,358,2,2,100.0,0,1,0.5647689768976899
316,Neco Williams,2025/26,2026/27,24,DF,24.0,4,4,360.0,4.0,0,0,0,0,0.0,0.3,0.0,0.4,2,0,0.0,21.9,0.0,,0.0,0.0,0.0,0.075,0.0,0.0,0.5,0.0,6,1,1.5,0.25,1.5,0.25,2,1,19,11,22,9,5,4,5,5,0,2.25,1.0,2,0,5,7,278,142,719,463,8,3,37.5,3,4,0.7621287128712871
317,Nicolò Savona,2025/26,2026/27,24,DF,22.0,1,0,54.0,0.6,0,0,0,0,0.0,0.0,0.0,0.0,0,0,,,,,0.0,0.0,0.0,0.0,0.0,0.0,0.0,0.0,1,0,1.67,0.0,1.6666666666666667,0.0,1,0,0,0,2,3,3,1,1,1,0,5.0,1.6666666666666667,0,0,0,1,35,20,49,8,1,0,0.0,3,0,0.3445544554455446
318,Nikola Milenković,2025/26,2026/27,24,DF,27.0,4,4,360.0,4.0,0,0,0,0,0.1,0.0,0.1,0.1,1,0,0.0,9.6,0.0,,0.0,0.0,0.025,0.0,0.025,0.0,0.25,0.0,2,0,0.5,0.0,0.5,0.0,0,0,3,1,0,2,1,4,17,2,0,0.5,1.0,0,0,2,1,217,111,575,402,0,0,,1,0,0.4693894389438944
319,Ola Aina,2025/26,2026/27,24,DF,28.0,3,3,270.0,3.0,0,0,0,0,0.0,0.1,0.0,0.2,2,0,0.0,24.6,0.0,,0.0,0.0,0.0,0.03333333333333333,0.0,0.0,0.6666666666666666,0.0,1,0,0.33,0.0,0.3333333333333333,0.0,2,2,11,5,8,6,3,5,14,1,0,2.0,1.6666666666666667,1,0,5,3,203,82,362,212,11,3,27.3,0,5,0.6292904290429041
320,Omari Hutchinson,2025/26,2026/27,24,FW,21.0,2,0,11.0,0.1,0,0,0,0,0.2,0.0,0.2,0.2,2,0,0.0,10.2,0.0,,0.0,0.0,2.0,0.0,2.0,0.0,20.0,0.0,0,0,0.0,0.0,0.0,0.0,0,0,0,1,5,0,0,0,0,1,0,0.0,0.0,0,0,0,0,14,9,56,22,0,0,,0,0,0.2825082508250825
321,Ryan Yates,2025/26,2026/27,24,MF,27.0,3,0,28.0,0.3,0,0,0,0,0.0,0.0,0.0,0.0,0,0,,,,,0.0,0.0,0.0,0.0,0.0,0.0,0.0,0.0,0,0,0.0,0.0,0.0,0.0,0,1,2,0,0,0,0,2,2,0,0,0.0,6.666666666666667,0,0,2,1,27,12,44,14,1,1,100.0,0,0,0.3000825082508251
322,Brian Brobbey,2025/26,2026/27,27,FW,23.0,1,0,22.0,0.2,0,0,0,0,0.0,0.0,0.0,0.0,0,0,,,,,0.0,0.0,0.0,0.0,0.0,0.0,0.0,0.0,0,0,0.0,0.0,0.0,0.0,0,0,0,0,0,0,0,0,1,0,0,0.0,0.0,0,0,0,1,6,4,5,4,0,0,,2,0,0.21674917491749174
323,Chemsdine Talbi,2025/26,2026/27,27,FW,20.0,4,4,305.0,3.4,0,1,1,0,0.5,0.1,0.5,0.6,3,0,0.0,9.6,0.0,,0.0,0.29411764705882354,0.14705882352941177,0.029411764705882356,0.14705882352941177,0.29411764705882354,0.8823529411764706,0.0,6,1,1.77,0.3,1.7647058823529411,0.29411764705882354,3,1,3,2,22,3,1,0,5,1,0,0.8823529411764706,0.0,0,0,0,0,121,79,300,146,1,0,0.0,9,2,0.5990099009900991
324,Chris Rigg,2025/26,2026/27,27,FW,18.0,2,0,2.0,0.0,0,0,0,0,0.0,0.0,0.0,0.0,0,0,,,,,0.0,0.0,0.0,0.0,0.0,0.0,0.0,0.0,0,0,0.0,0.0,0.0,0.0,0,0,0,0,1,0,0,0,0,0,0,0.0,0.0,0,0,0,0,1,1,6,0,0,0,,0,0,0.21237623762376237
325,Daniel Ballard,2025/26,2026/27,27,DF,25.0,2,2,98.0,1.1,1,0,1,1,0.2,0.3,0.2,0.5,4,2,50.0,6.9,0.25,0.5,0.9090909090909091,0.0,0.18181818181818182,0.2727272727272727,0.18181818181818182,0.9090909090909091,3.6363636363636362,1.8181818181818181,3,0,2.76,0.0,2.727272727272727,0.0,1,0,1,0,0,1,1,0,11,4,1,0.9090909090909091,0.0,0,0,0,4,50,21,120,44,0,0,,1,0,0.43102310231023105
326,Eliezer Mayenda,2025/26,2026/27,27,FW,20.0,3,3,201.0,2.2,1,0,1,1,0.4,0.3,0.4,0.7,3,2,66.7,9.6,0.33,0.5,0.45454545454545453,0.0,0.18181818181818182,0.13636363636363635,0.18181818181818182,0.45454545454545453,1.3636363636363635,0.9090909090909091,1,0,0.45,0.0,0.45454545454545453,0.0,1,0,0,2,5,1,0,0,1,3,0,0.45454545454545453,0.0,0,0,3,2,29,16,89,26,3,1,33.3,2,5,0.4321782178217822
327,Enzo Le Fée,2025/26,2026/27,27,FW,25.0,3,1,133.0,1.5,1,0,1,0,0.8,0.2,0.0,0.2,1,0,0.0,35.1,0.0,,0.6666666666666666,0.0,0.5333333333333333,0.13333333333333333,0.0,0.6666666666666666,0.6666666666666666,0.0,5,2,3.38,1.35,3.3333333333333335,1.3333333333333333,2,2,3,2,14,8,4,1,4,3,0,5.333333333333333,0.6666666666666666,0,0,3,3,107,67,257,99,3,1,33.3,4,2,0.6936468646864686
328,Granit Xhaka,2025/26,2026/27,27,MF,32.0,4,4,360.0,4.0,0,1,1,0,0.1,0.3,0.1,0.3,1,0,0.0,22.8,0.0,,0.0,0.25,0.025,0.075,0.025,0.25,0.25,0.0,13,2,3.25,0.5,3.25,0.5,5,3,27,2,4,6,2,6,17,2,0,1.5,1.5,1,0,5,4,312,178,710,294,1,1,100.0,1,2,0.761963696369637
329,Habib Diarra,2025/26,2026/27,27,MF,21.0,4,4,345.0,3.8,0,0,0,0,0.6,0.0,0.6,0.6,6,1,16.7,19.4,0.0,0.0,0.0,0.0,0.15789473684210525,0.0,0.15789473684210525,0.0,1.5789473684210527,0.2631578947368421,6,1,1.57,0.26,1.5789473684210527,0.2631578947368421,1,2,13,10,17,1,0,1,7,1,0,0.2631578947368421,0.2631578947368421,1,0,4,1,144,107,523,248,5,1,20.0,1,3,0.6236798679867988
330,Jenson Seelt,2025/26,2026/27,27,DF,22.0,2,1,134.0,1.5,0,0,0,0,0.0,0.0,0.0,0.0,0,0,,,,,0.0,0.0,0.0,0.0,0.0,0.0,0.0,0.0,0,0,0.0,0.0,0.0,0.0,0,0,14,2,0,4,0,0,7,4,0,2.6666666666666665,0.0,0,0,1,1,125,88,524,358,0,0,,0,1,0.40074257425742577
331,Lutsharel Geertruida,2025/26,2026/27,27,MF,25.0,1,0,7.0,0.1,0,0,0,0,0.0,0.0,0.0,0.0,0,0,,,,,0.0,0.0,0.0,0.0,0.0,0.0,0.0,0.0,0,0,0.0,0.0,0.0,0.0,0,0,0,0,0,0,0,0,0,0,0,0.0,0.0,0,0,0,0,2,1,10,6,1,1,100.0,0,0,0.22400990099009901
332,Marc Guiu,2025/26,2026/27,27,FW,19.0,2,0,15.0,0.2,0,0,0,0,0.0,0.0,0.0,0.0,1,0,0.0,15.0,0.0,,0.0,0.0,0.0,0.0,0.0,0.0,5.0,0.0,2,0,12.0,0.0,10.0,0.0,0,1,1,0,1,0,0,0,1,0,0,0.0,0.0,0,0,0,0,8,2,2,1,0,0,,0,0,0.2576732673267327
333,Noah Sadiki,2025/26,2026/27,27,MF,20.0,4,4,353.0,3.9,0,0,0,0,0.1,0.1,0.1,0.2,1,0,0.0,11.7,0.0,,0.0,0.0,0.025641025641025644,0.025641025641025644,0.025641025641025644,0.0,0.25641025641025644,0.0,5,0,1.27,0.0,1.2820512820512822,0.0,2,3,10,8,14,7,3,5,6,7,0,1.794871794871795,1.2820512820512822,0,0,4,4,193,128,647,268,4,2,50.0,4,4,0.6932343234323433
334,Nordi Mukiele,2025/26,2026/27,27,DF,27.0,2,2,180.0,2.0,0,0,0,0,0.1,0.1,0.1,0.1,1,0,0.0,8.0,0.0,,0.0,0.0,0.05,0.05,0.05,0.0,0.5,0.0,4,0,2.0,0.0,2.0,0.0,1,0,8,2,1,7,6,3,16,0,0,3.5,1.5,0,0,1,3,150,86,500,292,0,0,,3,1,0.5928217821782178
335,Omar Alderete,2025/26,2026/27,27,DF,28.0,4,3,308.0,3.4,0,1,1,0,0.1,0.0,0.1,0.1,3,0,0.0,16.9,0.0,,0.0,0.29411764705882354,0.029411764705882356,0.0,0.029411764705882356,0.29411764705882354,0.8823529411764706,0.0,2,1,0.58,0.29,0.5882352941176471,0.29411764705882354,1,2,18,6,0,7,2,8,18,2,0,2.058823529411765,2.3529411764705883,0,0,2,2,273,176,1004,629,4,3,75.0,2,1,0.6938943894389439
336,Patrick Roberts,2025/26,2026/27,27,MF,28.0,1,0,28.0,0.3,0,0,0,0,0.0,0.0,0.0,0.0,1,0,0.0,16.5,0.0,,0.0,0.0,0.0,0.0,0.0,0.0,3.3333333333333335,0.0,1,0,3.21,0.0,3.3333333333333335,0.0,0,0,1,1,4,0,0,0,0,0,0,0.0,0.0,0,0,0,0,22,16,67,30,1,1,100.0,0,0,0.2960396039603961
337,Reinildo Mandava,2025/26,2026/27,27,DF,31.0,4,4,360.0,4.0,0,0,0,0,0.0,0.0,0.0,0.0,1,0,0.0,29.2,0.0,,0.0,0.0,0.0,0.0,0.0,0.0,0.25,0.0,2,1,0.5,0.25,0.5,0.25,0,2,20,11,8,11,6,5,22,2,0,2.75,1.25,1,0,2,8,269,145,747,415,4,2,50.0,4,2,0.7103135313531354
338,Robin Roefs,2025/26,2026/27,27,GK,22.0,4,4,360.0,4.0,0,0,0,0,0.0,0.0,0.0,0.0,0,0,,,,,0.0,0.0,0.0,0.0,0.0,0.0,0.0,0.0,0,0,0.0,0.0,0.0,0.0,0,0,0,0,0,0,0,0,1,0,0,0.0,0.0,1,0,0,1,159,102,485,269,0,0,,0,0,0.2641914191419142
339,Simon Adingra,2025/26,2026/27,27,FW,23.0,4,3,231.0,2.6,0,0,0,0,0.1,0.5,0.1,0.6,1,0,0.0,14.0,0.0,,0.0,0.0,0.038461538461538464,0.1923076923076923,0.038461538461538464,0.0,0.3846153846153846,0.0,7,1,2.73,0.39,2.692307692307692,0.3846153846153846,4,3,2,5,28,3,3,0,4,1,0,1.1538461538461537,0.0,1,0,4,2,91,65,352,165,7,3,42.9,5,5,0.6334983498349835
340,Trai Hume,2025/26,2026/27,27,DF,23.0,4,4,360.0,4.0,0,0,0,0,0.1,0.2,0.1,0.2,2,0,0.0,24.2,0.0,,0.0,0.0,0.025,0.05,0.025,0.0,0.5,0.0,9,0,2.25,0.0,2.25,0.0,4,4,17,3,15,11,7,4,10,3,0,2.75,1.0,0,0,1,2,259,110,453,274,5,2,40.0,1,1,0.7325082508250825
341,Wilson Isidor,2025/26,2026/27,27,FW,25.0,4,1,158.0,1.8,2,0,2,2,0.4,0.0,0.4,0.4,7,3,42.9,16.0,0.29,0.67,1.1111111111111112,0.0,0.22222222222222224,0.0,0.22222222222222224,1.1111111111111112,3.888888888888889,1.6666666666666665,1,0,0.57,0.0,0.5555555555555556,0.0,0,0,3,1,7,3,1,0,1,1,0,1.6666666666666665,0.0,0,0,2,0,32,17,86,28,5,0,0.0,1,1,0.4296204620462047
342,Archie Gray,2025/26,2026/27,28,MF,19.0,1,1,70.0,0.8,0,0,0,0,0.0,0.0,0.0,0.0,0,0,,,,,0.0,0.0,0.0,0.0,0.0,0.0,0.0,0.0,1,0,1.29,0.0,1.25,0.0,0,1,6,2,0,1,1,0,2,1,0,1.25,0.0,0,0,3,0,46,32,159,79,0,0,,1,0,0.34422442244224427
343,Brennan Johnson,2025/26,2026/27,28,FW,24.0,4,3,220.0,2.4,2,0,2,2,0.9,0.2,0.9,1.1,4,2,50.0,17.7,0.5,1.0,0.8333333333333334,0.0,0.375,0.08333333333333334,0.375,0.8333333333333334,1.6666666666666667,0.8333333333333334,4,0,1.64,0.0,1.6666666666666667,0.0,3,2,5,7,17,5,3,1,5,1,0,2.0833333333333335,0.4166666666666667,1,0,1,4,87,41,281,169,3,0,0.0,8,1,0.6436468646864686
344,Cristian Romero,2025/26,2026/27,28,DF,27.0,4,4,360.0,4.0,0,1,1,0,0.1,0.2,0.1,0.2,1,1,100.0,6.3,0.0,0.0,0.0,0.25,0.025,0.05,0.025,0.25,0.25,0.25,6,1,1.5,0.25,1.5,0.25,2,2,15,1,0,6,3,4,11,5,1,1.5,1.0,1,0,4,2,293,174,857,493,1,1,100.0,2,0,0.6905115511551155
345,Destiny Udogie,2025/26,2026/27,28,DF,22.0,2,0,40.0,0.4,0,0,0,0,0.0,0.0,0.0,0.1,1,0,0.0,11.7,0.0,,0.0,0.0,0.0,0.0,0.0,0.0,2.5,0.0,2,0,4.5,0.0,5.0,0.0,1,3,7,1,8,2,2,0,1,0,0,5.0,0.0,0,0,1,3,51,21,99,58,2,0,0.0,1,1,0.38968646864686474
346,Djed Spence,2025/26,2026/27,28,DF,25.0,4,4,340.0,3.8,0,0,0,0,0.2,0.0,0.2,0.2,2,1,50.0,17.3,0.0,0.0,0.0,0.0,0.052631578947368425,0.0,0.052631578947368425,0.0,0.5263157894736842,0.2631578947368421,4,0,1.06,0.0,1.0526315789473684,0.0,1,2,20,15,21,2,1,0,11,4,0,0.5263157894736842,0.0,2,0,5,2,255,143,1050,630,15,5,33.3,3,6,0.6283828382838285
347,Dominic Solanke,2025/26,2026/27,28,FW,28.0,2,0,33.0,0.4,0,0,0,0,0.2,0.0,0.2,0.2,2,1,50.0,15.0,0.0,0.0,0.0,0.0,0.5,0.0,0.5,0.0,5.0,2.5,1,0,2.81,0.0,2.5,0.0,0,0,0,0,2,1,1,1,1,1,0,2.5,2.5,0,0,0,1,11,5,15,1,0,0,,2,0,0.3295379537953796
348,Guglielmo Vicario,2025/26,2026/27,28,GK,28.0,4,4,360.0,4.0,0,0,0,0,0.0,0.0,0.0,0.0,0,0,,,,,0.0,0.0,0.0,0.0,0.0,0.0,0.0,0.0,1,0,0.25,0.0,0.25,0.0,0,0,0,0,0,0,0,0,1,1,1,0.0,0.0,0,0,0,1,212,123,544,281,0,0,,0,0,0.2807755775577558
349,João Palhinha,2025/26,2026/27,28,MF,30.0,4,3,243.0,2.7,1,0,1,1,0.4,0.0,0.4,0.4,4,1,25.0,11.1,0.25,1.0,0.37037037037037035,0.0,0.14814814814814814,0.0,0.14814814814814814,0.37037037037037035,1.4814814814814814,0.37037037037037035,3,2,1.11,0.74,1.111111111111111,0.7407407407407407,0,1,7,1,3,12,6,0,4,1,0,4.444444444444444,0.0,0,0,3,3,171,72,333,134,4,1,25.0,3,1,0.6210396039603961
350,Kevin Danso,2025/26,2026/27,28,DF,26.0,2,0,12.0,0.1,0,0,0,0,0.0,0.0,0.0,0.0,0,0,,,,,0.0,0.0,0.0,0.0,0.0,0.0,0.0,0.0,0,0,0.0,0.0,0.0,0.0,0,0,2,0,0,0,0,0,2,0,0,0.0,0.0,0,0,0,0,24,16,100,61,0,0,,0,0,0.24785478547854786
351,Lucas Bergvall,2025/26,2026/27,28,MF,19.0,4,2,200.0,2.2,1,1,2,1,0.3,0.3,0.3,0.5,3,3,100.0,11.0,0.33,0.33,0.45454545454545453,0.45454545454545453,0.13636363636363635,0.13636363636363635,0.13636363636363635,0.9090909090909091,1.3636363636363635,1.3636363636363635,9,1,4.05,0.45,4.090909090909091,0.45454545454545453,2,1,10,6,10,5,4,0,4,0,0,2.2727272727272725,0.0,0,0,5,0,96,55,408,209,5,5,100.0,2,3,0.7504950495049504
352,Mathys Tel,2025/26,2026/27,28,FW,20.0,3,1,99.0,1.1,0,0,0,0,0.1,0.0,0.1,0.1,2,0,0.0,22.9,0.0,,0.0,0.0,0.09090909090909091,0.0,0.09090909090909091,0.0,1.8181818181818181,0.0,2,1,1.82,0.91,1.8181818181818181,0.9090909090909091,0,0,3,2,7,3,0,0,0,1,0,2.727272727272727,0.0,0,0,2,1,34,22,178,55,2,1,50.0,3,0,0.4201320132013201
353,Micky van de Ven,2025/26,2026/27,28,DF,24.0,4,4,349.0,3.9,1,0,1,1,0.7,0.1,0.7,0.7,3,1,33.3,6.8,0.33,1.0,0.25641025641025644,0.0,0.1794871794871795,0.025641025641025644,0.1794871794871795,0.25641025641025644,0.7692307692307693,0.25641025641025644,3,0,0.77,0.0,0.7692307692307693,0.0,1,0,6,4,0,3,3,3,16,5,0,0.7692307692307693,0.7692307692307693,1,0,4,2,296,158,815,363,4,1,25.0,2,0,0.6440594059405941
354,Mohammed Kudus,2025/26,2026/27,28,FW,25.0,4,4,349.0,3.9,0,2,2,0,0.5,1.1,0.5,1.6,6,1,16.7,17.7,0.0,0.0,0.0,0.5128205128205129,0.12820512820512822,0.2820512820512821,0.12820512820512822,0.5128205128205129,1.5384615384615385,0.25641025641025644,16,3,4.13,0.77,4.102564102564103,0.7692307692307693,9,5,6,10,25,8,5,0,0,2,0,2.0512820512820515,0.0,0,0,3,6,167,91,712,241,30,13,43.3,16,7,0.7672442244224421
355,Pape Matar Sarr,2025/26,2026/27,28,MF,23.0,4,4,345.0,3.8,1,1,2,1,0.3,0.4,0.3,0.8,3,2,66.7,6.2,0.33,0.5,0.2631578947368421,0.2631578947368421,0.07894736842105263,0.10526315789473685,0.07894736842105263,0.5263157894736842,0.7894736842105263,0.5263157894736842,6,4,1.57,1.04,1.5789473684210527,1.0526315789473684,1,0,12,3,14,4,3,2,8,3,0,1.0526315789473684,0.5263157894736842,0,0,10,4,185,90,549,237,7,3,42.9,6,5,0.7926567656765677
356,Pedro Porro,2025/26,2026/27,28,DF,26.0,4,4,340.0,3.8,0,0,0,0,0.1,0.6,0.1,0.7,4,0,0.0,25.0,0.0,,0.0,0.0,0.026315789473684213,0.15789473684210525,0.026315789473684213,0.0,1.0526315789473684,0.0,10,0,2.65,0.0,2.6315789473684212,0.0,7,7,15,10,7,8,5,2,22,2,1,2.1052631578947367,0.5263157894736842,1,0,6,2,265,125,695,392,4,2,50.0,5,0,0.7375412541254126
357,Richarlison,2025/26,2026/27,28,FW,28.0,4,3,257.0,2.9,2,1,3,2,0.8,0.7,0.8,1.6,8,3,37.5,10.0,0.25,0.67,0.6896551724137931,0.3448275862068966,0.27586206896551724,0.24137931034482757,0.27586206896551724,1.0344827586206897,2.7586206896551726,1.0344827586206897,6,2,2.09,0.7,2.0689655172413794,0.6896551724137931,3,1,5,2,4,2,2,1,7,3,0,0.6896551724137931,0.3448275862068966,1,0,3,3,78,37,116,66,4,2,50.0,11,2,0.7002475247524754
358,Rodrigo Bentancur,2025/26,2026/27,28,MF,28.0,3,2,200.0,2.2,0,0,0,0,0.0,0.0,0.0,0.0,0,0,,,,,0.0,0.0,0.0,0.0,0.0,0.0,0.0,0.0,3,0,1.35,0.0,1.3636363636363635,0.0,1,1,10,2,3,4,3,1,3,3,0,1.8181818181818181,0.45454545454545453,0,0,0,0,135,56,342,141,3,2,66.7,2,0,0.5150165016501649
359,Wilson Odobert,2025/26,2026/27,28,FW,20.0,4,0,73.0,0.8,0,0,0,0,0.3,0.1,0.3,0.4,3,1,33.3,13.8,0.0,0.0,0.0,0.0,0.37499999999999994,0.125,0.37499999999999994,0.0,3.75,1.25,3,0,3.7,0.0,3.75,0.0,1,3,5,2,9,1,1,0,1,0,0,1.25,0.0,0,0,0,0,44,27,174,97,6,3,50.0,3,0,0.4857260726072608
360,Xavi Simons,2025/26,2026/27,28,FW,22.0,1,1,70.0,0.8,0,1,1,0,0.0,0.1,0.0,0.2,1,0,0.0,24.6,0.0,,0.0,1.25,0.0,0.125,0.0,1.25,1.25,0.0,1,1,1.29,1.29,1.25,1.25,1,0,4,6,6,1,1,0,0,2,0,1.25,0.0,0,0,0,1,48,26,254,169,1,1,100.0,2,0,0.47062706270627064
361,Aaron Wan-Bissaka,2025/26,2026/27,31,DF,27.0,2,2,180.0,2.0,0,0,0,0,0.0,0.1,0.0,0.1,0,0,,,,,0.0,0.0,0.0,0.05,0.0,0.0,0.0,0.0,5,0,2.5,0.0,2.5,0.0,2,4,6,5,14,1,1,1,6,3,0,0.5,0.5,0,0,0,2,139,81,404,204,6,3,50.0,3,0,0.5636963696369636
362,Andy Irving,2025/26,2026/27,31,MF,25.0,3,0,26.0,0.3,0,0,0,0,0.0,0.0,0.0,0.0,0,0,,,,,0.0,0.0,0.0,0.0,0.0,0.0,0.0,0.0,1,0,3.46,0.0,3.3333333333333335,0.0,1,0,4,0,0,3,2,0,1,1,0,10.0,0.0,0,0,0,0,28,9,35,14,0,0,,0,0,0.31534653465346535
363,Callum Wilson,2025/26,2026/27,31,FW,33.0,4,0,115.0,1.3,1,0,1,1,1.1,0.0,1.1,1.1,6,4,66.7,12.0,0.17,0.25,0.7692307692307692,0.0,0.8461538461538461,0.0,0.8461538461538461,0.7692307692307692,4.615384615384615,3.0769230769230766,5,0,3.91,0.0,3.846153846153846,0.0,1,0,1,1,5,0,0,1,0,0,0,0.0,0.7692307692307692,0,0,2,3,34,21,100,26,7,4,57.1,4,2,0.45561056105610553
364,Crysencio Summerville,2025/26,2026/27,31,FW,23.0,2,1,69.0,0.8,0,1,1,0,0.0,0.1,0.0,0.1,0,0,,,,,0.0,1.25,0.0,0.125,0.0,1.25,0.0,0.0,5,3,6.52,3.91,6.25,3.75,1,0,3,2,6,2,1,0,3,1,0,2.5,0.0,0,0,0,3,28,17,155,86,5,2,40.0,0,0,0.532013201320132
365,El Hadji Malick Diouf,2025/26,2026/27,31,DF,20.0,4,4,360.0,4.0,0,2,2,0,0.2,0.5,0.2,0.7,4,1,25.0,23.3,0.0,0.0,0.0,0.5,0.05,0.125,0.05,0.5,1.0,0.25,5,2,1.25,0.5,1.25,0.5,4,5,7,6,19,4,2,0,19,2,1,1.0,0.0,0,0,3,2,195,80,393,193,9,2,22.2,7,3,0.7198019801980197
366,Freddie Potts,2025/26,2026/27,31,MF,22.0,1,0,45.0,0.5,0,0,0,0,0.0,0.0,0.0,0.0,0,0,,,,,0.0,0.0,0.0,0.0,0.0,0.0,0.0,0.0,0,0,0.0,0.0,0.0,0.0,0,0,0,0,0,1,0,0,1,0,0,2.0,0.0,0,0,0,0,35,21,95,38,1,0,0.0,0,2,0.24034653465346534
367,Guido Rodríguez,2025/26,2026/27,31,MF,31.0,1,1,70.0,0.8,0,0,0,0,0.0,0.0,0.0,0.0,1,0,0.0,23.7,0.0,,0.0,0.0,0.0,0.0,0.0,0.0,1.25,0.0,1,0,1.29,0.0,1.25,0.0,0,1,4,0,3,0,0,0,1,3,0,0.0,0.0,0,0,0,0,42,14,50,5,0,0,,0,0,0.2811056105610561
368,James Ward-Prowse,2025/26,2026/27,31,MF,30.0,4,4,323.0,3.6,0,0,0,0,0.1,0.7,0.1,0.8,1,0,0.0,23.1,0.0,,0.0,0.0,0.02777777777777778,0.19444444444444442,0.02777777777777778,0.0,0.2777777777777778,0.0,16,0,4.46,0.0,4.444444444444445,0.0,10,3,11,1,6,3,1,4,2,5,0,0.8333333333333333,1.1111111111111112,0,0,1,2,185,77,406,143,2,0,0.0,2,0,0.5737623762376238
369,Jarrod Bowen,2025/26,2026/27,31,FW,28.0,4,4,360.0,4.0,1,0,1,1,0.5,0.8,0.5,1.3,10,5,50.0,18.1,0.1,0.2,0.25,0.0,0.125,0.2,0.125,0.25,2.5,1.25,15,0,3.75,0.0,3.75,0.0,3,4,8,14,32,5,2,2,4,1,0,1.25,0.5,0,0,1,8,157,91,699,340,19,7,36.8,14,6,0.7613861386138614
370,Jean-Clair Todibo,2025/26,2026/27,31,DF,25.0,2,2,126.0,1.4,0,0,0,0,0.0,0.0,0.0,0.0,0,0,,,,,0.0,0.0,0.0,0.0,0.0,0.0,0.0,0.0,1,0,0.71,0.0,0.7142857142857143,0.0,0,0,7,2,1,3,1,3,6,1,0,2.142857142857143,2.142857142857143,0,0,0,1,102,61,412,262,1,0,0.0,1,0,0.4471122112211221
371,Konstantinos Mavropanos,2025/26,2026/27,31,DF,27.0,2,2,180.0,2.0,0,0,0,0,0.1,0.0,0.1,0.1,1,0,0.0,9.6,0.0,,0.0,0.0,0.05,0.0,0.05,0.0,0.5,0.0,0,0,0.0,0.0,0.0,0.0,0,0,7,1,0,0,0,3,13,1,0,0.0,1.5,0,0,2,0,119,77,552,379,0,0,,0,0,0.4023927392739274
372,Kyle Walker-Peters,2025/26,2026/27,31,DF,28.0,3,2,201.0,2.2,0,0,0,0,0.0,0.0,0.0,0.1,1,0,0.0,7.8,0.0,,0.0,0.0,0.0,0.0,0.0,0.0,0.45454545454545453,0.0,3,0,1.34,0.0,1.3636363636363635,0.0,1,0,5,4,7,5,5,0,8,4,0,2.2727272727272725,0.0,0,0,0,4,126,69,341,161,6,3,50.0,0,5,0.5476072607260727
373,Lucas Paquetá,2025/26,2026/27,31,MF,28.0,4,4,337.0,3.7,2,0,2,1,1.4,0.1,0.6,0.8,5,3,60.0,19.8,0.2,0.33,0.5405405405405405,0.0,0.37837837837837834,0.02702702702702703,0.16216216216216214,0.5405405405405405,1.3513513513513513,0.8108108108108107,8,0,2.14,0.0,2.162162162162162,0.0,4,4,26,2,13,8,5,0,6,6,0,2.162162162162162,0.0,0,0,6,6,249,127,567,224,14,3,21.4,5,4,0.7309405940594058
374,Luis Guilherme,2025/26,2026/27,31,FW,19.0,1,0,30.0,0.3,0,0,0,0,0.0,0.0,0.0,0.0,0,0,,,,,0.0,0.0,0.0,0.0,0.0,0.0,0.0,0.0,0,0,0.0,0.0,0.0,0.0,0,0,0,0,1,0,0,0,1,0,0,0.0,0.0,0,0,0,0,7,5,16,7,0,0,,1,1,0.2292079207920792
375,Mads Hermansen,2025/26,2026/27,31,GK,25.0,4,4,360.0,4.0,0,0,0,0,0.0,0.0,0.0,0.0,0,0,,,,,0.0,0.0,0.0,0.0,0.0,0.0,0.0,0.0,0,0,0.0,0.0,0.0,0.0,0,0,0,0,0,0,0,0,3,0,1,0.0,0.0,0,0,0,0,163,110,565,258,0,0,,0,0,0.28325082508250826
376,Mateus Fernandes,2025/26,2026/27,31,FW,21.0,2,2,141.0,1.6,0,0,0,0,0.0,0.5,0.0,0.5,0,0,,,,,0.0,0.0,0.0,0.3125,0.0,0.0,0.0,0.0,4,0,2.55,0.0,2.5,0.0,4,2,7,3,2,5,4,1,0,1,0,3.125,0.625,0,0,3,3,60,36,163,66,1,0,0.0,2,1,0.49290429042904293
377,Max Kilman,2025/26,2026/27,31,DF,28.0,4,4,360.0,4.0,0,0,0,0,0.4,0.0,0.4,0.4,2,0,0.0,4.5,0.0,,0.0,0.0,0.1,0.0,0.1,0.0,0.5,0.0,3,0,0.75,0.0,0.75,0.0,1,1,10,0,1,4,3,3,25,2,0,1.0,0.75,1,0,5,0,229,131,859,553,2,1,50.0,1,0,0.5748349834983499
378,Nayef Aguerd,2025/26,2026/27,31,DF,29.0,2,2,180.0,2.0,0,0,0,0,0.1,0.0,0.1,0.1,2,0,0.0,9.9,0.0,,0.0,0.0,0.05,0.0,0.05,0.0,1.0,0.0,2,0,1.0,0.0,1.0,0.0,0,0,9,2,0,1,0,1,11,4,0,0.5,0.5,0,0,0,1,143,71,405,222,1,1,100.0,1,0,0.4531353135313531
379,Niclas Füllkrug,2025/26,2026/27,31,FW,32.0,3,3,198.0,2.2,0,0,0,0,0.3,0.2,0.3,0.5,5,2,40.0,10.0,0.0,0.0,0.0,0.0,0.13636363636363635,0.09090909090909091,0.13636363636363635,0.0,2.2727272727272725,0.9090909090909091,2,0,0.91,0.0,0.9090909090909091,0.0,2,2,2,0,6,1,0,0,1,1,0,0.45454545454545453,0.0,0,0,5,0,65,31,83,21,0,0,,5,6,0.383003300330033
380,Soungoutou Magassa,2025/26,2026/27,31,MF,21.0,1,0,30.0,0.3,0,0,0,0,0.0,0.0,0.0,0.0,0,0,,,,,0.0,0.0,0.0,0.0,0.0,0.0,0.0,0.0,0,0,0.0,0.0,0.0,0.0,0,0,0,0,1,2,2,0,0,2,0,6.666666666666667,0.0,0,0,0,0,19,8,39,8,1,0,0.0,0,0,0.2700495049504951
381,Tomáš Souček,2025/26,2026/27,31,MF,30.0,4,3,232.0,2.6,0,0,0,0,0.2,0.0,0.2,0.2,4,3,75.0,12.7,0.0,0.0,0.0,0.0,0.07692307692307693,0.0,0.07692307692307693,0.0,1.5384615384615383,1.1538461538461537,1,1,0.39,0.39,0.3846153846153846,0.3846153846153846,0,0,4,1,2,4,2,3,13,2,0,1.5384615384615383,1.1538461538461537,0,1,3,1,127,52,166,73,3,0,0.0,3,0,0.517821782178218
382,André,2025/26,2026/27,32,MF,24.0,4,3,244.0,2.7,0,0,0,0,0.0,0.0,0.0,0.0,0,0,,,,,0.0,0.0,0.0,0.0,0.0,0.0,0.0,0.0,2,0,0.74,0.0,0.7407407407407407,0.0,0,0,10,1,2,8,4,3,2,4,2,2.962962962962963,1.111111111111111,1,0,4,6,129,67,318,128,3,2,66.7,2,4,0.5298679867986799
383,David Møller Wolfe,2025/26,2026/27,32,MF,23.0,3,2,131.0,1.5,0,1,1,0,0.0,0.3,0.0,0.3,0,0,,,,,0.0,0.6666666666666666,0.0,0.19999999999999998,0.0,0.6666666666666666,0.0,0.0,2,1,1.36,0.68,1.3333333333333333,0.6666666666666666,1,1,2,3,7,2,2,0,4,0,0,1.3333333333333333,0.0,0,0,0,1,59,21,120,57,1,1,100.0,1,1,0.5265676567656766
384,Emmanuel Agbadou,2025/26,2026/27,32,DF,28.0,4,4,360.0,4.0,0,0,0,0,0.2,0.0,0.2,0.3,3,0,0.0,21.3,0.0,,0.0,0.0,0.05,0.0,0.05,0.0,0.75,0.0,3,0,0.75,0.0,0.75,0.0,1,2,11,1,1,6,4,4,23,10,1,1.5,1.0,0,0,3,1,281,162,805,351,0,0,,5,1,0.5857260726072607
385,Fer López,2025/26,2026/27,32,MF,21.0,3,0,60.0,0.7,0,0,0,0,0.1,0.0,0.1,0.2,3,1,33.3,19.2,0.0,0.0,0.0,0.0,0.14285714285714288,0.0,0.14285714285714288,0.0,4.285714285714286,1.4285714285714286,3,0,4.5,0.0,4.285714285714286,0.0,1,4,8,4,4,0,0,0,0,1,0,0.0,0.0,0,0,2,0,43,25,191,116,2,1,50.0,2,0,0.3924092409240924
386,Hugo Bueno,2025/26,2026/27,32,MF,22.0,4,2,229.0,2.5,0,0,0,0,0.1,0.3,0.1,0.4,1,0,0.0,19.5,0.0,,0.0,0.0,0.04,0.12,0.04,0.0,0.4,0.0,6,0,2.37,0.0,2.4,0.0,5,5,4,11,15,12,7,5,8,2,0,4.8,2.0,1,0,4,1,170,77,537,268,12,4,33.3,10,2,0.7215346534653464
387,Hwang Hee-chan,2025/26,2026/27,32,FW,29.0,4,2,173.0,1.9,1,0,1,1,0.6,0.0,0.6,0.6,3,2,66.7,11.8,0.33,0.5,0.5263157894736842,0.0,0.3157894736842105,0.0,0.3157894736842105,0.5263157894736842,1.5789473684210527,1.0526315789473684,3,0,1.56,0.0,1.5789473684210527,0.0,1,0,0,1,5,1,0,1,1,1,0,0.5263157894736842,0.5263157894736842,0,0,2,1,56,21,93,17,2,0,0.0,4,0,0.4111386138613861
388,Jackson Tchatchoua,2025/26,2026/27,32,MF,24.0,3,1,133.0,1.5,0,0,0,0,0.0,0.0,0.0,0.0,0,0,,,,,0.0,0.0,0.0,0.0,0.0,0.0,0.0,0.0,2,0,1.36,0.0,1.3333333333333333,0.0,1,2,1,0,14,1,0,2,3,3,0,0.6666666666666666,1.3333333333333333,0,0,0,0,88,43,130,36,1,0,0.0,4,0,0.38160066006600657
389,Jean-Ricner Bellegarde,2025/26,2026/27,32,FW,27.0,4,2,169.0,1.9,0,0,0,0,0.1,0.1,0.1,0.3,5,1,20.0,25.2,0.0,0.0,0.0,0.0,0.052631578947368425,0.052631578947368425,0.052631578947368425,0.0,2.6315789473684212,0.5263157894736842,5,0,2.66,0.0,2.6315789473684212,0.0,2,5,13,4,3,4,3,1,3,2,1,2.1052631578947367,0.5263157894736842,0,0,2,5,94,53,343,166,3,0,0.0,4,3,0.5525577557755775
390,Jhon Arias,2025/26,2026/27,32,FW,27.0,4,2,161.0,1.8,0,0,0,0,0.2,0.1,0.2,0.3,3,1,33.3,17.2,0.0,0.0,0.0,0.0,0.11111111111111112,0.05555555555555556,0.11111111111111112,0.0,1.6666666666666665,0.5555555555555556,5,0,2.8,0.0,2.7777777777777777,0.0,1,2,6,3,4,10,5,2,1,2,0,5.555555555555555,1.1111111111111112,0,0,4,0,72,30,212,96,2,1,50.0,5,3,0.5788778877887789
391,José Sá,2025/26,2026/27,32,GK,32.0,3,3,270.0,3.0,0,0,0,0,0.0,0.1,0.0,0.1,0,0,,,,,0.0,0.0,0.0,0.03333333333333333,0.0,0.0,0.0,0.0,3,0,1.0,0.0,1.0,0.0,1,1,0,0,0,0,0,0,1,0,0,0.0,0.0,0,0,0,0,104,69,355,236,0,0,,0,0,0.3048679867986799
392,João Gomes,2025/26,2026/27,32,MF,24.0,4,4,360.0,4.0,0,0,0,0,0.0,0.1,0.0,0.2,1,0,0.0,35.8,0.0,,0.0,0.0,0.0,0.025,0.0,0.0,0.25,0.0,9,0,2.25,0.0,2.25,0.0,3,6,21,2,4,10,8,4,9,5,0,2.5,1.0,2,0,11,10,236,126,709,269,5,4,80.0,8,3,0.6886963696369637
393,Jørgen Strand Larsen,2025/26,2026/27,32,FW,25.0,2,2,158.0,1.8,0,0,0,0,0.5,0.0,0.5,0.5,5,3,60.0,12.9,0.0,0.0,0.0,0.0,0.2777777777777778,0.0,0.2777777777777778,0.0,2.7777777777777777,1.6666666666666665,0,0,0.0,0.0,0.0,0.0,0,0,1,0,9,1,1,0,3,2,0,0.5555555555555556,0.0,0,0,5,1,54,35,119,36,1,1,100.0,4,4,0.39966996699669965
394,Ki-Jana Hoever,2025/26,2026/27,32,MF,23.0,2,2,106.0,1.2,0,0,0,0,0.0,0.2,0.0,0.2,0,0,,,,,0.0,0.0,0.0,0.16666666666666669,0.0,0.0,0.0,0.0,2,0,1.7,0.0,1.6666666666666667,0.0,2,3,2,1,9,2,2,1,7,0,0,1.6666666666666667,0.8333333333333334,0,0,0,0,59,29,95,27,1,0,0.0,1,2,0.45833333333333337
395,Ladislav Krejčí,2025/26,2026/27,32,MF,26.0,1,1,90.0,1.0,0,0,0,0,0.0,0.1,0.0,0.1,0,0,,,,,0.0,0.0,0.0,0.1,0.0,0.0,0.0,0.0,1,0,1.0,0.0,1.0,0.0,1,0,2,0,0,1,1,0,3,2,0,1.0,0.0,1,0,2,2,39,18,49,17,0,0,,0,0,0.3221947194719472
396,Marshall Munetsi,2025/26,2026/27,32,FW,29.0,4,3,295.0,3.3,0,1,1,0,0.1,0.4,0.1,0.6,3,0,0.0,14.3,0.0,,0.0,0.30303030303030304,0.030303030303030307,0.12121212121212123,0.030303030303030307,0.30303030303030304,0.9090909090909092,0.0,5,2,1.53,0.61,1.5151515151515151,0.6060606060606061,2,2,6,2,7,5,3,0,3,2,0,1.5151515151515151,0.0,1,0,6,2,84,40,196,99,3,3,100.0,3,4,0.6415016501650165
397,Matt Doherty,2025/26,2026/27,32,DF,33.0,2,2,180.0,2.0,0,0,0,0,0.0,0.0,0.0,0.0,0,0,,,,,0.0,0.0,0.0,0.0,0.0,0.0,0.0,0.0,2,0,1.0,0.0,1.0,0.0,0,0,5,0,0,6,3,2,6,2,0,3.0,1.0,2,0,6,2,104,46,141,55,0,0,,1,1,0.4363861386138614
398,Rodrigo Gomes,2025/26,2026/27,32,DF,22.0,3,1,121.0,1.3,1,0,1,1,0.6,0.0,0.6,0.6,6,2,33.3,14.8,0.17,0.5,0.7692307692307692,0.0,0.4615384615384615,0.0,0.4615384615384615,0.7692307692307692,4.615384615384615,1.5384615384615383,4,0,2.95,0.0,3.0769230769230766,0.0,0,0,1,2,10,4,3,2,4,1,0,3.0769230769230766,1.5384615384615383,0,0,2,0,65,32,171,79,4,2,50.0,5,1,0.5841584158415841
399,Sam Johnstone,2025/26,2026/27,32,GK,32.0,1,1,90.0,1.0,0,0,0,0,0.0,0.0,0.0,0.0,0,0,,,,,0.0,0.0,0.0,0.0,0.0,0.0,0.0,0.0,0,0,0.0,0.0,0.0,0.0,0,0,0,0,0,0,0,0,4,0,0,0.0,0.0,0,0,0,0,52,32,212,127,0,0,,0,0,0.2563531353135314
400,Santiago Bueno,2025/26,2026/27,32,DF,26.0,2,1,125.0,1.4,0,0,0,0,0.0,0.0,0.0,0.0,0,0,,,,,0.0,0.0,0.0,0.0,0.0,0.0,0.0,0.0,3,1,2.16,0.72,2.142857142857143,0.7142857142857143,1,1,4,0,1,4,2,4,5,2,0,2.857142857142857,2.857142857142857,0,0,3,1,92,41,162,44,0,0,,0,1,0.4718646864686468
401,Sasa Kalajdzic,2025/26,2026/27,32,FW,28.0,1,0,15.0,0.2,0,0,0,0,0.0,0.0,0.0,0.0,0,0,,,,,0.0,0.0,0.0,0.0,0.0,0.0,0.0,0.0,0,0,0.0,0.0,0.0,0.0,0,0,0,0,2,0,0,1,0,0,0,0.0,5.0,0,0,0,0,10,3,6,0,1,0,0.0,0,1,0.24174917491749173
402,Tolu Arokodare,2025/26,2026/27,32,FW,24.0,1,1,65.0,0.7,0,0,0,0,0.0,0.0,0.0,0.0,0,0,,,,,0.0,0.0,0.0,0.0,0.0,0.0,0.0,0.0,0,0,0.0,0.0,0.0,0.0,0,0,0,1,3,0,0,1,3,0,0,0.0,1.4285714285714286,0,0,2,2,18,8,50,15,0,0,,3,1,0.2946369636963696
403,Toti Gomes,2025/26,2026/27,32,DF,26.0,4,4,318.0,3.5,0,0,0,0,0.0,0.0,0.0,0.1,2,1,50.0,8.8,0.0,0.0,0.0,0.0,0.0,0.0,0.0,0.0,0.5714285714285714,0.2857142857142857,2,0,0.57,0.0,0.5714285714285714,0.0,2,0,6,3,1,7,4,3,15,1,0,2.0,0.8571428571428571,1,1,3,2,274,168,773,379,4,2,50.0,3,2,0.5806930693069307
404,Yerson Mosquera,2025/26,2026/27,32,DF,24.0,1,1,65.0,0.7,0,0,0,0,0.0,0.0,0.0,0.0,0,0,,,,,0.0,0.0,0.0,0.0,0.0,0.0,0.0,0.0,0,0,0.0,0.0,0.0,0.0,0,0,0,1,0,1,0,3,1,2,0,1.4285714285714286,4.285714285714286,0,0,0,1,28,19,87,38,2,0,0.0,0,0,0.2929042904290429
